[2025-12-04 12:46:51] Log file created: /home/operation/reps/FEM-Graph-Partitioning-Toolkit-Multilevel-METIS-/results/sweeps/sweep_20251204_124651.log
[2025-12-04 12:46:51] Loading matrix...
[2025-12-04 12:46:51] Loaded: K | shape=(960, 960), nnz=30282
[2025-12-04 12:46:51] Graph: |V|=960, |E|=14661
================================================================================
[2025-12-04 12:46:51] Starting parameter sweep: 240 configs × 3 trials = 720 total runs
[2025-12-04 12:46:51] Sweep ID: 20251204_124651
[2025-12-04 12:46:51] Output directory: /home/operation/reps/FEM-Graph-Partitioning-Toolkit-Multilevel-METIS-/results/sweeps
[2025-12-04 12:46:51] Target partitions: 32
================================================================================
[2025-12-04 12:46:51] 
Parameter grid:
  coarsen_limit: [200, 300, 400, 500, 600, 700, 800, 900]
  balance_weight: [0.1, 0.6, 1.1, 1.6, 2.1, 2.6]
  num_reads: [50, 150, 250, 350, 450]
[2025-12-04 12:46:51] 

================================================================================
[2025-12-04 12:46:51] [1/240] Testing configuration:
  k_target: 32
  coarsen_limit: 200
  balance_weight: 0.1
  num_reads: 50
================================================================================
[2025-12-04 12:46:51]   Trial 1/3: ✓ cut=38766.54, balance=0.9156, time=0.48s
[2025-12-04 12:46:52]   Trial 2/3: ✓ cut=39425.23, balance=0.9207, time=0.49s
[2025-12-04 12:46:52]   Trial 3/3: ✓ cut=39083.61, balance=0.9382, time=0.48s
[2025-12-04 12:46:52] 
  Running METIS baseline...
[2025-12-04 12:46:53]   METIS baseline: cut=32314.17, balance=0.6074, time=0.07s
[2025-12-04 12:46:53]   METIS weights: min=800.76, max=1318.27, avg=1085.35, std=98.47
[2025-12-04 12:46:53]   → Quantum vs METIS: cut improvement = -20.97%
[2025-12-04 12:46:53] 
  → Aggregate: cut=39091.79±268.97, balance=0.9248, time=0.48±0.01s

================================================================================
[2025-12-04 12:46:53] [2/240] Testing configuration:
  k_target: 32
  coarsen_limit: 200
  balance_weight: 0.1
  num_reads: 150
================================================================================
[2025-12-04 12:46:54]   Trial 1/3: ✓ cut=38612.50, balance=0.9424, time=1.10s
[2025-12-04 12:46:55]   Trial 2/3: ✓ cut=38004.62, balance=0.8981, time=1.11s
[2025-12-04 12:46:56]   Trial 3/3: ✓ cut=37909.20, balance=0.9357, time=1.10s
[2025-12-04 12:46:56] 
  Running METIS baseline...
[2025-12-04 12:46:56]   METIS baseline: cut=32314.17, balance=0.6074, time=0.05s
[2025-12-04 12:46:56]   METIS weights: min=800.76, max=1318.27, avg=1085.35, std=98.47
[2025-12-04 12:46:56]   → Quantum vs METIS: cut improvement = -18.14%
[2025-12-04 12:46:56] 
  → Aggregate: cut=38175.44±311.49, balance=0.9254, time=1.11±0.01s

================================================================================
[2025-12-04 12:46:56] [3/240] Testing configuration:
  k_target: 32
  coarsen_limit: 200
  balance_weight: 0.1
  num_reads: 250
================================================================================
[2025-12-04 12:46:58]   Trial 1/3: ✓ cut=38022.30, balance=0.8898, time=1.73s
[2025-12-04 12:46:59]   Trial 2/3: ✓ cut=37987.82, balance=0.9115, time=1.74s
[2025-12-04 12:47:01]   Trial 3/3: ✓ cut=37282.86, balance=0.9131, time=1.79s
[2025-12-04 12:47:01] 
  Running METIS baseline...
[2025-12-04 12:47:01]   METIS baseline: cut=32314.17, balance=0.6074, time=0.06s
[2025-12-04 12:47:01]   METIS weights: min=800.76, max=1318.27, avg=1085.35, std=98.47
[2025-12-04 12:47:01]   → Quantum vs METIS: cut improvement = -16.87%
[2025-12-04 12:47:01] 
  → Aggregate: cut=37764.33±340.74, balance=0.9048, time=1.75±0.03s

================================================================================
[2025-12-04 12:47:01] [4/240] Testing configuration:
  k_target: 32
  coarsen_limit: 200
  balance_weight: 0.1
  num_reads: 350
================================================================================
[2025-12-04 12:47:04]   Trial 1/3: ✓ cut=37989.19, balance=0.9219, time=2.44s
[2025-12-04 12:47:06]   Trial 2/3: ✓ cut=37601.71, balance=0.8864, time=2.56s
[2025-12-04 12:47:09]   Trial 3/3: ✓ cut=38685.59, balance=0.9266, time=2.52s
[2025-12-04 12:47:09] 
  Running METIS baseline...
[2025-12-04 12:47:09]   METIS baseline: cut=32314.17, balance=0.6074, time=0.06s
[2025-12-04 12:47:09]   METIS weights: min=800.76, max=1318.27, avg=1085.35, std=98.47
[2025-12-04 12:47:09]   → Quantum vs METIS: cut improvement = -17.88%
[2025-12-04 12:47:09] 
  → Aggregate: cut=38092.16±448.44, balance=0.9116, time=2.51±0.05s

================================================================================
[2025-12-04 12:47:09] [5/240] Testing configuration:
  k_target: 32
  coarsen_limit: 200
  balance_weight: 0.1
  num_reads: 450
================================================================================
[2025-12-04 12:47:12]   Trial 1/3: ✓ cut=37917.59, balance=0.9284, time=3.17s
[2025-12-04 12:47:15]   Trial 2/3: ✓ cut=38026.11, balance=0.9551, time=2.99s
[2025-12-04 12:47:18]   Trial 3/3: ✓ cut=36999.52, balance=0.9190, time=2.99s
[2025-12-04 12:47:18] 
  Running METIS baseline...
[2025-12-04 12:47:18]   METIS baseline: cut=32314.17, balance=0.6074, time=0.05s
[2025-12-04 12:47:18]   METIS weights: min=800.76, max=1318.27, avg=1085.35, std=98.47
[2025-12-04 12:47:18]   → Quantum vs METIS: cut improvement = -16.51%
[2025-12-04 12:47:18] 
  → Aggregate: cut=37647.74±460.49, balance=0.9342, time=3.05±0.08s

================================================================================
[2025-12-04 12:47:18] [6/240] Testing configuration:
  k_target: 32
  coarsen_limit: 200
  balance_weight: 0.6
  num_reads: 50
================================================================================
[2025-12-04 12:47:19]   Trial 1/3: ✓ cut=40386.36, balance=0.9590, time=0.46s
[2025-12-04 12:47:19]   Trial 2/3: ✓ cut=40157.99, balance=0.9660, time=0.46s
[2025-12-04 12:47:20]   Trial 3/3: ✓ cut=40326.14, balance=0.8615, time=0.45s
[2025-12-04 12:47:20] 
  Running METIS baseline...
[2025-12-04 12:47:20]   METIS baseline: cut=32314.17, balance=0.6074, time=0.05s
[2025-12-04 12:47:20]   METIS weights: min=800.76, max=1318.27, avg=1085.35, std=98.47
[2025-12-04 12:47:20]   → Quantum vs METIS: cut improvement = -24.68%
[2025-12-04 12:47:20] 
  → Aggregate: cut=40290.16±96.64, balance=0.9288, time=0.46±0.00s

================================================================================
[2025-12-04 12:47:20] [7/240] Testing configuration:
  k_target: 32
  coarsen_limit: 200
  balance_weight: 0.6
  num_reads: 150
================================================================================
[2025-12-04 12:47:21]   Trial 1/3: ✓ cut=40176.70, balance=0.9286, time=1.09s
[2025-12-04 12:47:22]   Trial 2/3: ✓ cut=40625.84, balance=0.9646, time=1.09s
[2025-12-04 12:47:23]   Trial 3/3: ✓ cut=39962.47, balance=0.9406, time=1.09s
[2025-12-04 12:47:23] 
  Running METIS baseline...
[2025-12-04 12:47:23]   METIS baseline: cut=32314.17, balance=0.6074, time=0.05s
[2025-12-04 12:47:23]   METIS weights: min=800.76, max=1318.27, avg=1085.35, std=98.47
[2025-12-04 12:47:23]   → Quantum vs METIS: cut improvement = -24.57%
[2025-12-04 12:47:23] 
  → Aggregate: cut=40255.01±276.42, balance=0.9446, time=1.09±0.00s

================================================================================
[2025-12-04 12:47:23] [8/240] Testing configuration:
  k_target: 32
  coarsen_limit: 200
  balance_weight: 0.6
  num_reads: 250
================================================================================
[2025-12-04 12:47:25]   Trial 1/3: ✓ cut=39424.28, balance=0.8787, time=1.73s
[2025-12-04 12:47:26]   Trial 2/3: ✓ cut=40668.57, balance=0.8870, time=1.73s
[2025-12-04 12:47:28]   Trial 3/3: ✓ cut=40849.58, balance=0.9350, time=1.73s
[2025-12-04 12:47:28] 
  Running METIS baseline...
[2025-12-04 12:47:28]   METIS baseline: cut=32314.17, balance=0.6074, time=0.13s
[2025-12-04 12:47:28]   METIS weights: min=800.76, max=1318.27, avg=1085.35, std=98.47
[2025-12-04 12:47:28]   → Quantum vs METIS: cut improvement = -24.76%
[2025-12-04 12:47:28] 
  → Aggregate: cut=40314.14±633.55, balance=0.9002, time=1.73±0.00s

================================================================================
[2025-12-04 12:47:28] [9/240] Testing configuration:
  k_target: 32
  coarsen_limit: 200
  balance_weight: 0.6
  num_reads: 350
================================================================================
[2025-12-04 12:47:31]   Trial 1/3: ✓ cut=39588.97, balance=0.9093, time=2.34s
[2025-12-04 12:47:33]   Trial 2/3: ✓ cut=39661.46, balance=0.9556, time=2.35s
[2025-12-04 12:47:35]   Trial 3/3: ✓ cut=40224.08, balance=0.9701, time=2.38s
[2025-12-04 12:47:35] 
  Running METIS baseline...
[2025-12-04 12:47:35]   METIS baseline: cut=32314.17, balance=0.6074, time=0.05s
[2025-12-04 12:47:35]   METIS weights: min=800.76, max=1318.27, avg=1085.35, std=98.47
[2025-12-04 12:47:35]   → Quantum vs METIS: cut improvement = -23.24%
[2025-12-04 12:47:35] 
  → Aggregate: cut=39824.83±283.85, balance=0.9450, time=2.36±0.02s

================================================================================
[2025-12-04 12:47:35] [10/240] Testing configuration:
  k_target: 32
  coarsen_limit: 200
  balance_weight: 0.6
  num_reads: 450
================================================================================
[2025-12-04 12:47:38]   Trial 1/3: ✓ cut=39617.99, balance=0.9177, time=3.01s
[2025-12-04 12:47:42]   Trial 2/3: ✓ cut=39877.71, balance=0.9457, time=3.02s
[2025-12-04 12:47:45]   Trial 3/3: ✓ cut=39865.23, balance=0.9330, time=2.98s
[2025-12-04 12:47:45] 
  Running METIS baseline...
[2025-12-04 12:47:45]   METIS baseline: cut=32314.17, balance=0.6074, time=0.05s
[2025-12-04 12:47:45]   METIS weights: min=800.76, max=1318.27, avg=1085.35, std=98.47
[2025-12-04 12:47:45]   → Quantum vs METIS: cut improvement = -23.13%
[2025-12-04 12:47:45] 
  → Aggregate: cut=39786.98±119.60, balance=0.9321, time=3.00±0.02s

================================================================================
[2025-12-04 12:47:45] [11/240] Testing configuration:
  k_target: 32
  coarsen_limit: 200
  balance_weight: 1.1
  num_reads: 50
================================================================================
[2025-12-04 12:47:45]   Trial 1/3: ✓ cut=40935.40, balance=0.9644, time=0.46s
[2025-12-04 12:47:45]   Trial 2/3: ✓ cut=41259.23, balance=0.9634, time=0.46s
[2025-12-04 12:47:46]   Trial 3/3: ✓ cut=41472.13, balance=0.9714, time=0.45s
[2025-12-04 12:47:46] 
  Running METIS baseline...
[2025-12-04 12:47:46]   METIS baseline: cut=32314.17, balance=0.6074, time=0.05s
[2025-12-04 12:47:46]   METIS weights: min=800.76, max=1318.27, avg=1085.35, std=98.47
[2025-12-04 12:47:46]   → Quantum vs METIS: cut improvement = -27.57%
[2025-12-04 12:47:46] 
  → Aggregate: cut=41222.25±220.67, balance=0.9664, time=0.45±0.00s

================================================================================
[2025-12-04 12:47:46] [12/240] Testing configuration:
  k_target: 32
  coarsen_limit: 200
  balance_weight: 1.1
  num_reads: 150
================================================================================
[2025-12-04 12:47:47]   Trial 1/3: ✓ cut=40602.32, balance=0.9285, time=1.09s
[2025-12-04 12:47:48]   Trial 2/3: ✓ cut=41025.73, balance=0.9691, time=1.09s
[2025-12-04 12:47:49]   Trial 3/3: ✓ cut=40811.31, balance=0.9624, time=1.11s
[2025-12-04 12:47:49] 
  Running METIS baseline...
[2025-12-04 12:47:49]   METIS baseline: cut=32314.17, balance=0.6074, time=0.06s
[2025-12-04 12:47:49]   METIS weights: min=800.76, max=1318.27, avg=1085.35, std=98.47
[2025-12-04 12:47:49]   → Quantum vs METIS: cut improvement = -26.30%
[2025-12-04 12:47:49] 
  → Aggregate: cut=40813.12±172.86, balance=0.9533, time=1.10±0.01s

================================================================================
[2025-12-04 12:47:49] [13/240] Testing configuration:
  k_target: 32
  coarsen_limit: 200
  balance_weight: 1.1
  num_reads: 250
================================================================================
[2025-12-04 12:47:51]   Trial 1/3: ✓ cut=40529.73, balance=0.9617, time=1.80s
[2025-12-04 12:47:53]   Trial 2/3: ✓ cut=39856.94, balance=0.9539, time=1.72s
[2025-12-04 12:47:55]   Trial 3/3: ✓ cut=39874.44, balance=0.9765, time=1.73s
[2025-12-04 12:47:55] 
  Running METIS baseline...
[2025-12-04 12:47:55]   METIS baseline: cut=32314.17, balance=0.6074, time=0.05s
[2025-12-04 12:47:55]   METIS weights: min=800.76, max=1318.27, avg=1085.35, std=98.47
[2025-12-04 12:47:55]   → Quantum vs METIS: cut improvement = -24.05%
[2025-12-04 12:47:55] 
  → Aggregate: cut=40087.04±313.12, balance=0.9640, time=1.75±0.04s

================================================================================
[2025-12-04 12:47:55] [14/240] Testing configuration:
  k_target: 32
  coarsen_limit: 200
  balance_weight: 1.1
  num_reads: 350
================================================================================
[2025-12-04 12:47:57]   Trial 1/3: ✓ cut=40724.58, balance=0.9590, time=2.36s
[2025-12-04 12:47:59]   Trial 2/3: ✓ cut=39483.78, balance=0.9466, time=2.38s
[2025-12-04 12:48:02]   Trial 3/3: ✓ cut=40735.36, balance=0.8980, time=2.47s
[2025-12-04 12:48:02] 
  Running METIS baseline...
[2025-12-04 12:48:02]   METIS baseline: cut=32314.17, balance=0.6074, time=0.05s
[2025-12-04 12:48:02]   METIS weights: min=800.76, max=1318.27, avg=1085.35, std=98.47
[2025-12-04 12:48:02]   → Quantum vs METIS: cut improvement = -24.76%
[2025-12-04 12:48:02] 
  → Aggregate: cut=40314.57±587.47, balance=0.9345, time=2.40±0.05s

================================================================================
[2025-12-04 12:48:02] [15/240] Testing configuration:
  k_target: 32
  coarsen_limit: 200
  balance_weight: 1.1
  num_reads: 450
================================================================================
[2025-12-04 12:48:05]   Trial 1/3: ✓ cut=40245.27, balance=0.9502, time=3.10s
[2025-12-04 12:48:08]   Trial 2/3: ✓ cut=39744.34, balance=0.8393, time=3.09s
[2025-12-04 12:48:11]   Trial 3/3: ✓ cut=39626.29, balance=0.9551, time=3.16s
[2025-12-04 12:48:11] 
  Running METIS baseline...
[2025-12-04 12:48:11]   METIS baseline: cut=32314.17, balance=0.6074, time=0.05s
[2025-12-04 12:48:11]   METIS weights: min=800.76, max=1318.27, avg=1085.35, std=98.47
[2025-12-04 12:48:11]   → Quantum vs METIS: cut improvement = -23.39%
[2025-12-04 12:48:11] 
  → Aggregate: cut=39871.97±268.33, balance=0.9149, time=3.12±0.03s

================================================================================
[2025-12-04 12:48:11] [16/240] Testing configuration:
  k_target: 32
  coarsen_limit: 200
  balance_weight: 1.6
  num_reads: 50
================================================================================
[2025-12-04 12:48:12]   Trial 1/3: ✓ cut=41093.61, balance=0.9683, time=0.45s
[2025-12-04 12:48:12]   Trial 2/3: ✓ cut=41032.96, balance=0.8894, time=0.45s
[2025-12-04 12:48:13]   Trial 3/3: ✓ cut=41491.59, balance=0.9356, time=0.45s
[2025-12-04 12:48:13] 
  Running METIS baseline...
[2025-12-04 12:48:13]   METIS baseline: cut=32314.17, balance=0.6074, time=0.05s
[2025-12-04 12:48:13]   METIS weights: min=800.76, max=1318.27, avg=1085.35, std=98.47
[2025-12-04 12:48:13]   → Quantum vs METIS: cut improvement = -27.52%
[2025-12-04 12:48:13] 
  → Aggregate: cut=41206.05±203.42, balance=0.9311, time=0.45±0.00s

================================================================================
[2025-12-04 12:48:13] [17/240] Testing configuration:
  k_target: 32
  coarsen_limit: 200
  balance_weight: 1.6
  num_reads: 150
================================================================================
[2025-12-04 12:48:14]   Trial 1/3: ✓ cut=40946.50, balance=0.9413, time=1.09s
[2025-12-04 12:48:15]   Trial 2/3: ✓ cut=40993.65, balance=0.9608, time=1.17s
[2025-12-04 12:48:16]   Trial 3/3: ✓ cut=40710.06, balance=0.9064, time=1.08s
[2025-12-04 12:48:16] 
  Running METIS baseline...
[2025-12-04 12:48:16]   METIS baseline: cut=32314.17, balance=0.6074, time=0.05s
[2025-12-04 12:48:16]   METIS weights: min=800.76, max=1318.27, avg=1085.35, std=98.47
[2025-12-04 12:48:16]   → Quantum vs METIS: cut improvement = -26.52%
[2025-12-04 12:48:16] 
  → Aggregate: cut=40883.41±124.07, balance=0.9362, time=1.11±0.04s

================================================================================
[2025-12-04 12:48:16] [18/240] Testing configuration:
  k_target: 32
  coarsen_limit: 200
  balance_weight: 1.6
  num_reads: 250
================================================================================
[2025-12-04 12:48:18]   Trial 1/3: ✓ cut=40976.29, balance=0.8753, time=1.69s
[2025-12-04 12:48:20]   Trial 2/3: ✓ cut=40223.11, balance=0.8111, time=1.71s
[2025-12-04 12:48:21]   Trial 3/3: ✓ cut=39738.65, balance=0.9510, time=1.71s
[2025-12-04 12:48:21] 
  Running METIS baseline...
[2025-12-04 12:48:21]   METIS baseline: cut=32314.17, balance=0.6074, time=0.05s
[2025-12-04 12:48:21]   METIS weights: min=800.76, max=1318.27, avg=1085.35, std=98.47
[2025-12-04 12:48:21]   → Quantum vs METIS: cut improvement = -24.75%
[2025-12-04 12:48:21] 
  → Aggregate: cut=40312.68±509.22, balance=0.8791, time=1.70±0.01s

================================================================================
[2025-12-04 12:48:21] [19/240] Testing configuration:
  k_target: 32
  coarsen_limit: 200
  balance_weight: 1.6
  num_reads: 350
================================================================================
[2025-12-04 12:48:24]   Trial 1/3: ✓ cut=40307.01, balance=0.9445, time=2.33s
[2025-12-04 12:48:26]   Trial 2/3: ✓ cut=40410.15, balance=0.9544, time=2.36s
[2025-12-04 12:48:29]   Trial 3/3: ✓ cut=40246.08, balance=0.8814, time=2.34s
[2025-12-04 12:48:29] 
  Running METIS baseline...
[2025-12-04 12:48:29]   METIS baseline: cut=32314.17, balance=0.6074, time=0.05s
[2025-12-04 12:48:29]   METIS weights: min=800.76, max=1318.27, avg=1085.35, std=98.47
[2025-12-04 12:48:29]   → Quantum vs METIS: cut improvement = -24.78%
[2025-12-04 12:48:29] 
  → Aggregate: cut=40321.08±67.71, balance=0.9268, time=2.34±0.01s

================================================================================
[2025-12-04 12:48:29] [20/240] Testing configuration:
  k_target: 32
  coarsen_limit: 200
  balance_weight: 1.6
  num_reads: 450
================================================================================
[2025-12-04 12:48:32]   Trial 1/3: ✓ cut=40247.12, balance=0.9429, time=3.04s
[2025-12-04 12:48:35]   Trial 2/3: ✓ cut=39957.33, balance=0.9323, time=3.00s
[2025-12-04 12:48:38]   Trial 3/3: ✓ cut=40633.95, balance=0.9544, time=3.00s
[2025-12-04 12:48:38] 
  Running METIS baseline...
[2025-12-04 12:48:38]   METIS baseline: cut=32314.17, balance=0.6074, time=0.05s
[2025-12-04 12:48:38]   METIS weights: min=800.76, max=1318.27, avg=1085.35, std=98.47
[2025-12-04 12:48:38]   → Quantum vs METIS: cut improvement = -24.65%
[2025-12-04 12:48:38] 
  → Aggregate: cut=40279.47±277.18, balance=0.9432, time=3.01±0.02s

================================================================================
[2025-12-04 12:48:38] [21/240] Testing configuration:
  k_target: 32
  coarsen_limit: 200
  balance_weight: 2.1
  num_reads: 50
================================================================================
[2025-12-04 12:48:38]   Trial 1/3: ✓ cut=41120.15, balance=0.9501, time=0.44s
[2025-12-04 12:48:39]   Trial 2/3: ✓ cut=41999.70, balance=0.9584, time=0.45s
[2025-12-04 12:48:39]   Trial 3/3: ✓ cut=41633.49, balance=0.9548, time=0.52s
[2025-12-04 12:48:39] 
  Running METIS baseline...
[2025-12-04 12:48:39]   METIS baseline: cut=32314.17, balance=0.6074, time=0.05s
[2025-12-04 12:48:39]   METIS weights: min=800.76, max=1318.27, avg=1085.35, std=98.47
[2025-12-04 12:48:39]   → Quantum vs METIS: cut improvement = -28.69%
[2025-12-04 12:48:39] 
  → Aggregate: cut=41584.45±360.74, balance=0.9544, time=0.47±0.04s

================================================================================
[2025-12-04 12:48:39] [22/240] Testing configuration:
  k_target: 32
  coarsen_limit: 200
  balance_weight: 2.1
  num_reads: 150
================================================================================
[2025-12-04 12:48:40]   Trial 1/3: ✓ cut=41040.25, balance=0.9257, time=1.11s
[2025-12-04 12:48:41]   Trial 2/3: ✓ cut=40214.84, balance=0.9554, time=1.08s
[2025-12-04 12:48:42]   Trial 3/3: ✓ cut=41893.67, balance=0.9748, time=1.08s
[2025-12-04 12:48:42] 
  Running METIS baseline...
[2025-12-04 12:48:43]   METIS baseline: cut=32314.17, balance=0.6074, time=0.05s
[2025-12-04 12:48:43]   METIS weights: min=800.76, max=1318.27, avg=1085.35, std=98.47
[2025-12-04 12:48:43]   → Quantum vs METIS: cut improvement = -27.03%
[2025-12-04 12:48:43] 
  → Aggregate: cut=41049.58±685.41, balance=0.9520, time=1.09±0.01s

================================================================================
[2025-12-04 12:48:43] [23/240] Testing configuration:
  k_target: 32
  coarsen_limit: 200
  balance_weight: 2.1
  num_reads: 250
================================================================================
[2025-12-04 12:48:44]   Trial 1/3: ✓ cut=40300.98, balance=0.9049, time=1.71s
[2025-12-04 12:48:46]   Trial 2/3: ✓ cut=40728.26, balance=0.9017, time=1.72s
[2025-12-04 12:48:48]   Trial 3/3: ✓ cut=40973.38, balance=0.9653, time=1.71s
[2025-12-04 12:48:48] 
  Running METIS baseline...
[2025-12-04 12:48:48]   METIS baseline: cut=32314.17, balance=0.6074, time=0.05s
[2025-12-04 12:48:48]   METIS weights: min=800.76, max=1318.27, avg=1085.35, std=98.47
[2025-12-04 12:48:48]   → Quantum vs METIS: cut improvement = -25.85%
[2025-12-04 12:48:48] 
  → Aggregate: cut=40667.54±277.84, balance=0.9240, time=1.72±0.00s

================================================================================
[2025-12-04 12:48:48] [24/240] Testing configuration:
  k_target: 32
  coarsen_limit: 200
  balance_weight: 2.1
  num_reads: 350
================================================================================
[2025-12-04 12:48:50]   Trial 1/3: ✓ cut=40882.06, balance=0.9669, time=2.37s
[2025-12-04 12:48:53]   Trial 2/3: ✓ cut=40094.98, balance=0.9243, time=2.36s
[2025-12-04 12:48:55]   Trial 3/3: ✓ cut=40000.00, balance=0.9287, time=2.41s
[2025-12-04 12:48:55] 
  Running METIS baseline...
[2025-12-04 12:48:55]   METIS baseline: cut=32314.17, balance=0.6074, time=0.05s
[2025-12-04 12:48:55]   METIS weights: min=800.76, max=1318.27, avg=1085.35, std=98.47
[2025-12-04 12:48:55]   → Quantum vs METIS: cut improvement = -24.79%
[2025-12-04 12:48:55] 
  → Aggregate: cut=40325.68±395.33, balance=0.9399, time=2.38±0.02s

================================================================================
[2025-12-04 12:48:55] [25/240] Testing configuration:
  k_target: 32
  coarsen_limit: 200
  balance_weight: 2.1
  num_reads: 450
================================================================================
[2025-12-04 12:48:58]   Trial 1/3: ✓ cut=40198.76, balance=0.9775, time=3.00s
[2025-12-04 12:49:01]   Trial 2/3: ✓ cut=40758.02, balance=0.9180, time=3.09s
[2025-12-04 12:49:04]   Trial 3/3: ✓ cut=40367.05, balance=0.8972, time=3.26s
[2025-12-04 12:49:04] 
  Running METIS baseline...
[2025-12-04 12:49:04]   METIS baseline: cut=32314.17, balance=0.6074, time=0.06s
[2025-12-04 12:49:04]   METIS weights: min=800.76, max=1318.27, avg=1085.35, std=98.47
[2025-12-04 12:49:04]   → Quantum vs METIS: cut improvement = -25.15%
[2025-12-04 12:49:04] 
  → Aggregate: cut=40441.28±234.27, balance=0.9309, time=3.12±0.11s

================================================================================
[2025-12-04 12:49:04] [26/240] Testing configuration:
  k_target: 32
  coarsen_limit: 200
  balance_weight: 2.6
  num_reads: 50
================================================================================
[2025-12-04 12:49:05]   Trial 1/3: ✓ cut=40946.14, balance=0.9201, time=0.49s
[2025-12-04 12:49:05]   Trial 2/3: ✓ cut=41301.72, balance=0.9486, time=0.49s
[2025-12-04 12:49:06]   Trial 3/3: ✓ cut=41310.91, balance=0.9619, time=0.48s
[2025-12-04 12:49:06] 
  Running METIS baseline...
[2025-12-04 12:49:06]   METIS baseline: cut=32314.17, balance=0.6074, time=0.06s
[2025-12-04 12:49:06]   METIS weights: min=800.76, max=1318.27, avg=1085.35, std=98.47
[2025-12-04 12:49:06]   → Quantum vs METIS: cut improvement = -27.46%
[2025-12-04 12:49:06] 
  → Aggregate: cut=41186.26±169.83, balance=0.9436, time=0.49±0.00s

================================================================================
[2025-12-04 12:49:06] [27/240] Testing configuration:
  k_target: 32
  coarsen_limit: 200
  balance_weight: 2.6
  num_reads: 150
================================================================================
[2025-12-04 12:49:07]   Trial 1/3: ✓ cut=41368.93, balance=0.9717, time=1.17s
[2025-12-04 12:49:08]   Trial 2/3: ✓ cut=41113.76, balance=0.7795, time=1.12s
[2025-12-04 12:49:09]   Trial 3/3: ✓ cut=41091.29, balance=0.9624, time=1.12s
[2025-12-04 12:49:09] 
  Running METIS baseline...
[2025-12-04 12:49:09]   METIS baseline: cut=32314.17, balance=0.6074, time=0.06s
[2025-12-04 12:49:09]   METIS weights: min=800.76, max=1318.27, avg=1085.35, std=98.47
[2025-12-04 12:49:09]   → Quantum vs METIS: cut improvement = -27.47%
[2025-12-04 12:49:09] 
  → Aggregate: cut=41191.32±125.92, balance=0.9045, time=1.13±0.02s

================================================================================
[2025-12-04 12:49:09] [28/240] Testing configuration:
  k_target: 32
  coarsen_limit: 200
  balance_weight: 2.6
  num_reads: 250
================================================================================
[2025-12-04 12:49:11]   Trial 1/3: ✓ cut=41452.87, balance=0.9698, time=1.86s
[2025-12-04 12:49:13]   Trial 2/3: ✓ cut=40990.28, balance=0.9453, time=1.71s
[2025-12-04 12:49:15]   Trial 3/3: ✓ cut=41510.00, balance=0.9229, time=1.72s
[2025-12-04 12:49:15] 
  Running METIS baseline...
[2025-12-04 12:49:15]   METIS baseline: cut=32314.17, balance=0.6074, time=0.05s
[2025-12-04 12:49:15]   METIS weights: min=800.76, max=1318.27, avg=1085.35, std=98.47
[2025-12-04 12:49:15]   → Quantum vs METIS: cut improvement = -27.86%
[2025-12-04 12:49:15] 
  → Aggregate: cut=41317.72±232.71, balance=0.9460, time=1.76±0.07s

================================================================================
[2025-12-04 12:49:15] [29/240] Testing configuration:
  k_target: 32
  coarsen_limit: 200
  balance_weight: 2.6
  num_reads: 350
================================================================================
[2025-12-04 12:49:17]   Trial 1/3: ✓ cut=41042.35, balance=0.9527, time=2.37s
[2025-12-04 12:49:20]   Trial 2/3: ✓ cut=41082.66, balance=0.9641, time=2.37s
[2025-12-04 12:49:22]   Trial 3/3: ✓ cut=39878.90, balance=0.9679, time=2.35s
[2025-12-04 12:49:22] 
  Running METIS baseline...
[2025-12-04 12:49:22]   METIS baseline: cut=32314.17, balance=0.6074, time=0.05s
[2025-12-04 12:49:22]   METIS weights: min=800.76, max=1318.27, avg=1085.35, std=98.47
[2025-12-04 12:49:22]   → Quantum vs METIS: cut improvement = -25.85%
[2025-12-04 12:49:22] 
  → Aggregate: cut=40667.97±558.20, balance=0.9616, time=2.36±0.01s

================================================================================
[2025-12-04 12:49:22] [30/240] Testing configuration:
  k_target: 32
  coarsen_limit: 200
  balance_weight: 2.6
  num_reads: 450
================================================================================
[2025-12-04 12:49:25]   Trial 1/3: ✓ cut=41075.19, balance=0.9686, time=3.12s
[2025-12-04 12:49:28]   Trial 2/3: ✓ cut=40581.71, balance=0.9360, time=2.97s
[2025-12-04 12:49:31]   Trial 3/3: ✓ cut=40333.31, balance=0.9787, time=3.04s
[2025-12-04 12:49:31] 
  Running METIS baseline...
[2025-12-04 12:49:31]   METIS baseline: cut=32314.17, balance=0.6074, time=0.05s
[2025-12-04 12:49:31]   METIS weights: min=800.76, max=1318.27, avg=1085.35, std=98.47
[2025-12-04 12:49:31]   → Quantum vs METIS: cut improvement = -25.84%
[2025-12-04 12:49:31] 
  → Aggregate: cut=40663.40±308.33, balance=0.9611, time=3.04±0.06s

================================================================================
[2025-12-04 12:49:31] [31/240] Testing configuration:
  k_target: 32
  coarsen_limit: 300
  balance_weight: 0.1
  num_reads: 50
================================================================================
[2025-12-04 12:49:33]   Trial 1/3: ✓ cut=42070.15, balance=0.9442, time=1.39s
[2025-12-04 12:49:34]   Trial 2/3: ✓ cut=41744.78, balance=0.9515, time=1.38s
[2025-12-04 12:49:35]   Trial 3/3: ✓ cut=42536.85, balance=0.9442, time=1.41s
[2025-12-04 12:49:35] 
  Running METIS baseline...
[2025-12-04 12:49:36]   METIS baseline: cut=31296.11, balance=0.9121, time=0.06s
[2025-12-04 12:49:36]   METIS weights: min=1008.80, max=1106.03, avg=1051.43, std=25.01
[2025-12-04 12:49:36]   → Quantum vs METIS: cut improvement = -34.58%
[2025-12-04 12:49:36] 
  → Aggregate: cut=42117.26±325.07, balance=0.9466, time=1.39±0.01s

================================================================================
[2025-12-04 12:49:36] [32/240] Testing configuration:
  k_target: 32
  coarsen_limit: 300
  balance_weight: 0.1
  num_reads: 150
================================================================================
[2025-12-04 12:49:39]   Trial 1/3: ✓ cut=41016.16, balance=0.9476, time=3.57s
[2025-12-04 12:49:43]   Trial 2/3: ✓ cut=41047.31, balance=0.9433, time=3.65s
[2025-12-04 12:49:46]   Trial 3/3: ✓ cut=40933.94, balance=0.9557, time=3.60s
[2025-12-04 12:49:46] 
  Running METIS baseline...
[2025-12-04 12:49:46]   METIS baseline: cut=31296.11, balance=0.9121, time=0.05s
[2025-12-04 12:49:46]   METIS weights: min=1008.80, max=1106.03, avg=1051.43, std=25.01
[2025-12-04 12:49:46]   → Quantum vs METIS: cut improvement = -31.00%
[2025-12-04 12:49:46] 
  → Aggregate: cut=40999.14±47.82, balance=0.9488, time=3.61±0.03s

================================================================================
[2025-12-04 12:49:46] [33/240] Testing configuration:
  k_target: 32
  coarsen_limit: 300
  balance_weight: 0.1
  num_reads: 250
================================================================================
[2025-12-04 12:49:52]   Trial 1/3: ✓ cut=40384.17, balance=0.9454, time=5.98s
[2025-12-04 12:49:58]   Trial 2/3: ✓ cut=40223.91, balance=0.9563, time=5.89s
[2025-12-04 12:50:04]   Trial 3/3: ✓ cut=40649.55, balance=0.9426, time=6.05s
[2025-12-04 12:50:04] 
  Running METIS baseline...
[2025-12-04 12:50:04]   METIS baseline: cut=31296.11, balance=0.9121, time=0.06s
[2025-12-04 12:50:04]   METIS weights: min=1008.80, max=1106.03, avg=1051.43, std=25.01
[2025-12-04 12:50:04]   → Quantum vs METIS: cut improvement = -29.15%
[2025-12-04 12:50:04] 
  → Aggregate: cut=40419.21±175.53, balance=0.9481, time=5.97±0.07s

================================================================================
[2025-12-04 12:50:04] [34/240] Testing configuration:
  k_target: 32
  coarsen_limit: 300
  balance_weight: 0.1
  num_reads: 350
================================================================================
[2025-12-04 12:50:13]   Trial 1/3: ✓ cut=39402.21, balance=0.9520, time=8.30s
[2025-12-04 12:50:21]   Trial 2/3: ✓ cut=39847.90, balance=0.9555, time=8.04s
[2025-12-04 12:50:29]   Trial 3/3: ✓ cut=40073.36, balance=0.9496, time=8.04s
[2025-12-04 12:50:29] 
  Running METIS baseline...
[2025-12-04 12:50:29]   METIS baseline: cut=31296.11, balance=0.9121, time=0.06s
[2025-12-04 12:50:29]   METIS weights: min=1008.80, max=1106.03, avg=1051.43, std=25.01
[2025-12-04 12:50:29]   → Quantum vs METIS: cut improvement = -27.09%
[2025-12-04 12:50:29] 
  → Aggregate: cut=39774.49±278.87, balance=0.9524, time=8.12±0.12s

================================================================================
[2025-12-04 12:50:29] [35/240] Testing configuration:
  k_target: 32
  coarsen_limit: 300
  balance_weight: 0.1
  num_reads: 450
================================================================================
[2025-12-04 12:50:39]   Trial 1/3: ✓ cut=39767.24, balance=0.9387, time=10.26s
[2025-12-04 12:50:49]   Trial 2/3: ✓ cut=39389.71, balance=0.9681, time=10.29s
[2025-12-04 12:51:00]   Trial 3/3: ✓ cut=39191.45, balance=0.9381, time=10.17s
[2025-12-04 12:51:00] 
  Running METIS baseline...
[2025-12-04 12:51:00]   METIS baseline: cut=31296.11, balance=0.9121, time=0.06s
[2025-12-04 12:51:00]   METIS weights: min=1008.80, max=1106.03, avg=1051.43, std=25.01
[2025-12-04 12:51:00]   → Quantum vs METIS: cut improvement = -26.05%
[2025-12-04 12:51:00] 
  → Aggregate: cut=39449.47±238.84, balance=0.9483, time=10.24±0.05s

================================================================================
[2025-12-04 12:51:00] [36/240] Testing configuration:
  k_target: 32
  coarsen_limit: 300
  balance_weight: 0.6
  num_reads: 50
================================================================================
[2025-12-04 12:51:01]   Trial 1/3: ✓ cut=45811.05, balance=0.9791, time=1.35s
[2025-12-04 12:51:03]   Trial 2/3: ✓ cut=45354.38, balance=0.9760, time=1.44s
[2025-12-04 12:51:04]   Trial 3/3: ✓ cut=45182.20, balance=0.9696, time=1.43s
[2025-12-04 12:51:04] 
  Running METIS baseline...
[2025-12-04 12:51:04]   METIS baseline: cut=31296.11, balance=0.9121, time=0.06s
[2025-12-04 12:51:04]   METIS weights: min=1008.80, max=1106.03, avg=1051.43, std=25.01
[2025-12-04 12:51:04]   → Quantum vs METIS: cut improvement = -45.22%
[2025-12-04 12:51:04] 
  → Aggregate: cut=45449.21±265.34, balance=0.9749, time=1.41±0.04s

================================================================================
[2025-12-04 12:51:04] [37/240] Testing configuration:
  k_target: 32
  coarsen_limit: 300
  balance_weight: 0.6
  num_reads: 150
================================================================================
[2025-12-04 12:51:08]   Trial 1/3: ✓ cut=44692.80, balance=0.9825, time=3.77s
[2025-12-04 12:51:12]   Trial 2/3: ✓ cut=44596.28, balance=0.9799, time=3.85s
[2025-12-04 12:51:15]   Trial 3/3: ✓ cut=44530.27, balance=0.9704, time=3.59s
[2025-12-04 12:51:15] 
  Running METIS baseline...
[2025-12-04 12:51:15]   METIS baseline: cut=31296.11, balance=0.9121, time=0.06s
[2025-12-04 12:51:15]   METIS weights: min=1008.80, max=1106.03, avg=1051.43, std=25.01
[2025-12-04 12:51:15]   → Quantum vs METIS: cut improvement = -42.53%
[2025-12-04 12:51:15] 
  → Aggregate: cut=44606.45±66.74, balance=0.9776, time=3.74±0.11s

================================================================================
[2025-12-04 12:51:15] [38/240] Testing configuration:
  k_target: 32
  coarsen_limit: 300
  balance_weight: 0.6
  num_reads: 250
================================================================================
[2025-12-04 12:51:21]   Trial 1/3: ✓ cut=44055.57, balance=0.9789, time=5.69s
[2025-12-04 12:51:27]   Trial 2/3: ✓ cut=43857.96, balance=0.9701, time=5.74s
[2025-12-04 12:51:32]   Trial 3/3: ✓ cut=43988.81, balance=0.9721, time=5.72s
[2025-12-04 12:51:32] 
  Running METIS baseline...
[2025-12-04 12:51:33]   METIS baseline: cut=31296.11, balance=0.9121, time=0.06s
[2025-12-04 12:51:33]   METIS weights: min=1008.80, max=1106.03, avg=1051.43, std=25.01
[2025-12-04 12:51:33]   → Quantum vs METIS: cut improvement = -40.49%
[2025-12-04 12:51:33] 
  → Aggregate: cut=43967.45±82.08, balance=0.9737, time=5.72±0.02s

================================================================================
[2025-12-04 12:51:33] [39/240] Testing configuration:
  k_target: 32
  coarsen_limit: 300
  balance_weight: 0.6
  num_reads: 350
================================================================================
[2025-12-04 12:51:41]   Trial 1/3: ✓ cut=44120.14, balance=0.9780, time=8.00s
[2025-12-04 12:51:48]   Trial 2/3: ✓ cut=43428.96, balance=0.9777, time=7.86s
[2025-12-04 12:51:56]   Trial 3/3: ✓ cut=43951.93, balance=0.9759, time=7.86s
[2025-12-04 12:51:56] 
  Running METIS baseline...
[2025-12-04 12:51:56]   METIS baseline: cut=31296.11, balance=0.9121, time=0.06s
[2025-12-04 12:51:56]   METIS weights: min=1008.80, max=1106.03, avg=1051.43, std=25.01
[2025-12-04 12:51:56]   → Quantum vs METIS: cut improvement = -40.06%
[2025-12-04 12:51:56] 
  → Aggregate: cut=43833.68±294.30, balance=0.9772, time=7.91±0.07s

================================================================================
[2025-12-04 12:51:56] [40/240] Testing configuration:
  k_target: 32
  coarsen_limit: 300
  balance_weight: 0.6
  num_reads: 450
================================================================================
[2025-12-04 12:52:07]   Trial 1/3: ✓ cut=43763.99, balance=0.9832, time=10.43s
[2025-12-04 12:52:17]   Trial 2/3: ✓ cut=43509.35, balance=0.9840, time=10.17s
[2025-12-04 12:52:27]   Trial 3/3: ✓ cut=43477.62, balance=0.9792, time=10.12s
[2025-12-04 12:52:27] 
  Running METIS baseline...
[2025-12-04 12:52:27]   METIS baseline: cut=31296.11, balance=0.9121, time=0.06s
[2025-12-04 12:52:27]   METIS weights: min=1008.80, max=1106.03, avg=1051.43, std=25.01
[2025-12-04 12:52:27]   → Quantum vs METIS: cut improvement = -39.26%
[2025-12-04 12:52:27] 
  → Aggregate: cut=43583.65±128.17, balance=0.9821, time=10.24±0.14s

================================================================================
[2025-12-04 12:52:27] [41/240] Testing configuration:
  k_target: 32
  coarsen_limit: 300
  balance_weight: 1.1
  num_reads: 50
================================================================================
[2025-12-04 12:52:29]   Trial 1/3: ✓ cut=46025.27, balance=0.9791, time=1.36s
[2025-12-04 12:52:30]   Trial 2/3: ✓ cut=46230.55, balance=0.9773, time=1.36s
[2025-12-04 12:52:31]   Trial 3/3: ✓ cut=46059.56, balance=0.9828, time=1.37s
[2025-12-04 12:52:31] 
  Running METIS baseline...
[2025-12-04 12:52:31]   METIS baseline: cut=31296.11, balance=0.9121, time=0.06s
[2025-12-04 12:52:31]   METIS weights: min=1008.80, max=1106.03, avg=1051.43, std=25.01
[2025-12-04 12:52:31]   → Quantum vs METIS: cut improvement = -47.32%
[2025-12-04 12:52:31] 
  → Aggregate: cut=46105.12±89.79, balance=0.9797, time=1.36±0.00s

================================================================================
[2025-12-04 12:52:31] [42/240] Testing configuration:
  k_target: 32
  coarsen_limit: 300
  balance_weight: 1.1
  num_reads: 150
================================================================================
[2025-12-04 12:52:35]   Trial 1/3: ✓ cut=44977.69, balance=0.9863, time=3.61s
[2025-12-04 12:52:39]   Trial 2/3: ✓ cut=45048.24, balance=0.9850, time=3.54s
[2025-12-04 12:52:42]   Trial 3/3: ✓ cut=45474.14, balance=0.9827, time=3.57s
[2025-12-04 12:52:42] 
  Running METIS baseline...
[2025-12-04 12:52:42]   METIS baseline: cut=31296.11, balance=0.9121, time=0.05s
[2025-12-04 12:52:42]   METIS weights: min=1008.80, max=1106.03, avg=1051.43, std=25.01
[2025-12-04 12:52:42]   → Quantum vs METIS: cut improvement = -44.32%
[2025-12-04 12:52:42] 
  → Aggregate: cut=45166.69±219.30, balance=0.9847, time=3.57±0.03s

================================================================================
[2025-12-04 12:52:42] [43/240] Testing configuration:
  k_target: 32
  coarsen_limit: 300
  balance_weight: 1.1
  num_reads: 250
================================================================================
[2025-12-04 12:52:48]   Trial 1/3: ✓ cut=44657.86, balance=0.9859, time=5.82s
[2025-12-04 12:52:54]   Trial 2/3: ✓ cut=44912.40, balance=0.9859, time=5.81s
[2025-12-04 12:53:00]   Trial 3/3: ✓ cut=44494.45, balance=0.9869, time=5.94s
[2025-12-04 12:53:00] 
  Running METIS baseline...
[2025-12-04 12:53:00]   METIS baseline: cut=31296.11, balance=0.9121, time=0.05s
[2025-12-04 12:53:00]   METIS weights: min=1008.80, max=1106.03, avg=1051.43, std=25.01
[2025-12-04 12:53:00]   → Quantum vs METIS: cut improvement = -42.79%
[2025-12-04 12:53:00] 
  → Aggregate: cut=44688.24±171.97, balance=0.9862, time=5.86±0.06s

================================================================================
[2025-12-04 12:53:00] [44/240] Testing configuration:
  k_target: 32
  coarsen_limit: 300
  balance_weight: 1.1
  num_reads: 350
================================================================================
[2025-12-04 12:53:08]   Trial 1/3: ✓ cut=44169.37, balance=0.9792, time=8.16s
[2025-12-04 12:53:16]   Trial 2/3: ✓ cut=44491.59, balance=0.9821, time=8.35s
[2025-12-04 12:53:24]   Trial 3/3: ✓ cut=44486.40, balance=0.9829, time=7.96s
[2025-12-04 12:53:24] 
  Running METIS baseline...
[2025-12-04 12:53:24]   METIS baseline: cut=31296.11, balance=0.9121, time=0.06s
[2025-12-04 12:53:24]   METIS weights: min=1008.80, max=1106.03, avg=1051.43, std=25.01
[2025-12-04 12:53:24]   → Quantum vs METIS: cut improvement = -41.81%
[2025-12-04 12:53:24] 
  → Aggregate: cut=44382.46±150.69, balance=0.9814, time=8.16±0.16s

================================================================================
[2025-12-04 12:53:24] [45/240] Testing configuration:
  k_target: 32
  coarsen_limit: 300
  balance_weight: 1.1
  num_reads: 450
================================================================================
[2025-12-04 12:53:35]   Trial 1/3: ✓ cut=44135.04, balance=0.9799, time=10.25s
[2025-12-04 12:53:45]   Trial 2/3: ✓ cut=44016.03, balance=0.9768, time=10.14s
[2025-12-04 12:53:55]   Trial 3/3: ✓ cut=43855.92, balance=0.9858, time=10.10s
[2025-12-04 12:53:55] 
  Running METIS baseline...
[2025-12-04 12:53:55]   METIS baseline: cut=31296.11, balance=0.9121, time=0.06s
[2025-12-04 12:53:55]   METIS weights: min=1008.80, max=1106.03, avg=1051.43, std=25.01
[2025-12-04 12:53:55]   → Quantum vs METIS: cut improvement = -40.60%
[2025-12-04 12:53:55] 
  → Aggregate: cut=44002.33±114.36, balance=0.9808, time=10.16±0.06s

================================================================================
[2025-12-04 12:53:55] [46/240] Testing configuration:
  k_target: 32
  coarsen_limit: 300
  balance_weight: 1.6
  num_reads: 50
================================================================================
[2025-12-04 12:53:56]   Trial 1/3: ✓ cut=46590.72, balance=0.9864, time=1.36s
[2025-12-04 12:53:58]   Trial 2/3: ✓ cut=46130.76, balance=0.9859, time=1.34s
[2025-12-04 12:53:59]   Trial 3/3: ✓ cut=46095.23, balance=0.9775, time=1.37s
[2025-12-04 12:53:59] 
  Running METIS baseline...
[2025-12-04 12:53:59]   METIS baseline: cut=31296.11, balance=0.9121, time=0.05s
[2025-12-04 12:53:59]   METIS weights: min=1008.80, max=1106.03, avg=1051.43, std=25.01
[2025-12-04 12:53:59]   → Quantum vs METIS: cut improvement = -47.85%
[2025-12-04 12:53:59] 
  → Aggregate: cut=46272.24±225.67, balance=0.9833, time=1.36±0.01s

================================================================================
[2025-12-04 12:53:59] [47/240] Testing configuration:
  k_target: 32
  coarsen_limit: 300
  balance_weight: 1.6
  num_reads: 150
================================================================================
[2025-12-04 12:54:03]   Trial 1/3: ✓ cut=45451.44, balance=0.9809, time=3.72s
[2025-12-04 12:54:07]   Trial 2/3: ✓ cut=45619.72, balance=0.9850, time=3.77s
[2025-12-04 12:54:10]   Trial 3/3: ✓ cut=45244.33, balance=0.9872, time=3.59s
[2025-12-04 12:54:10] 
  Running METIS baseline...
[2025-12-04 12:54:10]   METIS baseline: cut=31296.11, balance=0.9121, time=0.06s
[2025-12-04 12:54:10]   METIS weights: min=1008.80, max=1106.03, avg=1051.43, std=25.01
[2025-12-04 12:54:10]   → Quantum vs METIS: cut improvement = -45.19%
[2025-12-04 12:54:10] 
  → Aggregate: cut=45438.50±153.53, balance=0.9844, time=3.69±0.08s

================================================================================
[2025-12-04 12:54:10] [48/240] Testing configuration:
  k_target: 32
  coarsen_limit: 300
  balance_weight: 1.6
  num_reads: 250
================================================================================
[2025-12-04 12:54:16]   Trial 1/3: ✓ cut=45260.94, balance=0.9887, time=6.04s
[2025-12-04 12:54:22]   Trial 2/3: ✓ cut=45041.62, balance=0.9872, time=5.82s
[2025-12-04 12:54:28]   Trial 3/3: ✓ cut=45017.90, balance=0.9846, time=5.84s
[2025-12-04 12:54:28] 
  Running METIS baseline...
[2025-12-04 12:54:28]   METIS baseline: cut=31296.11, balance=0.9121, time=0.06s
[2025-12-04 12:54:28]   METIS weights: min=1008.80, max=1106.03, avg=1051.43, std=25.01
[2025-12-04 12:54:28]   → Quantum vs METIS: cut improvement = -44.13%
[2025-12-04 12:54:28] 
  → Aggregate: cut=45106.82±109.41, balance=0.9868, time=5.90±0.10s

================================================================================
[2025-12-04 12:54:28] [49/240] Testing configuration:
  k_target: 32
  coarsen_limit: 300
  balance_weight: 1.6
  num_reads: 350
================================================================================
[2025-12-04 12:54:36]   Trial 1/3: ✓ cut=44621.79, balance=0.9896, time=7.97s
[2025-12-04 12:54:44]   Trial 2/3: ✓ cut=44759.94, balance=0.9898, time=7.96s
[2025-12-04 12:54:52]   Trial 3/3: ✓ cut=44300.84, balance=0.9881, time=7.96s
[2025-12-04 12:54:52] 
  Running METIS baseline...
[2025-12-04 12:54:52]   METIS baseline: cut=31296.11, balance=0.9121, time=0.05s
[2025-12-04 12:54:52]   METIS weights: min=1008.80, max=1106.03, avg=1051.43, std=25.01
[2025-12-04 12:54:52]   → Quantum vs METIS: cut improvement = -42.38%
[2025-12-04 12:54:52] 
  → Aggregate: cut=44560.85±192.32, balance=0.9891, time=7.96±0.01s

================================================================================
[2025-12-04 12:54:52] [50/240] Testing configuration:
  k_target: 32
  coarsen_limit: 300
  balance_weight: 1.6
  num_reads: 450
================================================================================
[2025-12-04 12:55:02]   Trial 1/3: ✓ cut=44995.92, balance=0.9877, time=10.19s
[2025-12-04 12:55:13]   Trial 2/3: ✓ cut=44327.28, balance=0.9908, time=10.85s
[2025-12-04 12:55:23]   Trial 3/3: ✓ cut=44000.99, balance=0.9854, time=10.09s
[2025-12-04 12:55:23] 
  Running METIS baseline...
[2025-12-04 12:55:23]   METIS baseline: cut=31296.11, balance=0.9121, time=0.06s
[2025-12-04 12:55:23]   METIS weights: min=1008.80, max=1106.03, avg=1051.43, std=25.01
[2025-12-04 12:55:23]   → Quantum vs METIS: cut improvement = -42.00%
[2025-12-04 12:55:23] 
  → Aggregate: cut=44441.40±414.12, balance=0.9880, time=10.37±0.34s

================================================================================
[2025-12-04 12:55:23] [51/240] Testing configuration:
  k_target: 32
  coarsen_limit: 300
  balance_weight: 2.1
  num_reads: 50
================================================================================
[2025-12-04 12:55:25]   Trial 1/3: ✓ cut=45761.21, balance=0.9840, time=1.39s
[2025-12-04 12:55:26]   Trial 2/3: ✓ cut=46302.18, balance=0.9869, time=1.38s
[2025-12-04 12:55:27]   Trial 3/3: ✓ cut=46102.89, balance=0.9813, time=1.42s
[2025-12-04 12:55:27] 
  Running METIS baseline...
[2025-12-04 12:55:28]   METIS baseline: cut=31296.11, balance=0.9121, time=0.06s
[2025-12-04 12:55:28]   METIS weights: min=1008.80, max=1106.03, avg=1051.43, std=25.01
[2025-12-04 12:55:28]   → Quantum vs METIS: cut improvement = -47.16%
[2025-12-04 12:55:28] 
  → Aggregate: cut=46055.43±223.38, balance=0.9841, time=1.40±0.02s

================================================================================
[2025-12-04 12:55:28] [52/240] Testing configuration:
  k_target: 32
  coarsen_limit: 300
  balance_weight: 2.1
  num_reads: 150
================================================================================
[2025-12-04 12:55:31]   Trial 1/3: ✓ cut=45035.92, balance=0.9856, time=3.63s
[2025-12-04 12:55:35]   Trial 2/3: ✓ cut=44988.02, balance=0.9827, time=3.58s
[2025-12-04 12:55:38]   Trial 3/3: ✓ cut=45449.27, balance=0.9830, time=3.62s
[2025-12-04 12:55:38] 
  Running METIS baseline...
[2025-12-04 12:55:38]   METIS baseline: cut=31296.11, balance=0.9121, time=0.06s
[2025-12-04 12:55:38]   METIS weights: min=1008.80, max=1106.03, avg=1051.43, std=25.01
[2025-12-04 12:55:38]   → Quantum vs METIS: cut improvement = -44.29%
[2025-12-04 12:55:38] 
  → Aggregate: cut=45157.74±207.07, balance=0.9838, time=3.61±0.02s

================================================================================
[2025-12-04 12:55:38] [53/240] Testing configuration:
  k_target: 32
  coarsen_limit: 300
  balance_weight: 2.1
  num_reads: 250
================================================================================
[2025-12-04 12:55:44]   Trial 1/3: ✓ cut=44793.96, balance=0.9881, time=5.82s
[2025-12-04 12:55:50]   Trial 2/3: ✓ cut=44769.51, balance=0.9852, time=5.83s
[2025-12-04 12:55:56]   Trial 3/3: ✓ cut=44880.57, balance=0.9898, time=5.79s
[2025-12-04 12:55:56] 
  Running METIS baseline...
[2025-12-04 12:55:56]   METIS baseline: cut=31296.11, balance=0.9121, time=0.06s
[2025-12-04 12:55:56]   METIS weights: min=1008.80, max=1106.03, avg=1051.43, std=25.01
[2025-12-04 12:55:56]   → Quantum vs METIS: cut improvement = -43.20%
[2025-12-04 12:55:56] 
  → Aggregate: cut=44814.68±47.65, balance=0.9877, time=5.81±0.01s

================================================================================
[2025-12-04 12:55:56] [54/240] Testing configuration:
  k_target: 32
  coarsen_limit: 300
  balance_weight: 2.1
  num_reads: 350
================================================================================
[2025-12-04 12:56:04]   Trial 1/3: ✓ cut=44770.51, balance=0.9830, time=8.47s
[2025-12-04 12:56:13]   Trial 2/3: ✓ cut=45119.77, balance=0.9887, time=8.56s
[2025-12-04 12:56:21]   Trial 3/3: ✓ cut=44939.32, balance=0.9889, time=8.11s
[2025-12-04 12:56:21] 
  Running METIS baseline...
[2025-12-04 12:56:21]   METIS baseline: cut=31296.11, balance=0.9121, time=0.05s
[2025-12-04 12:56:21]   METIS weights: min=1008.80, max=1106.03, avg=1051.43, std=25.01
[2025-12-04 12:56:21]   → Quantum vs METIS: cut improvement = -43.61%
[2025-12-04 12:56:21] 
  → Aggregate: cut=44943.20±142.61, balance=0.9869, time=8.38±0.20s

================================================================================
[2025-12-04 12:56:21] [55/240] Testing configuration:
  k_target: 32
  coarsen_limit: 300
  balance_weight: 2.1
  num_reads: 450
================================================================================
[2025-12-04 12:56:31]   Trial 1/3: ✓ cut=45277.84, balance=0.9878, time=10.18s
[2025-12-04 12:56:42]   Trial 2/3: ✓ cut=44336.23, balance=0.9885, time=10.40s
[2025-12-04 12:56:52]   Trial 3/3: ✓ cut=44845.57, balance=0.9882, time=10.33s
[2025-12-04 12:56:52] 
  Running METIS baseline...
[2025-12-04 12:56:52]   METIS baseline: cut=31296.11, balance=0.9121, time=0.06s
[2025-12-04 12:56:52]   METIS weights: min=1008.80, max=1106.03, avg=1051.43, std=25.01
[2025-12-04 12:56:52]   → Quantum vs METIS: cut improvement = -43.21%
[2025-12-04 12:56:52] 
  → Aggregate: cut=44819.88±384.84, balance=0.9882, time=10.30±0.09s

================================================================================
[2025-12-04 12:56:52] [56/240] Testing configuration:
  k_target: 32
  coarsen_limit: 300
  balance_weight: 2.6
  num_reads: 50
================================================================================
[2025-12-04 12:56:54]   Trial 1/3: ✓ cut=46228.63, balance=0.9911, time=1.35s
[2025-12-04 12:56:55]   Trial 2/3: ✓ cut=46570.57, balance=0.9848, time=1.37s
[2025-12-04 12:56:56]   Trial 3/3: ✓ cut=46278.59, balance=0.9884, time=1.36s
[2025-12-04 12:56:56] 
  Running METIS baseline...
[2025-12-04 12:56:56]   METIS baseline: cut=31296.11, balance=0.9121, time=0.06s
[2025-12-04 12:56:56]   METIS weights: min=1008.80, max=1106.03, avg=1051.43, std=25.01
[2025-12-04 12:56:56]   → Quantum vs METIS: cut improvement = -48.13%
[2025-12-04 12:56:56] 
  → Aggregate: cut=46359.26±150.80, balance=0.9881, time=1.36±0.01s

================================================================================
[2025-12-04 12:56:56] [57/240] Testing configuration:
  k_target: 32
  coarsen_limit: 300
  balance_weight: 2.6
  num_reads: 150
================================================================================
[2025-12-04 12:57:00]   Trial 1/3: ✓ cut=45623.37, balance=0.9906, time=3.58s
[2025-12-04 12:57:04]   Trial 2/3: ✓ cut=45553.01, balance=0.9878, time=3.63s
[2025-12-04 12:57:07]   Trial 3/3: ✓ cut=45185.43, balance=0.9898, time=3.60s
[2025-12-04 12:57:07] 
  Running METIS baseline...
[2025-12-04 12:57:07]   METIS baseline: cut=31296.11, balance=0.9121, time=0.05s
[2025-12-04 12:57:07]   METIS weights: min=1008.80, max=1106.03, avg=1051.43, std=25.01
[2025-12-04 12:57:07]   → Quantum vs METIS: cut improvement = -45.24%
[2025-12-04 12:57:07] 
  → Aggregate: cut=45453.94±192.03, balance=0.9894, time=3.61±0.02s

================================================================================
[2025-12-04 12:57:07] [58/240] Testing configuration:
  k_target: 32
  coarsen_limit: 300
  balance_weight: 2.6
  num_reads: 250
================================================================================
[2025-12-04 12:57:13]   Trial 1/3: ✓ cut=45203.56, balance=0.9885, time=6.01s
[2025-12-04 12:57:19]   Trial 2/3: ✓ cut=45179.47, balance=0.9897, time=5.75s
[2025-12-04 12:57:25]   Trial 3/3: ✓ cut=45262.95, balance=0.9891, time=5.73s
[2025-12-04 12:57:25] 
  Running METIS baseline...
[2025-12-04 12:57:25]   METIS baseline: cut=31296.11, balance=0.9121, time=0.06s
[2025-12-04 12:57:25]   METIS weights: min=1008.80, max=1106.03, avg=1051.43, std=25.01
[2025-12-04 12:57:25]   → Quantum vs METIS: cut improvement = -44.48%
[2025-12-04 12:57:25] 
  → Aggregate: cut=45215.33±35.08, balance=0.9891, time=5.83±0.13s

================================================================================
[2025-12-04 12:57:25] [59/240] Testing configuration:
  k_target: 32
  coarsen_limit: 300
  balance_weight: 2.6
  num_reads: 350
================================================================================
[2025-12-04 12:57:33]   Trial 1/3: ✓ cut=44521.24, balance=0.9876, time=8.25s
[2025-12-04 12:57:41]   Trial 2/3: ✓ cut=44821.17, balance=0.9884, time=8.00s
[2025-12-04 12:57:49]   Trial 3/3: ✓ cut=44958.67, balance=0.9924, time=8.00s
[2025-12-04 12:57:49] 
  Running METIS baseline...
[2025-12-04 12:57:49]   METIS baseline: cut=31296.11, balance=0.9121, time=0.06s
[2025-12-04 12:57:49]   METIS weights: min=1008.80, max=1106.03, avg=1051.43, std=25.01
[2025-12-04 12:57:49]   → Quantum vs METIS: cut improvement = -43.04%
[2025-12-04 12:57:49] 
  → Aggregate: cut=44767.03±182.64, balance=0.9895, time=8.08±0.12s

================================================================================
[2025-12-04 12:57:49] [60/240] Testing configuration:
  k_target: 32
  coarsen_limit: 300
  balance_weight: 2.6
  num_reads: 450
================================================================================
[2025-12-04 12:57:59]   Trial 1/3: ✓ cut=44704.60, balance=0.9932, time=10.25s
[2025-12-04 12:58:10]   Trial 2/3: ✓ cut=44628.79, balance=0.9912, time=10.84s
[2025-12-04 12:58:21]   Trial 3/3: ✓ cut=44198.51, balance=0.9874, time=10.26s
[2025-12-04 12:58:21] 
  Running METIS baseline...
[2025-12-04 12:58:21]   METIS baseline: cut=31296.11, balance=0.9121, time=0.06s
[2025-12-04 12:58:21]   METIS weights: min=1008.80, max=1106.03, avg=1051.43, std=25.01
[2025-12-04 12:58:21]   → Quantum vs METIS: cut improvement = -42.22%
[2025-12-04 12:58:21] 
  → Aggregate: cut=44510.63±222.87, balance=0.9906, time=10.45±0.28s

================================================================================
[2025-12-04 12:58:21] [61/240] Testing configuration:
  k_target: 32
  coarsen_limit: 400
  balance_weight: 0.1
  num_reads: 50
================================================================================
[2025-12-04 12:58:22]   Trial 1/3: ✓ cut=41712.11, balance=0.9472, time=1.36s
[2025-12-04 12:58:23]   Trial 2/3: ✓ cut=41827.95, balance=0.9414, time=1.36s
[2025-12-04 12:58:25]   Trial 3/3: ✓ cut=41542.05, balance=0.9499, time=1.39s
[2025-12-04 12:58:25] 
  Running METIS baseline...
[2025-12-04 12:58:25]   METIS baseline: cut=31296.11, balance=0.9121, time=0.05s
[2025-12-04 12:58:25]   METIS weights: min=1008.80, max=1106.03, avg=1051.43, std=25.01
[2025-12-04 12:58:25]   → Quantum vs METIS: cut improvement = -33.22%
[2025-12-04 12:58:25] 
  → Aggregate: cut=41694.04±117.41, balance=0.9462, time=1.37±0.01s

================================================================================
[2025-12-04 12:58:25] [62/240] Testing configuration:
  k_target: 32
  coarsen_limit: 400
  balance_weight: 0.1
  num_reads: 150
================================================================================
[2025-12-04 12:58:28]   Trial 1/3: ✓ cut=40291.74, balance=0.9329, time=3.62s
[2025-12-04 12:58:32]   Trial 2/3: ✓ cut=39914.93, balance=0.9466, time=3.60s
[2025-12-04 12:58:36]   Trial 3/3: ✓ cut=41128.88, balance=0.9585, time=3.78s
[2025-12-04 12:58:36] 
  Running METIS baseline...
[2025-12-04 12:58:36]   METIS baseline: cut=31296.11, balance=0.9121, time=0.06s
[2025-12-04 12:58:36]   METIS weights: min=1008.80, max=1106.03, avg=1051.43, std=25.01
[2025-12-04 12:58:36]   → Quantum vs METIS: cut improvement = -29.23%
[2025-12-04 12:58:36] 
  → Aggregate: cut=40445.18±507.33, balance=0.9460, time=3.66±0.08s

================================================================================
[2025-12-04 12:58:36] [63/240] Testing configuration:
  k_target: 32
  coarsen_limit: 400
  balance_weight: 0.1
  num_reads: 250
================================================================================
[2025-12-04 12:58:42]   Trial 1/3: ✓ cut=40748.37, balance=0.9508, time=5.83s
[2025-12-04 12:58:48]   Trial 2/3: ✓ cut=39433.17, balance=0.9340, time=5.81s
[2025-12-04 12:58:53]   Trial 3/3: ✓ cut=39513.66, balance=0.9523, time=5.76s
[2025-12-04 12:58:53] 
  Running METIS baseline...
[2025-12-04 12:58:53]   METIS baseline: cut=31296.11, balance=0.9121, time=0.06s
[2025-12-04 12:58:53]   METIS weights: min=1008.80, max=1106.03, avg=1051.43, std=25.01
[2025-12-04 12:58:53]   → Quantum vs METIS: cut improvement = -27.49%
[2025-12-04 12:58:53] 
  → Aggregate: cut=39898.40±601.92, balance=0.9457, time=5.80±0.03s

================================================================================
[2025-12-04 12:58:53] [64/240] Testing configuration:
  k_target: 32
  coarsen_limit: 400
  balance_weight: 0.1
  num_reads: 350
================================================================================
[2025-12-04 12:59:01]   Trial 1/3: ✓ cut=39351.38, balance=0.9456, time=8.07s
[2025-12-04 12:59:10]   Trial 2/3: ✓ cut=40205.53, balance=0.9450, time=8.48s
[2025-12-04 12:59:18]   Trial 3/3: ✓ cut=40488.12, balance=0.9594, time=8.03s
[2025-12-04 12:59:18] 
  Running METIS baseline...
[2025-12-04 12:59:18]   METIS baseline: cut=31296.11, balance=0.9121, time=0.05s
[2025-12-04 12:59:18]   METIS weights: min=1008.80, max=1106.03, avg=1051.43, std=25.01
[2025-12-04 12:59:18]   → Quantum vs METIS: cut improvement = -27.86%
[2025-12-04 12:59:18] 
  → Aggregate: cut=40015.01±483.23, balance=0.9500, time=8.19±0.20s

================================================================================
[2025-12-04 12:59:18] [65/240] Testing configuration:
  k_target: 32
  coarsen_limit: 400
  balance_weight: 0.1
  num_reads: 450
================================================================================
[2025-12-04 12:59:28]   Trial 1/3: ✓ cut=38883.23, balance=0.9429, time=10.31s
[2025-12-04 12:59:39]   Trial 2/3: ✓ cut=40037.96, balance=0.9581, time=10.42s
[2025-12-04 12:59:49]   Trial 3/3: ✓ cut=39835.34, balance=0.9599, time=10.27s
[2025-12-04 12:59:49] 
  Running METIS baseline...
[2025-12-04 12:59:49]   METIS baseline: cut=31296.11, balance=0.9121, time=0.05s
[2025-12-04 12:59:49]   METIS weights: min=1008.80, max=1106.03, avg=1051.43, std=25.01
[2025-12-04 12:59:49]   → Quantum vs METIS: cut improvement = -26.49%
[2025-12-04 12:59:49] 
  → Aggregate: cut=39585.51±503.43, balance=0.9537, time=10.33±0.06s

================================================================================
[2025-12-04 12:59:49] [66/240] Testing configuration:
  k_target: 32
  coarsen_limit: 400
  balance_weight: 0.6
  num_reads: 50
================================================================================
[2025-12-04 12:59:50]   Trial 1/3: ✓ cut=45423.12, balance=0.9753, time=1.35s
[2025-12-04 12:59:52]   Trial 2/3: ✓ cut=45323.28, balance=0.9733, time=1.45s
[2025-12-04 12:59:53]   Trial 3/3: ✓ cut=45647.89, balance=0.9785, time=1.38s
[2025-12-04 12:59:53] 
  Running METIS baseline...
[2025-12-04 12:59:53]   METIS baseline: cut=31296.11, balance=0.9121, time=0.06s
[2025-12-04 12:59:53]   METIS weights: min=1008.80, max=1106.03, avg=1051.43, std=25.01
[2025-12-04 12:59:53]   → Quantum vs METIS: cut improvement = -45.27%
[2025-12-04 12:59:53] 
  → Aggregate: cut=45464.76±135.75, balance=0.9757, time=1.40±0.04s

================================================================================
[2025-12-04 12:59:53] [67/240] Testing configuration:
  k_target: 32
  coarsen_limit: 400
  balance_weight: 0.6
  num_reads: 150
================================================================================
[2025-12-04 12:59:57]   Trial 1/3: ✓ cut=44836.29, balance=0.9800, time=3.56s
[2025-12-04 13:00:01]   Trial 2/3: ✓ cut=44772.30, balance=0.9828, time=3.57s
[2025-12-04 13:00:04]   Trial 3/3: ✓ cut=44257.31, balance=0.9734, time=3.75s
[2025-12-04 13:00:04] 
  Running METIS baseline...
[2025-12-04 13:00:04]   METIS baseline: cut=31296.11, balance=0.9121, time=0.06s
[2025-12-04 13:00:04]   METIS weights: min=1008.80, max=1106.03, avg=1051.43, std=25.01
[2025-12-04 13:00:04]   → Quantum vs METIS: cut improvement = -42.58%
[2025-12-04 13:00:04] 
  → Aggregate: cut=44621.97±259.17, balance=0.9788, time=3.63±0.08s

================================================================================
[2025-12-04 13:00:04] [68/240] Testing configuration:
  k_target: 32
  coarsen_limit: 400
  balance_weight: 0.6
  num_reads: 250
================================================================================
[2025-12-04 13:00:11]   Trial 1/3: ✓ cut=43688.03, balance=0.9763, time=6.19s
[2025-12-04 13:00:16]   Trial 2/3: ✓ cut=44467.72, balance=0.9859, time=5.82s
[2025-12-04 13:00:22]   Trial 3/3: ✓ cut=44439.27, balance=0.9827, time=5.77s
[2025-12-04 13:00:22] 
  Running METIS baseline...
[2025-12-04 13:00:22]   METIS baseline: cut=31296.11, balance=0.9121, time=0.06s
[2025-12-04 13:00:22]   METIS weights: min=1008.80, max=1106.03, avg=1051.43, std=25.01
[2025-12-04 13:00:22]   → Quantum vs METIS: cut improvement = -41.23%
[2025-12-04 13:00:22] 
  → Aggregate: cut=44198.34±361.03, balance=0.9816, time=5.92±0.19s

================================================================================
[2025-12-04 13:00:22] [69/240] Testing configuration:
  k_target: 32
  coarsen_limit: 400
  balance_weight: 0.6
  num_reads: 350
================================================================================
[2025-12-04 13:00:30]   Trial 1/3: ✓ cut=44055.24, balance=0.9784, time=7.99s
[2025-12-04 13:00:38]   Trial 2/3: ✓ cut=43964.57, balance=0.9758, time=8.00s
[2025-12-04 13:00:46]   Trial 3/3: ✓ cut=44176.27, balance=0.9791, time=7.95s
[2025-12-04 13:00:46] 
  Running METIS baseline...
[2025-12-04 13:00:46]   METIS baseline: cut=31296.11, balance=0.9121, time=0.13s
[2025-12-04 13:00:46]   METIS weights: min=1008.80, max=1106.03, avg=1051.43, std=25.01
[2025-12-04 13:00:46]   → Quantum vs METIS: cut improvement = -40.80%
[2025-12-04 13:00:46] 
  → Aggregate: cut=44065.36±86.72, balance=0.9778, time=7.98±0.02s

================================================================================
[2025-12-04 13:00:46] [70/240] Testing configuration:
  k_target: 32
  coarsen_limit: 400
  balance_weight: 0.6
  num_reads: 450
================================================================================
[2025-12-04 13:00:57]   Trial 1/3: ✓ cut=43771.39, balance=0.9750, time=10.15s
[2025-12-04 13:01:07]   Trial 2/3: ✓ cut=43843.52, balance=0.9782, time=10.48s
[2025-12-04 13:01:18]   Trial 3/3: ✓ cut=43647.75, balance=0.9792, time=10.50s
[2025-12-04 13:01:18] 
  Running METIS baseline...
[2025-12-04 13:01:18]   METIS baseline: cut=31296.11, balance=0.9121, time=0.05s
[2025-12-04 13:01:18]   METIS weights: min=1008.80, max=1106.03, avg=1051.43, std=25.01
[2025-12-04 13:01:18]   → Quantum vs METIS: cut improvement = -39.81%
[2025-12-04 13:01:18] 
  → Aggregate: cut=43754.22±80.84, balance=0.9775, time=10.38±0.16s

================================================================================
[2025-12-04 13:01:18] [71/240] Testing configuration:
  k_target: 32
  coarsen_limit: 400
  balance_weight: 1.1
  num_reads: 50
================================================================================
[2025-12-04 13:01:19]   Trial 1/3: ✓ cut=46420.23, balance=0.9837, time=1.37s
[2025-12-04 13:01:20]   Trial 2/3: ✓ cut=46032.09, balance=0.9851, time=1.36s
[2025-12-04 13:01:22]   Trial 3/3: ✓ cut=46256.96, balance=0.9792, time=1.35s
[2025-12-04 13:01:22] 
  Running METIS baseline...
[2025-12-04 13:01:22]   METIS baseline: cut=31296.11, balance=0.9121, time=0.05s
[2025-12-04 13:01:22]   METIS weights: min=1008.80, max=1106.03, avg=1051.43, std=25.01
[2025-12-04 13:01:22]   → Quantum vs METIS: cut improvement = -47.74%
[2025-12-04 13:01:22] 
  → Aggregate: cut=46236.43±159.12, balance=0.9827, time=1.36±0.01s

================================================================================
[2025-12-04 13:01:22] [72/240] Testing configuration:
  k_target: 32
  coarsen_limit: 400
  balance_weight: 1.1
  num_reads: 150
================================================================================
[2025-12-04 13:01:25]   Trial 1/3: ✓ cut=45041.33, balance=0.9836, time=3.55s
[2025-12-04 13:01:29]   Trial 2/3: ✓ cut=45119.04, balance=0.9858, time=3.56s
[2025-12-04 13:01:32]   Trial 3/3: ✓ cut=45405.87, balance=0.9860, time=3.60s
[2025-12-04 13:01:32] 
  Running METIS baseline...
[2025-12-04 13:01:33]   METIS baseline: cut=31296.11, balance=0.9121, time=0.06s
[2025-12-04 13:01:33]   METIS weights: min=1008.80, max=1106.03, avg=1051.43, std=25.01
[2025-12-04 13:01:33]   → Quantum vs METIS: cut improvement = -44.39%
[2025-12-04 13:01:33] 
  → Aggregate: cut=45188.74±156.77, balance=0.9852, time=3.57±0.02s

================================================================================
[2025-12-04 13:01:33] [73/240] Testing configuration:
  k_target: 32
  coarsen_limit: 400
  balance_weight: 1.1
  num_reads: 250
================================================================================
[2025-12-04 13:01:38]   Trial 1/3: ✓ cut=45042.39, balance=0.9819, time=5.72s
[2025-12-04 13:01:44]   Trial 2/3: ✓ cut=44909.59, balance=0.9848, time=5.88s
[2025-12-04 13:01:50]   Trial 3/3: ✓ cut=44139.42, balance=0.9780, time=5.78s
[2025-12-04 13:01:50] 
  Running METIS baseline...
[2025-12-04 13:01:50]   METIS baseline: cut=31296.11, balance=0.9121, time=0.06s
[2025-12-04 13:01:50]   METIS weights: min=1008.80, max=1106.03, avg=1051.43, std=25.01
[2025-12-04 13:01:50]   → Quantum vs METIS: cut improvement = -42.82%
[2025-12-04 13:01:50] 
  → Aggregate: cut=44697.13±398.07, balance=0.9816, time=5.80±0.06s

================================================================================
[2025-12-04 13:01:50] [74/240] Testing configuration:
  k_target: 32
  coarsen_limit: 400
  balance_weight: 1.1
  num_reads: 350
================================================================================
[2025-12-04 13:01:58]   Trial 1/3: ✓ cut=44691.34, balance=0.9822, time=8.06s
[2025-12-04 13:02:06]   Trial 2/3: ✓ cut=43901.29, balance=0.9822, time=8.24s
[2025-12-04 13:02:15]   Trial 3/3: ✓ cut=44245.64, balance=0.9778, time=8.28s
[2025-12-04 13:02:15] 
  Running METIS baseline...
[2025-12-04 13:02:15]   METIS baseline: cut=31296.11, balance=0.9121, time=0.06s
[2025-12-04 13:02:15]   METIS weights: min=1008.80, max=1106.03, avg=1051.43, std=25.01
[2025-12-04 13:02:15]   → Quantum vs METIS: cut improvement = -41.49%
[2025-12-04 13:02:15] 
  → Aggregate: cut=44279.42±323.42, balance=0.9807, time=8.19±0.10s

================================================================================
[2025-12-04 13:02:15] [75/240] Testing configuration:
  k_target: 32
  coarsen_limit: 400
  balance_weight: 1.1
  num_reads: 450
================================================================================
[2025-12-04 13:02:25]   Trial 1/3: ✓ cut=44201.80, balance=0.9826, time=10.17s
[2025-12-04 13:02:35]   Trial 2/3: ✓ cut=44438.59, balance=0.9812, time=10.11s
[2025-12-04 13:02:45]   Trial 3/3: ✓ cut=43761.66, balance=0.9837, time=10.17s
[2025-12-04 13:02:45] 
  Running METIS baseline...
[2025-12-04 13:02:45]   METIS baseline: cut=31296.11, balance=0.9121, time=0.06s
[2025-12-04 13:02:45]   METIS weights: min=1008.80, max=1106.03, avg=1051.43, std=25.01
[2025-12-04 13:02:45]   → Quantum vs METIS: cut improvement = -41.02%
[2025-12-04 13:02:45] 
  → Aggregate: cut=44134.02±280.48, balance=0.9825, time=10.15±0.03s

================================================================================
[2025-12-04 13:02:45] [76/240] Testing configuration:
  k_target: 32
  coarsen_limit: 400
  balance_weight: 1.6
  num_reads: 50
================================================================================
[2025-12-04 13:02:47]   Trial 1/3: ✓ cut=46608.27, balance=0.9871, time=1.34s
[2025-12-04 13:02:48]   Trial 2/3: ✓ cut=46302.91, balance=0.9860, time=1.35s
[2025-12-04 13:02:49]   Trial 3/3: ✓ cut=46169.38, balance=0.9823, time=1.38s
[2025-12-04 13:02:49] 
  Running METIS baseline...
[2025-12-04 13:02:49]   METIS baseline: cut=31296.11, balance=0.9121, time=0.06s
[2025-12-04 13:02:49]   METIS weights: min=1008.80, max=1106.03, avg=1051.43, std=25.01
[2025-12-04 13:02:49]   → Quantum vs METIS: cut improvement = -48.13%
[2025-12-04 13:02:49] 
  → Aggregate: cut=46360.19±183.70, balance=0.9851, time=1.35±0.02s

================================================================================
[2025-12-04 13:02:49] [77/240] Testing configuration:
  k_target: 32
  coarsen_limit: 400
  balance_weight: 1.6
  num_reads: 150
================================================================================
[2025-12-04 13:02:53]   Trial 1/3: ✓ cut=45815.00, balance=0.9901, time=3.70s
[2025-12-04 13:02:57]   Trial 2/3: ✓ cut=45471.05, balance=0.9855, time=3.62s
[2025-12-04 13:03:00]   Trial 3/3: ✓ cut=45230.03, balance=0.9845, time=3.57s
[2025-12-04 13:03:00] 
  Running METIS baseline...
[2025-12-04 13:03:00]   METIS baseline: cut=31296.11, balance=0.9121, time=0.06s
[2025-12-04 13:03:00]   METIS weights: min=1008.80, max=1106.03, avg=1051.43, std=25.01
[2025-12-04 13:03:00]   → Quantum vs METIS: cut improvement = -45.40%
[2025-12-04 13:03:00] 
  → Aggregate: cut=45505.36±240.04, balance=0.9867, time=3.63±0.05s

================================================================================
[2025-12-04 13:03:00] [78/240] Testing configuration:
  k_target: 32
  coarsen_limit: 400
  balance_weight: 1.6
  num_reads: 250
================================================================================
[2025-12-04 13:03:07]   Trial 1/3: ✓ cut=44073.31, balance=0.9849, time=6.27s
[2025-12-04 13:03:13]   Trial 2/3: ✓ cut=45421.46, balance=0.9879, time=6.08s
[2025-12-04 13:03:19]   Trial 3/3: ✓ cut=44573.35, balance=0.9874, time=5.81s
[2025-12-04 13:03:19] 
  Running METIS baseline...
[2025-12-04 13:03:19]   METIS baseline: cut=31296.11, balance=0.9121, time=0.06s
[2025-12-04 13:03:19]   METIS weights: min=1008.80, max=1106.03, avg=1051.43, std=25.01
[2025-12-04 13:03:19]   → Quantum vs METIS: cut improvement = -42.80%
[2025-12-04 13:03:19] 
  → Aggregate: cut=44689.37±556.46, balance=0.9867, time=6.05±0.19s

================================================================================
[2025-12-04 13:03:19] [79/240] Testing configuration:
  k_target: 32
  coarsen_limit: 400
  balance_weight: 1.6
  num_reads: 350
================================================================================
[2025-12-04 13:03:27]   Trial 1/3: ✓ cut=44853.30, balance=0.9849, time=7.96s
[2025-12-04 13:03:35]   Trial 2/3: ✓ cut=44525.57, balance=0.9855, time=8.06s
[2025-12-04 13:03:43]   Trial 3/3: ✓ cut=44158.53, balance=0.9876, time=8.09s
[2025-12-04 13:03:43] 
  Running METIS baseline...
[2025-12-04 13:03:43]   METIS baseline: cut=31296.11, balance=0.9121, time=0.05s
[2025-12-04 13:03:43]   METIS weights: min=1008.80, max=1106.03, avg=1051.43, std=25.01
[2025-12-04 13:03:43]   → Quantum vs METIS: cut improvement = -42.23%
[2025-12-04 13:03:43] 
  → Aggregate: cut=44512.47±283.79, balance=0.9860, time=8.04±0.06s

================================================================================
[2025-12-04 13:03:43] [80/240] Testing configuration:
  k_target: 32
  coarsen_limit: 400
  balance_weight: 1.6
  num_reads: 450
================================================================================
[2025-12-04 13:03:53]   Trial 1/3: ✓ cut=44638.52, balance=0.9860, time=10.22s
[2025-12-04 13:04:03]   Trial 2/3: ✓ cut=44321.13, balance=0.9852, time=10.42s
[2025-12-04 13:04:14]   Trial 3/3: ✓ cut=44478.14, balance=0.9881, time=10.49s
[2025-12-04 13:04:14] 
  Running METIS baseline...
[2025-12-04 13:04:14]   METIS baseline: cut=31296.11, balance=0.9121, time=0.06s
[2025-12-04 13:04:14]   METIS weights: min=1008.80, max=1106.03, avg=1051.43, std=25.01
[2025-12-04 13:04:14]   → Quantum vs METIS: cut improvement = -42.12%
[2025-12-04 13:04:14] 
  → Aggregate: cut=44479.27±129.58, balance=0.9864, time=10.38±0.11s

================================================================================
[2025-12-04 13:04:14] [81/240] Testing configuration:
  k_target: 32
  coarsen_limit: 400
  balance_weight: 2.1
  num_reads: 50
================================================================================
[2025-12-04 13:04:15]   Trial 1/3: ✓ cut=46356.04, balance=0.9896, time=1.38s
[2025-12-04 13:04:17]   Trial 2/3: ✓ cut=46514.57, balance=0.9903, time=1.37s
[2025-12-04 13:04:18]   Trial 3/3: ✓ cut=46521.47, balance=0.9891, time=1.38s
[2025-12-04 13:04:18] 
  Running METIS baseline...
[2025-12-04 13:04:18]   METIS baseline: cut=31296.11, balance=0.9121, time=0.06s
[2025-12-04 13:04:18]   METIS weights: min=1008.80, max=1106.03, avg=1051.43, std=25.01
[2025-12-04 13:04:18]   → Quantum vs METIS: cut improvement = -48.47%
[2025-12-04 13:04:18] 
  → Aggregate: cut=46464.03±76.41, balance=0.9897, time=1.37±0.01s

================================================================================
[2025-12-04 13:04:18] [82/240] Testing configuration:
  k_target: 32
  coarsen_limit: 400
  balance_weight: 2.1
  num_reads: 150
================================================================================
[2025-12-04 13:04:22]   Trial 1/3: ✓ cut=45043.65, balance=0.9880, time=3.62s
[2025-12-04 13:04:26]   Trial 2/3: ✓ cut=45108.04, balance=0.9883, time=3.66s
[2025-12-04 13:04:29]   Trial 3/3: ✓ cut=45241.50, balance=0.9872, time=3.70s
[2025-12-04 13:04:29] 
  Running METIS baseline...
[2025-12-04 13:04:29]   METIS baseline: cut=31296.11, balance=0.9121, time=0.05s
[2025-12-04 13:04:29]   METIS weights: min=1008.80, max=1106.03, avg=1051.43, std=25.01
[2025-12-04 13:04:29]   → Quantum vs METIS: cut improvement = -44.21%
[2025-12-04 13:04:29] 
  → Aggregate: cut=45131.06±82.40, balance=0.9879, time=3.66±0.03s

================================================================================
[2025-12-04 13:04:29] [83/240] Testing configuration:
  k_target: 32
  coarsen_limit: 400
  balance_weight: 2.1
  num_reads: 250
================================================================================
[2025-12-04 13:04:35]   Trial 1/3: ✓ cut=45252.23, balance=0.9900, time=5.85s
[2025-12-04 13:04:41]   Trial 2/3: ✓ cut=44940.74, balance=0.9900, time=5.92s
[2025-12-04 13:04:47]   Trial 3/3: ✓ cut=44995.88, balance=0.9875, time=5.84s
[2025-12-04 13:04:47] 
  Running METIS baseline...
[2025-12-04 13:04:47]   METIS baseline: cut=31296.11, balance=0.9121, time=0.05s
[2025-12-04 13:04:47]   METIS weights: min=1008.80, max=1106.03, avg=1051.43, std=25.01
[2025-12-04 13:04:47]   → Quantum vs METIS: cut improvement = -43.99%
[2025-12-04 13:04:47] 
  → Aggregate: cut=45062.95±135.72, balance=0.9892, time=5.87±0.04s

================================================================================
[2025-12-04 13:04:47] [84/240] Testing configuration:
  k_target: 32
  coarsen_limit: 400
  balance_weight: 2.1
  num_reads: 350
================================================================================
[2025-12-04 13:04:55]   Trial 1/3: ✓ cut=44346.65, balance=0.9864, time=8.15s
[2025-12-04 13:05:03]   Trial 2/3: ✓ cut=44533.13, balance=0.9874, time=8.22s
[2025-12-04 13:05:12]   Trial 3/3: ✓ cut=45073.12, balance=0.9887, time=8.44s
[2025-12-04 13:05:12] 
  Running METIS baseline...
[2025-12-04 13:05:12]   METIS baseline: cut=31296.11, balance=0.9121, time=0.06s
[2025-12-04 13:05:12]   METIS weights: min=1008.80, max=1106.03, avg=1051.43, std=25.01
[2025-12-04 13:05:12]   → Quantum vs METIS: cut improvement = -42.67%
[2025-12-04 13:05:12] 
  → Aggregate: cut=44650.97±308.06, balance=0.9875, time=8.27±0.12s

================================================================================
[2025-12-04 13:05:12] [85/240] Testing configuration:
  k_target: 32
  coarsen_limit: 400
  balance_weight: 2.1
  num_reads: 450
================================================================================
[2025-12-04 13:05:22]   Trial 1/3: ✓ cut=44093.70, balance=0.9861, time=10.33s
[2025-12-04 13:05:33]   Trial 2/3: ✓ cut=45174.06, balance=0.9913, time=10.36s
[2025-12-04 13:05:43]   Trial 3/3: ✓ cut=43826.97, balance=0.9859, time=10.41s
[2025-12-04 13:05:43] 
  Running METIS baseline...
[2025-12-04 13:05:43]   METIS baseline: cut=31296.11, balance=0.9121, time=0.06s
[2025-12-04 13:05:43]   METIS weights: min=1008.80, max=1106.03, avg=1051.43, std=25.01
[2025-12-04 13:05:43]   → Quantum vs METIS: cut improvement = -41.76%
[2025-12-04 13:05:43] 
  → Aggregate: cut=44364.91±582.43, balance=0.9878, time=10.37±0.03s

================================================================================
[2025-12-04 13:05:43] [86/240] Testing configuration:
  k_target: 32
  coarsen_limit: 400
  balance_weight: 2.6
  num_reads: 50
================================================================================
[2025-12-04 13:05:44]   Trial 1/3: ✓ cut=45748.83, balance=0.9868, time=1.37s
[2025-12-04 13:05:46]   Trial 2/3: ✓ cut=46265.52, balance=0.9873, time=1.36s
[2025-12-04 13:05:47]   Trial 3/3: ✓ cut=46430.25, balance=0.9911, time=1.36s
[2025-12-04 13:05:47] 
  Running METIS baseline...
[2025-12-04 13:05:47]   METIS baseline: cut=31296.11, balance=0.9121, time=0.06s
[2025-12-04 13:05:47]   METIS weights: min=1008.80, max=1106.03, avg=1051.43, std=25.01
[2025-12-04 13:05:47]   → Quantum vs METIS: cut improvement = -47.46%
[2025-12-04 13:05:47] 
  → Aggregate: cut=46148.20±290.30, balance=0.9884, time=1.36±0.01s

================================================================================
[2025-12-04 13:05:47] [87/240] Testing configuration:
  k_target: 32
  coarsen_limit: 400
  balance_weight: 2.6
  num_reads: 150
================================================================================
[2025-12-04 13:05:51]   Trial 1/3: ✓ cut=45513.08, balance=0.9876, time=3.59s
[2025-12-04 13:05:54]   Trial 2/3: ✓ cut=45815.87, balance=0.9886, time=3.60s
[2025-12-04 13:05:58]   Trial 3/3: ✓ cut=45280.91, balance=0.9861, time=3.59s
[2025-12-04 13:05:58] 
  Running METIS baseline...
[2025-12-04 13:05:58]   METIS baseline: cut=31296.11, balance=0.9121, time=0.06s
[2025-12-04 13:05:58]   METIS weights: min=1008.80, max=1106.03, avg=1051.43, std=25.01
[2025-12-04 13:05:58]   → Quantum vs METIS: cut improvement = -45.50%
[2025-12-04 13:05:58] 
  → Aggregate: cut=45536.62±219.03, balance=0.9874, time=3.59±0.01s

================================================================================
[2025-12-04 13:05:58] [88/240] Testing configuration:
  k_target: 32
  coarsen_limit: 400
  balance_weight: 2.6
  num_reads: 250
================================================================================
[2025-12-04 13:06:04]   Trial 1/3: ✓ cut=45118.44, balance=0.9876, time=6.02s
[2025-12-04 13:06:10]   Trial 2/3: ✓ cut=45243.84, balance=0.9914, time=6.09s
[2025-12-04 13:06:16]   Trial 3/3: ✓ cut=45046.13, balance=0.9887, time=5.85s
[2025-12-04 13:06:16] 
  Running METIS baseline...
[2025-12-04 13:06:16]   METIS baseline: cut=31296.11, balance=0.9121, time=0.06s
[2025-12-04 13:06:16]   METIS weights: min=1008.80, max=1106.03, avg=1051.43, std=25.01
[2025-12-04 13:06:16]   → Quantum vs METIS: cut improvement = -44.22%
[2025-12-04 13:06:16] 
  → Aggregate: cut=45136.14±81.68, balance=0.9892, time=5.99±0.10s

================================================================================
[2025-12-04 13:06:16] [89/240] Testing configuration:
  k_target: 32
  coarsen_limit: 400
  balance_weight: 2.6
  num_reads: 350
================================================================================
[2025-12-04 13:06:24]   Trial 1/3: ✓ cut=44682.69, balance=0.9908, time=7.96s
[2025-12-04 13:06:32]   Trial 2/3: ✓ cut=45023.70, balance=0.9884, time=7.92s
[2025-12-04 13:06:40]   Trial 3/3: ✓ cut=44377.68, balance=0.9887, time=8.02s
[2025-12-04 13:06:40] 
  Running METIS baseline...
[2025-12-04 13:06:40]   METIS baseline: cut=31296.11, balance=0.9121, time=0.06s
[2025-12-04 13:06:40]   METIS weights: min=1008.80, max=1106.03, avg=1051.43, std=25.01
[2025-12-04 13:06:40]   → Quantum vs METIS: cut improvement = -42.81%
[2025-12-04 13:06:40] 
  → Aggregate: cut=44694.69±263.87, balance=0.9893, time=7.97±0.04s

================================================================================
[2025-12-04 13:06:40] [90/240] Testing configuration:
  k_target: 32
  coarsen_limit: 400
  balance_weight: 2.6
  num_reads: 450
================================================================================
[2025-12-04 13:06:50]   Trial 1/3: ✓ cut=43781.43, balance=0.9882, time=10.18s
[2025-12-04 13:07:01]   Trial 2/3: ✓ cut=44358.83, balance=0.9890, time=10.24s
[2025-12-04 13:07:11]   Trial 3/3: ✓ cut=44428.59, balance=0.9918, time=10.76s
[2025-12-04 13:07:11] 
  Running METIS baseline...
[2025-12-04 13:07:11]   METIS baseline: cut=31296.11, balance=0.9121, time=0.06s
[2025-12-04 13:07:11]   METIS weights: min=1008.80, max=1106.03, avg=1051.43, std=25.01
[2025-12-04 13:07:11]   → Quantum vs METIS: cut improvement = -41.20%
[2025-12-04 13:07:11] 
  → Aggregate: cut=44189.61±290.03, balance=0.9897, time=10.39±0.26s

================================================================================
[2025-12-04 13:07:11] [91/240] Testing configuration:
  k_target: 32
  coarsen_limit: 500
  balance_weight: 0.1
  num_reads: 50
================================================================================
[2025-12-04 13:07:16]   Trial 1/3: ✓ cut=40949.73, balance=0.9665, time=5.02s
[2025-12-04 13:07:22]   Trial 2/3: ✓ cut=40981.80, balance=0.9659, time=5.18s
[2025-12-04 13:07:27]   Trial 3/3: ✓ cut=40291.48, balance=0.9603, time=5.02s
[2025-12-04 13:07:27] 
  Running METIS baseline...
[2025-12-04 13:07:27]   METIS baseline: cut=29322.04, balance=0.9277, time=0.06s
[2025-12-04 13:07:27]   METIS weights: min=1013.98, max=1093.05, avg=1051.43, std=20.57
[2025-12-04 13:07:27]   → Quantum vs METIS: cut improvement = -38.94%
[2025-12-04 13:07:27] 
  → Aggregate: cut=40741.00±318.13, balance=0.9643, time=5.07±0.07s

================================================================================
[2025-12-04 13:07:27] [92/240] Testing configuration:
  k_target: 32
  coarsen_limit: 500
  balance_weight: 0.1
  num_reads: 150
================================================================================
[2025-12-04 13:07:41]   Trial 1/3: ✓ cut=39280.51, balance=0.9618, time=13.77s
[2025-12-04 13:07:54]   Trial 2/3: ✓ cut=39501.47, balance=0.9526, time=13.46s
[2025-12-04 13:08:08]   Trial 3/3: ✓ cut=39433.66, balance=0.9733, time=13.76s
[2025-12-04 13:08:08] 
  Running METIS baseline...
[2025-12-04 13:08:08]   METIS baseline: cut=29322.04, balance=0.9277, time=0.06s
[2025-12-04 13:08:08]   METIS weights: min=1013.98, max=1093.05, avg=1051.43, std=20.57
[2025-12-04 13:08:08]   → Quantum vs METIS: cut improvement = -34.39%
[2025-12-04 13:08:08] 
  → Aggregate: cut=39405.21±92.42, balance=0.9626, time=13.66±0.14s

================================================================================
[2025-12-04 13:08:08] [93/240] Testing configuration:
  k_target: 32
  coarsen_limit: 500
  balance_weight: 0.1
  num_reads: 250
================================================================================
[2025-12-04 13:08:30]   Trial 1/3: ✓ cut=39375.93, balance=0.9678, time=22.05s
[2025-12-04 13:08:52]   Trial 2/3: ✓ cut=39273.73, balance=0.9573, time=22.01s
[2025-12-04 13:09:15]   Trial 3/3: ✓ cut=38884.75, balance=0.9690, time=22.90s
[2025-12-04 13:09:15] 
  Running METIS baseline...
[2025-12-04 13:09:15]   METIS baseline: cut=29322.04, balance=0.9277, time=0.06s
[2025-12-04 13:09:15]   METIS weights: min=1013.98, max=1093.05, avg=1051.43, std=20.57
[2025-12-04 13:09:15]   → Quantum vs METIS: cut improvement = -33.61%
[2025-12-04 13:09:15] 
  → Aggregate: cut=39178.14±211.61, balance=0.9647, time=22.32±0.41s

================================================================================
[2025-12-04 13:09:15] [94/240] Testing configuration:
  k_target: 32
  coarsen_limit: 500
  balance_weight: 0.1
  num_reads: 350
================================================================================
[2025-12-04 13:09:46]   Trial 1/3: ✓ cut=38120.50, balance=0.9621, time=30.83s
[2025-12-04 13:10:16]   Trial 2/3: ✓ cut=38888.49, balance=0.9575, time=30.72s
[2025-12-04 13:10:47]   Trial 3/3: ✓ cut=38891.27, balance=0.9569, time=30.67s
[2025-12-04 13:10:47] 
  Running METIS baseline...
[2025-12-04 13:10:47]   METIS baseline: cut=29322.04, balance=0.9277, time=0.06s
[2025-12-04 13:10:47]   METIS weights: min=1013.98, max=1093.05, avg=1051.43, std=20.57
[2025-12-04 13:10:47]   → Quantum vs METIS: cut improvement = -31.76%
[2025-12-04 13:10:47] 
  → Aggregate: cut=38633.42±362.69, balance=0.9588, time=30.74±0.07s

================================================================================
[2025-12-04 13:10:47] [95/240] Testing configuration:
  k_target: 32
  coarsen_limit: 500
  balance_weight: 0.1
  num_reads: 450
================================================================================
[2025-12-04 13:11:27]   Trial 1/3: ✓ cut=38174.21, balance=0.9629, time=39.70s
[2025-12-04 13:12:06]   Trial 2/3: ✓ cut=38679.44, balance=0.9650, time=39.56s
[2025-12-04 13:12:46]   Trial 3/3: ✓ cut=38345.95, balance=0.9644, time=39.39s
[2025-12-04 13:12:46] 
  Running METIS baseline...
[2025-12-04 13:12:46]   METIS baseline: cut=29322.04, balance=0.9277, time=0.06s
[2025-12-04 13:12:46]   METIS weights: min=1013.98, max=1093.05, avg=1051.43, std=20.57
[2025-12-04 13:12:46]   → Quantum vs METIS: cut improvement = -30.96%
[2025-12-04 13:12:46] 
  → Aggregate: cut=38399.86±209.75, balance=0.9641, time=39.55±0.13s

================================================================================
[2025-12-04 13:12:46] [96/240] Testing configuration:
  k_target: 32
  coarsen_limit: 500
  balance_weight: 0.6
  num_reads: 50
================================================================================
[2025-12-04 13:12:51]   Trial 1/3: ✓ cut=51876.41, balance=0.9799, time=5.08s
[2025-12-04 13:12:56]   Trial 2/3: ✓ cut=51548.87, balance=0.9837, time=4.99s
[2025-12-04 13:13:01]   Trial 3/3: ✓ cut=51811.89, balance=0.9844, time=5.06s
[2025-12-04 13:13:01] 
  Running METIS baseline...
[2025-12-04 13:13:01]   METIS baseline: cut=29322.04, balance=0.9277, time=0.07s
[2025-12-04 13:13:01]   METIS weights: min=1013.98, max=1093.05, avg=1051.43, std=20.57
[2025-12-04 13:13:01]   → Quantum vs METIS: cut improvement = -76.47%
[2025-12-04 13:13:01] 
  → Aggregate: cut=51745.72±141.67, balance=0.9827, time=5.04±0.04s

================================================================================
[2025-12-04 13:13:01] [97/240] Testing configuration:
  k_target: 32
  coarsen_limit: 500
  balance_weight: 0.6
  num_reads: 150
================================================================================
[2025-12-04 13:13:15]   Trial 1/3: ✓ cut=50731.59, balance=0.9854, time=14.02s
[2025-12-04 13:13:29]   Trial 2/3: ✓ cut=50702.10, balance=0.9797, time=13.39s
[2025-12-04 13:13:42]   Trial 3/3: ✓ cut=50504.40, balance=0.9775, time=13.35s
[2025-12-04 13:13:42] 
  Running METIS baseline...
[2025-12-04 13:13:42]   METIS baseline: cut=29322.04, balance=0.9277, time=0.06s
[2025-12-04 13:13:42]   METIS weights: min=1013.98, max=1093.05, avg=1051.43, std=20.57
[2025-12-04 13:13:42]   → Quantum vs METIS: cut improvement = -72.72%
[2025-12-04 13:13:42] 
  → Aggregate: cut=50646.03±100.87, balance=0.9809, time=13.59±0.30s

================================================================================
[2025-12-04 13:13:42] [98/240] Testing configuration:
  k_target: 32
  coarsen_limit: 500
  balance_weight: 0.6
  num_reads: 250
================================================================================
[2025-12-04 13:14:04]   Trial 1/3: ✓ cut=50608.44, balance=0.9847, time=22.27s
[2025-12-04 13:14:27]   Trial 2/3: ✓ cut=50126.12, balance=0.9853, time=22.80s
[2025-12-04 13:14:49]   Trial 3/3: ✓ cut=50499.59, balance=0.9874, time=22.18s
[2025-12-04 13:14:49] 
  Running METIS baseline...
[2025-12-04 13:14:49]   METIS baseline: cut=29322.04, balance=0.9277, time=0.06s
[2025-12-04 13:14:49]   METIS weights: min=1013.98, max=1093.05, avg=1051.43, std=20.57
[2025-12-04 13:14:49]   → Quantum vs METIS: cut improvement = -71.92%
[2025-12-04 13:14:49] 
  → Aggregate: cut=50411.38±206.55, balance=0.9858, time=22.42±0.27s

================================================================================
[2025-12-04 13:14:49] [99/240] Testing configuration:
  k_target: 32
  coarsen_limit: 500
  balance_weight: 0.6
  num_reads: 350
================================================================================
[2025-12-04 13:15:20]   Trial 1/3: ✓ cut=50067.37, balance=0.9854, time=30.91s
[2025-12-04 13:15:51]   Trial 2/3: ✓ cut=50390.05, balance=0.9868, time=30.91s
[2025-12-04 13:16:22]   Trial 3/3: ✓ cut=50191.15, balance=0.9793, time=31.21s
[2025-12-04 13:16:22] 
  Running METIS baseline...
[2025-12-04 13:16:23]   METIS baseline: cut=29322.04, balance=0.9277, time=0.06s
[2025-12-04 13:16:23]   METIS weights: min=1013.98, max=1093.05, avg=1051.43, std=20.57
[2025-12-04 13:16:23]   → Quantum vs METIS: cut improvement = -71.26%
[2025-12-04 13:16:23] 
  → Aggregate: cut=50216.19±132.92, balance=0.9839, time=31.01±0.14s

================================================================================
[2025-12-04 13:16:23] [100/240] Testing configuration:
  k_target: 32
  coarsen_limit: 500
  balance_weight: 0.6
  num_reads: 450
================================================================================
[2025-12-04 13:17:02]   Trial 1/3: ✓ cut=49310.17, balance=0.9792, time=39.22s
[2025-12-04 13:17:42]   Trial 2/3: ✓ cut=49991.49, balance=0.9863, time=39.97s
[2025-12-04 13:18:21]   Trial 3/3: ✓ cut=49342.86, balance=0.9833, time=39.51s
[2025-12-04 13:18:21] 
  Running METIS baseline...
[2025-12-04 13:18:21]   METIS baseline: cut=29322.04, balance=0.9277, time=0.12s
[2025-12-04 13:18:21]   METIS weights: min=1013.98, max=1093.05, avg=1051.43, std=20.57
[2025-12-04 13:18:21]   → Quantum vs METIS: cut improvement = -68.98%
[2025-12-04 13:18:21] 
  → Aggregate: cut=49548.17±313.76, balance=0.9829, time=39.57±0.31s

================================================================================
[2025-12-04 13:18:21] [101/240] Testing configuration:
  k_target: 32
  coarsen_limit: 500
  balance_weight: 1.1
  num_reads: 50
================================================================================
[2025-12-04 13:18:26]   Trial 1/3: ✓ cut=52331.39, balance=0.9898, time=5.00s
[2025-12-04 13:18:31]   Trial 2/3: ✓ cut=52520.93, balance=0.9886, time=4.92s
[2025-12-04 13:18:36]   Trial 3/3: ✓ cut=52414.99, balance=0.9869, time=4.91s
[2025-12-04 13:18:36] 
  Running METIS baseline...
[2025-12-04 13:18:36]   METIS baseline: cut=29322.04, balance=0.9277, time=0.06s
[2025-12-04 13:18:36]   METIS weights: min=1013.98, max=1093.05, avg=1051.43, std=20.57
[2025-12-04 13:18:36]   → Quantum vs METIS: cut improvement = -78.78%
[2025-12-04 13:18:36] 
  → Aggregate: cut=52422.44±77.56, balance=0.9884, time=4.94±0.04s

================================================================================
[2025-12-04 13:18:36] [102/240] Testing configuration:
  k_target: 32
  coarsen_limit: 500
  balance_weight: 1.1
  num_reads: 150
================================================================================
[2025-12-04 13:18:50]   Trial 1/3: ✓ cut=51308.53, balance=0.9893, time=13.40s
[2025-12-04 13:19:03]   Trial 2/3: ✓ cut=51677.73, balance=0.9859, time=13.53s
[2025-12-04 13:19:17]   Trial 3/3: ✓ cut=51885.38, balance=0.9872, time=13.58s
[2025-12-04 13:19:17] 
  Running METIS baseline...
[2025-12-04 13:19:17]   METIS baseline: cut=29322.04, balance=0.9277, time=0.06s
[2025-12-04 13:19:17]   METIS weights: min=1013.98, max=1093.05, avg=1051.43, std=20.57
[2025-12-04 13:19:17]   → Quantum vs METIS: cut improvement = -76.06%
[2025-12-04 13:19:17] 
  → Aggregate: cut=51623.88±238.56, balance=0.9875, time=13.50±0.08s

================================================================================
[2025-12-04 13:19:17] [103/240] Testing configuration:
  k_target: 32
  coarsen_limit: 500
  balance_weight: 1.1
  num_reads: 250
================================================================================
[2025-12-04 13:19:39]   Trial 1/3: ✓ cut=51293.09, balance=0.9835, time=21.86s
[2025-12-04 13:20:02]   Trial 2/3: ✓ cut=51236.48, balance=0.9891, time=22.75s
[2025-12-04 13:20:24]   Trial 3/3: ✓ cut=51368.97, balance=0.9821, time=22.13s
[2025-12-04 13:20:24] 
  Running METIS baseline...
[2025-12-04 13:20:24]   METIS baseline: cut=29322.04, balance=0.9277, time=0.06s
[2025-12-04 13:20:24]   METIS weights: min=1013.98, max=1093.05, avg=1051.43, std=20.57
[2025-12-04 13:20:24]   → Quantum vs METIS: cut improvement = -74.95%
[2025-12-04 13:20:24] 
  → Aggregate: cut=51299.51±54.28, balance=0.9849, time=22.24±0.37s

================================================================================
[2025-12-04 13:20:24] [104/240] Testing configuration:
  k_target: 32
  coarsen_limit: 500
  balance_weight: 1.1
  num_reads: 350
================================================================================
[2025-12-04 13:20:54]   Trial 1/3: ✓ cut=51002.48, balance=0.9892, time=30.48s
[2025-12-04 13:21:25]   Trial 2/3: ✓ cut=50645.79, balance=0.9900, time=30.85s
[2025-12-04 13:21:55]   Trial 3/3: ✓ cut=50981.05, balance=0.9867, time=30.05s
[2025-12-04 13:21:55] 
  Running METIS baseline...
[2025-12-04 13:21:55]   METIS baseline: cut=29322.04, balance=0.9277, time=0.06s
[2025-12-04 13:21:55]   METIS weights: min=1013.98, max=1093.05, avg=1051.43, std=20.57
[2025-12-04 13:21:55]   → Quantum vs METIS: cut improvement = -73.51%
[2025-12-04 13:21:55] 
  → Aggregate: cut=50876.44±163.33, balance=0.9886, time=30.46±0.33s

================================================================================
[2025-12-04 13:21:55] [105/240] Testing configuration:
  k_target: 32
  coarsen_limit: 500
  balance_weight: 1.1
  num_reads: 450
================================================================================
[2025-12-04 13:22:35]   Trial 1/3: ✓ cut=50772.93, balance=0.9845, time=39.32s
[2025-12-04 13:23:14]   Trial 2/3: ✓ cut=50792.15, balance=0.9854, time=39.38s
[2025-12-04 13:23:53]   Trial 3/3: ✓ cut=50714.52, balance=0.9859, time=38.89s
[2025-12-04 13:23:53] 
  Running METIS baseline...
[2025-12-04 13:23:53]   METIS baseline: cut=29322.04, balance=0.9277, time=0.06s
[2025-12-04 13:23:53]   METIS weights: min=1013.98, max=1093.05, avg=1051.43, std=20.57
[2025-12-04 13:23:53]   → Quantum vs METIS: cut improvement = -73.11%
[2025-12-04 13:23:53] 
  → Aggregate: cut=50759.87±33.01, balance=0.9853, time=39.20±0.22s

================================================================================
[2025-12-04 13:23:53] [106/240] Testing configuration:
  k_target: 32
  coarsen_limit: 500
  balance_weight: 1.6
  num_reads: 50
================================================================================
[2025-12-04 13:23:58]   Trial 1/3: ✓ cut=52586.21, balance=0.9890, time=5.12s
[2025-12-04 13:24:03]   Trial 2/3: ✓ cut=52579.68, balance=0.9887, time=5.02s
[2025-12-04 13:24:08]   Trial 3/3: ✓ cut=52797.42, balance=0.9918, time=5.13s
[2025-12-04 13:24:08] 
  Running METIS baseline...
[2025-12-04 13:24:08]   METIS baseline: cut=29322.04, balance=0.9277, time=0.06s
[2025-12-04 13:24:08]   METIS weights: min=1013.98, max=1093.05, avg=1051.43, std=20.57
[2025-12-04 13:24:08]   → Quantum vs METIS: cut improvement = -79.57%
[2025-12-04 13:24:08] 
  → Aggregate: cut=52654.44±101.14, balance=0.9898, time=5.09±0.05s

================================================================================
[2025-12-04 13:24:08] [107/240] Testing configuration:
  k_target: 32
  coarsen_limit: 500
  balance_weight: 1.6
  num_reads: 150
================================================================================
[2025-12-04 13:24:22]   Trial 1/3: ✓ cut=51358.97, balance=0.9837, time=13.58s
[2025-12-04 13:24:35]   Trial 2/3: ✓ cut=51663.84, balance=0.9875, time=13.56s
[2025-12-04 13:24:49]   Trial 3/3: ✓ cut=51733.24, balance=0.9863, time=13.45s
[2025-12-04 13:24:49] 
  Running METIS baseline...
[2025-12-04 13:24:49]   METIS baseline: cut=29322.04, balance=0.9277, time=0.06s
[2025-12-04 13:24:49]   METIS weights: min=1013.98, max=1093.05, avg=1051.43, std=20.57
[2025-12-04 13:24:49]   → Quantum vs METIS: cut improvement = -75.93%
[2025-12-04 13:24:49] 
  → Aggregate: cut=51585.35±162.56, balance=0.9858, time=13.53±0.06s

================================================================================
[2025-12-04 13:24:49] [108/240] Testing configuration:
  k_target: 32
  coarsen_limit: 500
  balance_weight: 1.6
  num_reads: 250
================================================================================
[2025-12-04 13:25:11]   Trial 1/3: ✓ cut=51372.65, balance=0.9907, time=22.46s
[2025-12-04 13:25:33]   Trial 2/3: ✓ cut=51160.91, balance=0.9909, time=21.78s
[2025-12-04 13:25:55]   Trial 3/3: ✓ cut=51393.22, balance=0.9920, time=21.87s
[2025-12-04 13:25:55] 
  Running METIS baseline...
[2025-12-04 13:25:55]   METIS baseline: cut=29322.04, balance=0.9277, time=0.06s
[2025-12-04 13:25:55]   METIS weights: min=1013.98, max=1093.05, avg=1051.43, std=20.57
[2025-12-04 13:25:55]   → Quantum vs METIS: cut improvement = -74.98%
[2025-12-04 13:25:55] 
  → Aggregate: cut=51308.92±105.00, balance=0.9912, time=22.04±0.30s

================================================================================
[2025-12-04 13:25:55] [109/240] Testing configuration:
  k_target: 32
  coarsen_limit: 500
  balance_weight: 1.6
  num_reads: 350
================================================================================
[2025-12-04 13:26:26]   Trial 1/3: ✓ cut=51398.79, balance=0.9915, time=30.85s
[2025-12-04 13:26:56]   Trial 2/3: ✓ cut=51204.35, balance=0.9901, time=30.20s
[2025-12-04 13:27:27]   Trial 3/3: ✓ cut=51093.78, balance=0.9905, time=31.02s
[2025-12-04 13:27:27] 
  Running METIS baseline...
[2025-12-04 13:27:27]   METIS baseline: cut=29322.04, balance=0.9277, time=0.07s
[2025-12-04 13:27:27]   METIS weights: min=1013.98, max=1093.05, avg=1051.43, std=20.57
[2025-12-04 13:27:27]   → Quantum vs METIS: cut improvement = -74.72%
[2025-12-04 13:27:27] 
  → Aggregate: cut=51232.31±126.08, balance=0.9907, time=30.69±0.35s

================================================================================
[2025-12-04 13:27:27] [110/240] Testing configuration:
  k_target: 32
  coarsen_limit: 500
  balance_weight: 1.6
  num_reads: 450
================================================================================
[2025-12-04 13:28:07]   Trial 1/3: ✓ cut=51035.69, balance=0.9905, time=39.22s
[2025-12-04 13:28:45]   Trial 2/3: ✓ cut=51304.45, balance=0.9906, time=38.74s
[2025-12-04 13:29:25]   Trial 3/3: ✓ cut=50890.56, balance=0.9908, time=39.35s
[2025-12-04 13:29:25] 
  Running METIS baseline...
[2025-12-04 13:29:25]   METIS baseline: cut=29322.04, balance=0.9277, time=0.07s
[2025-12-04 13:29:25]   METIS weights: min=1013.98, max=1093.05, avg=1051.43, std=20.57
[2025-12-04 13:29:25]   → Quantum vs METIS: cut improvement = -74.19%
[2025-12-04 13:29:25] 
  → Aggregate: cut=51076.90±171.46, balance=0.9906, time=39.10±0.27s

================================================================================
[2025-12-04 13:29:25] [111/240] Testing configuration:
  k_target: 32
  coarsen_limit: 500
  balance_weight: 2.1
  num_reads: 50
================================================================================
[2025-12-04 13:29:30]   Trial 1/3: ✓ cut=52648.35, balance=0.9917, time=5.02s
[2025-12-04 13:29:35]   Trial 2/3: ✓ cut=52827.63, balance=0.9900, time=4.94s
[2025-12-04 13:29:40]   Trial 3/3: ✓ cut=53074.90, balance=0.9882, time=4.98s
[2025-12-04 13:29:40] 
  Running METIS baseline...
[2025-12-04 13:29:40]   METIS baseline: cut=29322.04, balance=0.9277, time=0.06s
[2025-12-04 13:29:40]   METIS weights: min=1013.98, max=1093.05, avg=1051.43, std=20.57
[2025-12-04 13:29:40]   → Quantum vs METIS: cut improvement = -80.24%
[2025-12-04 13:29:40] 
  → Aggregate: cut=52850.29±174.88, balance=0.9900, time=4.98±0.03s

================================================================================
[2025-12-04 13:29:40] [112/240] Testing configuration:
  k_target: 32
  coarsen_limit: 500
  balance_weight: 2.1
  num_reads: 150
================================================================================
[2025-12-04 13:29:53]   Trial 1/3: ✓ cut=51751.81, balance=0.9905, time=13.31s
[2025-12-04 13:30:07]   Trial 2/3: ✓ cut=51846.92, balance=0.9903, time=13.64s
[2025-12-04 13:30:20]   Trial 3/3: ✓ cut=52064.64, balance=0.9896, time=13.44s
[2025-12-04 13:30:20] 
  Running METIS baseline...
[2025-12-04 13:30:20]   METIS baseline: cut=29322.04, balance=0.9277, time=0.06s
[2025-12-04 13:30:20]   METIS weights: min=1013.98, max=1093.05, avg=1051.43, std=20.57
[2025-12-04 13:30:20]   → Quantum vs METIS: cut improvement = -76.96%
[2025-12-04 13:30:20] 
  → Aggregate: cut=51887.79±130.94, balance=0.9901, time=13.47±0.14s

================================================================================
[2025-12-04 13:30:20] [113/240] Testing configuration:
  k_target: 32
  coarsen_limit: 500
  balance_weight: 2.1
  num_reads: 250
================================================================================
[2025-12-04 13:30:42]   Trial 1/3: ✓ cut=51765.48, balance=0.9921, time=21.79s
[2025-12-04 13:31:04]   Trial 2/3: ✓ cut=51461.70, balance=0.9901, time=22.06s
[2025-12-04 13:31:26]   Trial 3/3: ✓ cut=51804.41, balance=0.9889, time=21.91s
[2025-12-04 13:31:26] 
  Running METIS baseline...
[2025-12-04 13:31:26]   METIS baseline: cut=29322.04, balance=0.9277, time=0.06s
[2025-12-04 13:31:26]   METIS weights: min=1013.98, max=1093.05, avg=1051.43, std=20.57
[2025-12-04 13:31:26]   → Quantum vs METIS: cut improvement = -76.24%
[2025-12-04 13:31:26] 
  → Aggregate: cut=51677.20±153.21, balance=0.9904, time=21.92±0.11s

================================================================================
[2025-12-04 13:31:26] [114/240] Testing configuration:
  k_target: 32
  coarsen_limit: 500
  balance_weight: 2.1
  num_reads: 350
================================================================================
[2025-12-04 13:31:56]   Trial 1/3: ✓ cut=51386.36, balance=0.9916, time=30.26s
[2025-12-04 13:32:27]   Trial 2/3: ✓ cut=51123.51, balance=0.9874, time=30.70s
[2025-12-04 13:32:57]   Trial 3/3: ✓ cut=51321.53, balance=0.9875, time=29.97s
[2025-12-04 13:32:57] 
  Running METIS baseline...
[2025-12-04 13:32:57]   METIS baseline: cut=29322.04, balance=0.9277, time=0.06s
[2025-12-04 13:32:57]   METIS weights: min=1013.98, max=1093.05, avg=1051.43, std=20.57
[2025-12-04 13:32:57]   → Quantum vs METIS: cut improvement = -74.88%
[2025-12-04 13:32:57] 
  → Aggregate: cut=51277.14±111.81, balance=0.9888, time=30.31±0.30s

================================================================================
[2025-12-04 13:32:57] [115/240] Testing configuration:
  k_target: 32
  coarsen_limit: 500
  balance_weight: 2.1
  num_reads: 450
================================================================================
[2025-12-04 13:33:36]   Trial 1/3: ✓ cut=51079.37, balance=0.9861, time=39.11s
[2025-12-04 13:34:15]   Trial 2/3: ✓ cut=51011.90, balance=0.9900, time=38.88s
[2025-12-04 13:34:54]   Trial 3/3: ✓ cut=50858.44, balance=0.9897, time=38.48s
[2025-12-04 13:34:54] 
  Running METIS baseline...
[2025-12-04 13:34:54]   METIS baseline: cut=29322.04, balance=0.9277, time=0.13s
[2025-12-04 13:34:54]   METIS weights: min=1013.98, max=1093.05, avg=1051.43, std=20.57
[2025-12-04 13:34:54]   → Quantum vs METIS: cut improvement = -73.87%
[2025-12-04 13:34:54] 
  → Aggregate: cut=50983.24±92.44, balance=0.9886, time=38.82±0.26s

================================================================================
[2025-12-04 13:34:54] [116/240] Testing configuration:
  k_target: 32
  coarsen_limit: 500
  balance_weight: 2.6
  num_reads: 50
================================================================================
[2025-12-04 13:34:59]   Trial 1/3: ✓ cut=53027.21, balance=0.9899, time=4.99s
[2025-12-04 13:35:04]   Trial 2/3: ✓ cut=53006.95, balance=0.9907, time=5.19s
[2025-12-04 13:35:09]   Trial 3/3: ✓ cut=52807.45, balance=0.9907, time=5.30s
[2025-12-04 13:35:09] 
  Running METIS baseline...
[2025-12-04 13:35:09]   METIS baseline: cut=29322.04, balance=0.9277, time=0.07s
[2025-12-04 13:35:09]   METIS weights: min=1013.98, max=1093.05, avg=1051.43, std=20.57
[2025-12-04 13:35:09]   → Quantum vs METIS: cut improvement = -80.57%
[2025-12-04 13:35:09] 
  → Aggregate: cut=52947.20±99.17, balance=0.9904, time=5.16±0.13s

================================================================================
[2025-12-04 13:35:09] [117/240] Testing configuration:
  k_target: 32
  coarsen_limit: 500
  balance_weight: 2.6
  num_reads: 150
================================================================================
[2025-12-04 13:35:23]   Trial 1/3: ✓ cut=52177.53, balance=0.9920, time=13.65s
[2025-12-04 13:35:36]   Trial 2/3: ✓ cut=51420.68, balance=0.9904, time=13.37s
[2025-12-04 13:35:50]   Trial 3/3: ✓ cut=52239.95, balance=0.9921, time=13.35s
[2025-12-04 13:35:50] 
  Running METIS baseline...
[2025-12-04 13:35:50]   METIS baseline: cut=29322.04, balance=0.9277, time=0.06s
[2025-12-04 13:35:50]   METIS weights: min=1013.98, max=1093.05, avg=1051.43, std=20.57
[2025-12-04 13:35:50]   → Quantum vs METIS: cut improvement = -77.16%
[2025-12-04 13:35:50] 
  → Aggregate: cut=51946.05±372.37, balance=0.9915, time=13.46±0.14s

================================================================================
[2025-12-04 13:35:50] [118/240] Testing configuration:
  k_target: 32
  coarsen_limit: 500
  balance_weight: 2.6
  num_reads: 250
================================================================================
[2025-12-04 13:36:12]   Trial 1/3: ✓ cut=51872.33, balance=0.9929, time=22.33s
[2025-12-04 13:36:34]   Trial 2/3: ✓ cut=52132.59, balance=0.9934, time=21.88s
[2025-12-04 13:36:56]   Trial 3/3: ✓ cut=51701.91, balance=0.9904, time=22.23s
[2025-12-04 13:36:56] 
  Running METIS baseline...
[2025-12-04 13:36:56]   METIS baseline: cut=29322.04, balance=0.9277, time=0.06s
[2025-12-04 13:36:56]   METIS weights: min=1013.98, max=1093.05, avg=1051.43, std=20.57
[2025-12-04 13:36:56]   → Quantum vs METIS: cut improvement = -77.01%
[2025-12-04 13:36:56] 
  → Aggregate: cut=51902.28±177.10, balance=0.9922, time=22.15±0.19s

================================================================================
[2025-12-04 13:36:56] [119/240] Testing configuration:
  k_target: 32
  coarsen_limit: 500
  balance_weight: 2.6
  num_reads: 350
================================================================================
[2025-12-04 13:37:28]   Trial 1/3: ✓ cut=51766.97, balance=0.9911, time=31.28s
[2025-12-04 13:37:58]   Trial 2/3: ✓ cut=51286.75, balance=0.9911, time=30.35s
[2025-12-04 13:38:29]   Trial 3/3: ✓ cut=51896.87, balance=0.9917, time=30.68s
[2025-12-04 13:38:29] 
  Running METIS baseline...
[2025-12-04 13:38:29]   METIS baseline: cut=29322.04, balance=0.9277, time=0.06s
[2025-12-04 13:38:29]   METIS weights: min=1013.98, max=1093.05, avg=1051.43, std=20.57
[2025-12-04 13:38:29]   → Quantum vs METIS: cut improvement = -76.15%
[2025-12-04 13:38:29] 
  → Aggregate: cut=51650.20±262.41, balance=0.9913, time=30.77±0.38s

================================================================================
[2025-12-04 13:38:29] [120/240] Testing configuration:
  k_target: 32
  coarsen_limit: 500
  balance_weight: 2.6
  num_reads: 450
================================================================================
[2025-12-04 13:39:08]   Trial 1/3: ✓ cut=51119.86, balance=0.9925, time=39.20s
[2025-12-04 13:39:47]   Trial 2/3: ✓ cut=51077.99, balance=0.9921, time=38.83s
[2025-12-04 13:40:26]   Trial 3/3: ✓ cut=51447.14, balance=0.9939, time=39.29s
[2025-12-04 13:40:26] 
  Running METIS baseline...
[2025-12-04 13:40:26]   METIS baseline: cut=29322.04, balance=0.9277, time=0.06s
[2025-12-04 13:40:26]   METIS weights: min=1013.98, max=1093.05, avg=1051.43, std=20.57
[2025-12-04 13:40:26]   → Quantum vs METIS: cut improvement = -74.66%
[2025-12-04 13:40:26] 
  → Aggregate: cut=51215.00±165.04, balance=0.9928, time=39.11±0.20s

================================================================================
[2025-12-04 13:40:26] [121/240] Testing configuration:
  k_target: 32
  coarsen_limit: 600
  balance_weight: 0.1
  num_reads: 50
================================================================================
[2025-12-04 13:40:31]   Trial 1/3: ✓ cut=40745.26, balance=0.9662, time=5.18s
[2025-12-04 13:40:37]   Trial 2/3: ✓ cut=40829.00, balance=0.9553, time=5.07s
[2025-12-04 13:40:42]   Trial 3/3: ✓ cut=41778.08, balance=0.9580, time=5.06s
[2025-12-04 13:40:42] 
  Running METIS baseline...
[2025-12-04 13:40:42]   METIS baseline: cut=29322.04, balance=0.9277, time=0.06s
[2025-12-04 13:40:42]   METIS weights: min=1013.98, max=1093.05, avg=1051.43, std=20.57
[2025-12-04 13:40:42]   → Quantum vs METIS: cut improvement = -40.23%
[2025-12-04 13:40:42] 
  → Aggregate: cut=41117.45±468.39, balance=0.9598, time=5.10±0.06s

================================================================================
[2025-12-04 13:40:42] [122/240] Testing configuration:
  k_target: 32
  coarsen_limit: 600
  balance_weight: 0.1
  num_reads: 150
================================================================================
[2025-12-04 13:40:55]   Trial 1/3: ✓ cut=39848.59, balance=0.9575, time=13.56s
[2025-12-04 13:41:09]   Trial 2/3: ✓ cut=40021.05, balance=0.9570, time=13.91s
[2025-12-04 13:41:23]   Trial 3/3: ✓ cut=39948.74, balance=0.9641, time=13.68s
[2025-12-04 13:41:23] 
  Running METIS baseline...
[2025-12-04 13:41:23]   METIS baseline: cut=29322.04, balance=0.9277, time=0.06s
[2025-12-04 13:41:23]   METIS weights: min=1013.98, max=1093.05, avg=1051.43, std=20.57
[2025-12-04 13:41:23]   → Quantum vs METIS: cut improvement = -36.21%
[2025-12-04 13:41:23] 
  → Aggregate: cut=39939.46±70.71, balance=0.9595, time=13.72±0.15s

================================================================================
[2025-12-04 13:41:23] [123/240] Testing configuration:
  k_target: 32
  coarsen_limit: 600
  balance_weight: 0.1
  num_reads: 250
================================================================================
[2025-12-04 13:41:45]   Trial 1/3: ✓ cut=37999.13, balance=0.9604, time=22.00s
[2025-12-04 13:42:08]   Trial 2/3: ✓ cut=38566.69, balance=0.9664, time=22.64s
[2025-12-04 13:42:30]   Trial 3/3: ✓ cut=39491.06, balance=0.9628, time=22.54s
[2025-12-04 13:42:30] 
  Running METIS baseline...
[2025-12-04 13:42:30]   METIS baseline: cut=29322.04, balance=0.9277, time=0.06s
[2025-12-04 13:42:30]   METIS weights: min=1013.98, max=1093.05, avg=1051.43, std=20.57
[2025-12-04 13:42:30]   → Quantum vs METIS: cut improvement = -31.93%
[2025-12-04 13:42:30] 
  → Aggregate: cut=38685.62±614.86, balance=0.9632, time=22.40±0.28s

================================================================================
[2025-12-04 13:42:30] [124/240] Testing configuration:
  k_target: 32
  coarsen_limit: 600
  balance_weight: 0.1
  num_reads: 350
================================================================================
[2025-12-04 13:43:01]   Trial 1/3: ✓ cut=37539.03, balance=0.9664, time=30.76s
[2025-12-04 13:43:32]   Trial 2/3: ✓ cut=38259.08, balance=0.9550, time=31.03s
[2025-12-04 13:44:03]   Trial 3/3: ✓ cut=38199.44, balance=0.9563, time=30.70s
[2025-12-04 13:44:03] 
  Running METIS baseline...
[2025-12-04 13:44:03]   METIS baseline: cut=29322.04, balance=0.9277, time=0.06s
[2025-12-04 13:44:03]   METIS weights: min=1013.98, max=1093.05, avg=1051.43, std=20.57
[2025-12-04 13:44:03]   → Quantum vs METIS: cut improvement = -29.59%
[2025-12-04 13:44:03] 
  → Aggregate: cut=37999.18±326.29, balance=0.9593, time=30.83±0.14s

================================================================================
[2025-12-04 13:44:03] [125/240] Testing configuration:
  k_target: 32
  coarsen_limit: 600
  balance_weight: 0.1
  num_reads: 450
================================================================================
[2025-12-04 13:44:42]   Trial 1/3: ✓ cut=39262.78, balance=0.9706, time=39.67s
[2025-12-04 13:45:22]   Trial 2/3: ✓ cut=38573.07, balance=0.9652, time=39.66s
[2025-12-04 13:46:02]   Trial 3/3: ✓ cut=38350.95, balance=0.9564, time=39.72s
[2025-12-04 13:46:02] 
  Running METIS baseline...
[2025-12-04 13:46:02]   METIS baseline: cut=29322.04, balance=0.9277, time=0.06s
[2025-12-04 13:46:02]   METIS weights: min=1013.98, max=1093.05, avg=1051.43, std=20.57
[2025-12-04 13:46:02]   → Quantum vs METIS: cut improvement = -32.08%
[2025-12-04 13:46:02] 
  → Aggregate: cut=38728.93±388.22, balance=0.9641, time=39.68±0.03s

================================================================================
[2025-12-04 13:46:02] [126/240] Testing configuration:
  k_target: 32
  coarsen_limit: 600
  balance_weight: 0.6
  num_reads: 50
================================================================================
[2025-12-04 13:46:07]   Trial 1/3: ✓ cut=51364.59, balance=0.9817, time=5.14s
[2025-12-04 13:46:12]   Trial 2/3: ✓ cut=51832.27, balance=0.9858, time=5.13s
[2025-12-04 13:46:17]   Trial 3/3: ✓ cut=51868.09, balance=0.9802, time=5.10s
[2025-12-04 13:46:17] 
  Running METIS baseline...
[2025-12-04 13:46:17]   METIS baseline: cut=29322.04, balance=0.9277, time=0.07s
[2025-12-04 13:46:17]   METIS weights: min=1013.98, max=1093.05, avg=1051.43, std=20.57
[2025-12-04 13:46:17]   → Quantum vs METIS: cut improvement = -76.28%
[2025-12-04 13:46:17] 
  → Aggregate: cut=51688.32±229.37, balance=0.9826, time=5.13±0.02s

================================================================================
[2025-12-04 13:46:17] [127/240] Testing configuration:
  k_target: 32
  coarsen_limit: 600
  balance_weight: 0.6
  num_reads: 150
================================================================================
[2025-12-04 13:46:31]   Trial 1/3: ✓ cut=51277.58, balance=0.9848, time=13.76s
[2025-12-04 13:46:45]   Trial 2/3: ✓ cut=50780.52, balance=0.9829, time=13.35s
[2025-12-04 13:46:58]   Trial 3/3: ✓ cut=50621.23, balance=0.9854, time=13.51s
[2025-12-04 13:46:58] 
  Running METIS baseline...
[2025-12-04 13:46:58]   METIS baseline: cut=29322.04, balance=0.9277, time=0.06s
[2025-12-04 13:46:58]   METIS weights: min=1013.98, max=1093.05, avg=1051.43, std=20.57
[2025-12-04 13:46:58]   → Quantum vs METIS: cut improvement = -73.57%
[2025-12-04 13:46:58] 
  → Aggregate: cut=50893.11±279.53, balance=0.9844, time=13.54±0.17s

================================================================================
[2025-12-04 13:46:58] [128/240] Testing configuration:
  k_target: 32
  coarsen_limit: 600
  balance_weight: 0.6
  num_reads: 250
================================================================================
[2025-12-04 13:47:21]   Trial 1/3: ✓ cut=50478.27, balance=0.9830, time=22.74s
[2025-12-04 13:47:43]   Trial 2/3: ✓ cut=50345.81, balance=0.9871, time=22.14s
[2025-12-04 13:48:05]   Trial 3/3: ✓ cut=50482.06, balance=0.9882, time=21.80s
[2025-12-04 13:48:05] 
  Running METIS baseline...
[2025-12-04 13:48:05]   METIS baseline: cut=29322.04, balance=0.9277, time=0.07s
[2025-12-04 13:48:05]   METIS weights: min=1013.98, max=1093.05, avg=1051.43, std=20.57
[2025-12-04 13:48:05]   → Quantum vs METIS: cut improvement = -72.01%
[2025-12-04 13:48:05] 
  → Aggregate: cut=50435.38±63.35, balance=0.9861, time=22.22±0.39s

================================================================================
[2025-12-04 13:48:05] [129/240] Testing configuration:
  k_target: 32
  coarsen_limit: 600
  balance_weight: 0.6
  num_reads: 350
================================================================================
[2025-12-04 13:48:36]   Trial 1/3: ✓ cut=50259.60, balance=0.9760, time=30.96s
[2025-12-04 13:49:07]   Trial 2/3: ✓ cut=49839.82, balance=0.9846, time=30.69s
[2025-12-04 13:49:37]   Trial 3/3: ✓ cut=49992.21, balance=0.9781, time=30.69s
[2025-12-04 13:49:37] 
  Running METIS baseline...
[2025-12-04 13:49:37]   METIS baseline: cut=29322.04, balance=0.9277, time=0.06s
[2025-12-04 13:49:37]   METIS weights: min=1013.98, max=1093.05, avg=1051.43, std=20.57
[2025-12-04 13:49:37]   → Quantum vs METIS: cut improvement = -70.62%
[2025-12-04 13:49:37] 
  → Aggregate: cut=50030.54±173.50, balance=0.9796, time=30.78±0.13s

================================================================================
[2025-12-04 13:49:37] [130/240] Testing configuration:
  k_target: 32
  coarsen_limit: 600
  balance_weight: 0.6
  num_reads: 450
================================================================================
[2025-12-04 13:50:17]   Trial 1/3: ✓ cut=49756.13, balance=0.9858, time=39.52s
[2025-12-04 13:50:55]   Trial 2/3: ✓ cut=49995.76, balance=0.9834, time=38.59s
[2025-12-04 13:51:35]   Trial 3/3: ✓ cut=49353.52, balance=0.9819, time=39.78s
[2025-12-04 13:51:35] 
  Running METIS baseline...
[2025-12-04 13:51:35]   METIS baseline: cut=29322.04, balance=0.9277, time=0.06s
[2025-12-04 13:51:35]   METIS weights: min=1013.98, max=1093.05, avg=1051.43, std=20.57
[2025-12-04 13:51:35]   → Quantum vs METIS: cut improvement = -69.50%
[2025-12-04 13:51:35] 
  → Aggregate: cut=49701.80±264.99, balance=0.9837, time=39.30±0.51s

================================================================================
[2025-12-04 13:51:35] [131/240] Testing configuration:
  k_target: 32
  coarsen_limit: 600
  balance_weight: 1.1
  num_reads: 50
================================================================================
[2025-12-04 13:51:40]   Trial 1/3: ✓ cut=52523.26, balance=0.9888, time=4.95s
[2025-12-04 13:51:45]   Trial 2/3: ✓ cut=52050.72, balance=0.9869, time=4.97s
[2025-12-04 13:51:50]   Trial 3/3: ✓ cut=52290.47, balance=0.9857, time=4.93s
[2025-12-04 13:51:50] 
  Running METIS baseline...
[2025-12-04 13:51:50]   METIS baseline: cut=29322.04, balance=0.9277, time=0.06s
[2025-12-04 13:51:50]   METIS weights: min=1013.98, max=1093.05, avg=1051.43, std=20.57
[2025-12-04 13:51:50]   → Quantum vs METIS: cut improvement = -78.32%
[2025-12-04 13:51:50] 
  → Aggregate: cut=52288.15±192.92, balance=0.9871, time=4.95±0.02s

================================================================================
[2025-12-04 13:51:50] [132/240] Testing configuration:
  k_target: 32
  coarsen_limit: 600
  balance_weight: 1.1
  num_reads: 150
================================================================================
[2025-12-04 13:52:04]   Trial 1/3: ✓ cut=51755.48, balance=0.9912, time=13.54s
[2025-12-04 13:52:18]   Trial 2/3: ✓ cut=51718.11, balance=0.9822, time=13.85s
[2025-12-04 13:52:31]   Trial 3/3: ✓ cut=51500.17, balance=0.9865, time=13.18s
[2025-12-04 13:52:31] 
  Running METIS baseline...
[2025-12-04 13:52:31]   METIS baseline: cut=29322.04, balance=0.9277, time=0.06s
[2025-12-04 13:52:31]   METIS weights: min=1013.98, max=1093.05, avg=1051.43, std=20.57
[2025-12-04 13:52:31]   → Quantum vs METIS: cut improvement = -76.17%
[2025-12-04 13:52:31] 
  → Aggregate: cut=51657.92±112.58, balance=0.9866, time=13.52±0.27s

================================================================================
[2025-12-04 13:52:31] [133/240] Testing configuration:
  k_target: 32
  coarsen_limit: 600
  balance_weight: 1.1
  num_reads: 250
================================================================================
[2025-12-04 13:52:53]   Trial 1/3: ✓ cut=51255.09, balance=0.9880, time=21.68s
[2025-12-04 13:53:15]   Trial 2/3: ✓ cut=50613.83, balance=0.9854, time=22.51s
[2025-12-04 13:53:37]   Trial 3/3: ✓ cut=51128.98, balance=0.9829, time=21.67s
[2025-12-04 13:53:37] 
  Running METIS baseline...
[2025-12-04 13:53:37]   METIS baseline: cut=29322.04, balance=0.9277, time=0.06s
[2025-12-04 13:53:37]   METIS weights: min=1013.98, max=1093.05, avg=1051.43, std=20.57
[2025-12-04 13:53:37]   → Quantum vs METIS: cut improvement = -73.93%
[2025-12-04 13:53:37] 
  → Aggregate: cut=50999.30±277.39, balance=0.9854, time=21.95±0.40s

================================================================================
[2025-12-04 13:53:37] [134/240] Testing configuration:
  k_target: 32
  coarsen_limit: 600
  balance_weight: 1.1
  num_reads: 350
================================================================================
[2025-12-04 13:54:07]   Trial 1/3: ✓ cut=50886.30, balance=0.9824, time=30.43s
[2025-12-04 13:54:38]   Trial 2/3: ✓ cut=51159.62, balance=0.9901, time=30.46s
[2025-12-04 13:55:08]   Trial 3/3: ✓ cut=51017.38, balance=0.9872, time=30.54s
[2025-12-04 13:55:08] 
  Running METIS baseline...
[2025-12-04 13:55:08]   METIS baseline: cut=29322.04, balance=0.9277, time=0.06s
[2025-12-04 13:55:08]   METIS weights: min=1013.98, max=1093.05, avg=1051.43, std=20.57
[2025-12-04 13:55:08]   → Quantum vs METIS: cut improvement = -74.00%
[2025-12-04 13:55:08] 
  → Aggregate: cut=51021.10±111.61, balance=0.9865, time=30.48±0.04s

================================================================================
[2025-12-04 13:55:08] [135/240] Testing configuration:
  k_target: 32
  coarsen_limit: 600
  balance_weight: 1.1
  num_reads: 450
================================================================================
[2025-12-04 13:55:47]   Trial 1/3: ✓ cut=50863.86, balance=0.9861, time=38.78s
[2025-12-04 13:56:26]   Trial 2/3: ✓ cut=50786.37, balance=0.9881, time=38.91s
[2025-12-04 13:57:05]   Trial 3/3: ✓ cut=51053.59, balance=0.9890, time=38.51s
[2025-12-04 13:57:05] 
  Running METIS baseline...
[2025-12-04 13:57:05]   METIS baseline: cut=29322.04, balance=0.9277, time=0.06s
[2025-12-04 13:57:05]   METIS weights: min=1013.98, max=1093.05, avg=1051.43, std=20.57
[2025-12-04 13:57:05]   → Quantum vs METIS: cut improvement = -73.59%
[2025-12-04 13:57:05] 
  → Aggregate: cut=50901.27±112.25, balance=0.9878, time=38.73±0.17s

================================================================================
[2025-12-04 13:57:05] [136/240] Testing configuration:
  k_target: 32
  coarsen_limit: 600
  balance_weight: 1.6
  num_reads: 50
================================================================================
[2025-12-04 13:57:10]   Trial 1/3: ✓ cut=52550.29, balance=0.9882, time=5.03s
[2025-12-04 13:57:15]   Trial 2/3: ✓ cut=52560.44, balance=0.9848, time=4.95s
[2025-12-04 13:57:20]   Trial 3/3: ✓ cut=52506.97, balance=0.9847, time=4.91s
[2025-12-04 13:57:20] 
  Running METIS baseline...
[2025-12-04 13:57:20]   METIS baseline: cut=29322.04, balance=0.9277, time=0.06s
[2025-12-04 13:57:20]   METIS weights: min=1013.98, max=1093.05, avg=1051.43, std=20.57
[2025-12-04 13:57:20]   → Quantum vs METIS: cut improvement = -79.18%
[2025-12-04 13:57:20] 
  → Aggregate: cut=52539.23±23.19, balance=0.9859, time=4.96±0.05s

================================================================================
[2025-12-04 13:57:20] [137/240] Testing configuration:
  k_target: 32
  coarsen_limit: 600
  balance_weight: 1.6
  num_reads: 150
================================================================================
[2025-12-04 13:57:33]   Trial 1/3: ✓ cut=52113.70, balance=0.9853, time=13.32s
[2025-12-04 13:57:47]   Trial 2/3: ✓ cut=52333.80, balance=0.9839, time=13.72s
[2025-12-04 13:58:00]   Trial 3/3: ✓ cut=52320.81, balance=0.9863, time=13.20s
[2025-12-04 13:58:00] 
  Running METIS baseline...
[2025-12-04 13:58:00]   METIS baseline: cut=29322.04, balance=0.9277, time=0.06s
[2025-12-04 13:58:00]   METIS weights: min=1013.98, max=1093.05, avg=1051.43, std=20.57
[2025-12-04 13:58:00]   → Quantum vs METIS: cut improvement = -78.21%
[2025-12-04 13:58:00] 
  → Aggregate: cut=52256.11±100.83, balance=0.9852, time=13.41±0.22s

================================================================================
[2025-12-04 13:58:00] [138/240] Testing configuration:
  k_target: 32
  coarsen_limit: 600
  balance_weight: 1.6
  num_reads: 250
================================================================================
[2025-12-04 13:58:22]   Trial 1/3: ✓ cut=51659.12, balance=0.9889, time=22.14s
[2025-12-04 13:58:44]   Trial 2/3: ✓ cut=51339.18, balance=0.9850, time=22.11s
[2025-12-04 13:59:07]   Trial 3/3: ✓ cut=51480.48, balance=0.9910, time=22.39s
[2025-12-04 13:59:07] 
  Running METIS baseline...
[2025-12-04 13:59:07]   METIS baseline: cut=29322.04, balance=0.9277, time=0.06s
[2025-12-04 13:59:07]   METIS weights: min=1013.98, max=1093.05, avg=1051.43, std=20.57
[2025-12-04 13:59:07]   → Quantum vs METIS: cut improvement = -75.61%
[2025-12-04 13:59:07] 
  → Aggregate: cut=51492.93±130.91, balance=0.9883, time=22.21±0.13s

================================================================================
[2025-12-04 13:59:07] [139/240] Testing configuration:
  k_target: 32
  coarsen_limit: 600
  balance_weight: 1.6
  num_reads: 350
================================================================================
[2025-12-04 13:59:37]   Trial 1/3: ✓ cut=51801.57, balance=0.9925, time=30.71s
[2025-12-04 14:00:08]   Trial 2/3: ✓ cut=50751.71, balance=0.9871, time=30.58s
[2025-12-04 14:00:38]   Trial 3/3: ✓ cut=51376.77, balance=0.9899, time=30.40s
[2025-12-04 14:00:38] 
  Running METIS baseline...
[2025-12-04 14:00:39]   METIS baseline: cut=29322.04, balance=0.9277, time=0.06s
[2025-12-04 14:00:39]   METIS weights: min=1013.98, max=1093.05, avg=1051.43, std=20.57
[2025-12-04 14:00:39]   → Quantum vs METIS: cut improvement = -74.99%
[2025-12-04 14:00:39] 
  → Aggregate: cut=51310.02±431.20, balance=0.9899, time=30.56±0.12s

================================================================================
[2025-12-04 14:00:39] [140/240] Testing configuration:
  k_target: 32
  coarsen_limit: 600
  balance_weight: 1.6
  num_reads: 450
================================================================================
[2025-12-04 14:01:18]   Trial 1/3: ✓ cut=51495.04, balance=0.9905, time=39.08s
[2025-12-04 14:01:56]   Trial 2/3: ✓ cut=51191.74, balance=0.9904, time=38.47s
[2025-12-04 14:02:36]   Trial 3/3: ✓ cut=51098.52, balance=0.9872, time=39.78s
[2025-12-04 14:02:36] 
  Running METIS baseline...
[2025-12-04 14:02:36]   METIS baseline: cut=29322.04, balance=0.9277, time=0.06s
[2025-12-04 14:02:36]   METIS weights: min=1013.98, max=1093.05, avg=1051.43, std=20.57
[2025-12-04 14:02:36]   → Quantum vs METIS: cut improvement = -74.82%
[2025-12-04 14:02:36] 
  → Aggregate: cut=51261.77±169.28, balance=0.9894, time=39.11±0.53s

================================================================================
[2025-12-04 14:02:36] [141/240] Testing configuration:
  k_target: 32
  coarsen_limit: 600
  balance_weight: 2.1
  num_reads: 50
================================================================================
[2025-12-04 14:02:41]   Trial 1/3: ✓ cut=52592.33, balance=0.9926, time=4.90s
[2025-12-04 14:02:46]   Trial 2/3: ✓ cut=52423.78, balance=0.9917, time=4.85s
[2025-12-04 14:02:51]   Trial 3/3: ✓ cut=53196.17, balance=0.9906, time=4.91s
[2025-12-04 14:02:51] 
  Running METIS baseline...
[2025-12-04 14:02:51]   METIS baseline: cut=29322.04, balance=0.9277, time=0.06s
[2025-12-04 14:02:51]   METIS weights: min=1013.98, max=1093.05, avg=1051.43, std=20.57
[2025-12-04 14:02:51]   → Quantum vs METIS: cut improvement = -79.86%
[2025-12-04 14:02:51] 
  → Aggregate: cut=52737.43±331.60, balance=0.9916, time=4.89±0.03s

================================================================================
[2025-12-04 14:02:51] [142/240] Testing configuration:
  k_target: 32
  coarsen_limit: 600
  balance_weight: 2.1
  num_reads: 150
================================================================================
[2025-12-04 14:03:04]   Trial 1/3: ✓ cut=51659.43, balance=0.9874, time=13.42s
[2025-12-04 14:03:17]   Trial 2/3: ✓ cut=52265.42, balance=0.9928, time=13.35s
[2025-12-04 14:03:31]   Trial 3/3: ✓ cut=51867.89, balance=0.9892, time=13.13s
[2025-12-04 14:03:31] 
  Running METIS baseline...
[2025-12-04 14:03:31]   METIS baseline: cut=29322.04, balance=0.9277, time=0.06s
[2025-12-04 14:03:31]   METIS weights: min=1013.98, max=1093.05, avg=1051.43, std=20.57
[2025-12-04 14:03:31]   → Quantum vs METIS: cut improvement = -77.11%
[2025-12-04 14:03:31] 
  → Aggregate: cut=51930.91±251.38, balance=0.9898, time=13.30±0.13s

================================================================================
[2025-12-04 14:03:31] [143/240] Testing configuration:
  k_target: 32
  coarsen_limit: 600
  balance_weight: 2.1
  num_reads: 250
================================================================================
[2025-12-04 14:03:53]   Trial 1/3: ✓ cut=51851.12, balance=0.9894, time=22.17s
[2025-12-04 14:04:15]   Trial 2/3: ✓ cut=51780.82, balance=0.9916, time=22.30s
[2025-12-04 14:04:37]   Trial 3/3: ✓ cut=51222.29, balance=0.9902, time=21.69s
[2025-12-04 14:04:37] 
  Running METIS baseline...
[2025-12-04 14:04:37]   METIS baseline: cut=29322.04, balance=0.9277, time=0.06s
[2025-12-04 14:04:37]   METIS weights: min=1013.98, max=1093.05, avg=1051.43, std=20.57
[2025-12-04 14:04:37]   → Quantum vs METIS: cut improvement = -76.04%
[2025-12-04 14:04:37] 
  → Aggregate: cut=51618.08±281.33, balance=0.9904, time=22.06±0.26s

================================================================================
[2025-12-04 14:04:37] [144/240] Testing configuration:
  k_target: 32
  coarsen_limit: 600
  balance_weight: 2.1
  num_reads: 350
================================================================================
[2025-12-04 14:05:07]   Trial 1/3: ✓ cut=51432.73, balance=0.9929, time=30.08s
[2025-12-04 14:05:37]   Trial 2/3: ✓ cut=51506.98, balance=0.9907, time=29.95s
[2025-12-04 14:06:07]   Trial 3/3: ✓ cut=50702.62, balance=0.9900, time=30.17s
[2025-12-04 14:06:07] 
  Running METIS baseline...
[2025-12-04 14:06:07]   METIS baseline: cut=29322.04, balance=0.9277, time=0.06s
[2025-12-04 14:06:07]   METIS weights: min=1013.98, max=1093.05, avg=1051.43, std=20.57
[2025-12-04 14:06:07]   → Quantum vs METIS: cut improvement = -74.66%
[2025-12-04 14:06:07] 
  → Aggregate: cut=51214.11±362.95, balance=0.9912, time=30.06±0.09s

================================================================================
[2025-12-04 14:06:07] [145/240] Testing configuration:
  k_target: 32
  coarsen_limit: 600
  balance_weight: 2.1
  num_reads: 450
================================================================================
[2025-12-04 14:06:46]   Trial 1/3: ✓ cut=50971.88, balance=0.9899, time=38.35s
[2025-12-04 14:07:24]   Trial 2/3: ✓ cut=51058.96, balance=0.9918, time=38.77s
[2025-12-04 14:08:03]   Trial 3/3: ✓ cut=51605.76, balance=0.9923, time=38.92s
[2025-12-04 14:08:03] 
  Running METIS baseline...
[2025-12-04 14:08:03]   METIS baseline: cut=29322.04, balance=0.9277, time=0.06s
[2025-12-04 14:08:03]   METIS weights: min=1013.98, max=1093.05, avg=1051.43, std=20.57
[2025-12-04 14:08:03]   → Quantum vs METIS: cut improvement = -74.65%
[2025-12-04 14:08:03] 
  → Aggregate: cut=51212.20±280.55, balance=0.9914, time=38.68±0.24s

================================================================================
[2025-12-04 14:08:03] [146/240] Testing configuration:
  k_target: 32
  coarsen_limit: 600
  balance_weight: 2.6
  num_reads: 50
================================================================================
[2025-12-04 14:08:09]   Trial 1/3: ✓ cut=53027.52, balance=0.9943, time=5.11s
[2025-12-04 14:08:14]   Trial 2/3: ✓ cut=52427.39, balance=0.9895, time=5.12s
[2025-12-04 14:08:19]   Trial 3/3: ✓ cut=52980.79, balance=0.9903, time=4.91s
[2025-12-04 14:08:19] 
  Running METIS baseline...
[2025-12-04 14:08:19]   METIS baseline: cut=29322.04, balance=0.9277, time=0.06s
[2025-12-04 14:08:19]   METIS weights: min=1013.98, max=1093.05, avg=1051.43, std=20.57
[2025-12-04 14:08:19]   → Quantum vs METIS: cut improvement = -80.11%
[2025-12-04 14:08:19] 
  → Aggregate: cut=52811.90±272.56, balance=0.9914, time=5.05±0.09s

================================================================================
[2025-12-04 14:08:19] [147/240] Testing configuration:
  k_target: 32
  coarsen_limit: 600
  balance_weight: 2.6
  num_reads: 150
================================================================================
[2025-12-04 14:08:32]   Trial 1/3: ✓ cut=52039.98, balance=0.9914, time=13.25s
[2025-12-04 14:08:45]   Trial 2/3: ✓ cut=52120.44, balance=0.9928, time=13.21s
[2025-12-04 14:08:59]   Trial 3/3: ✓ cut=52085.79, balance=0.9919, time=13.42s
[2025-12-04 14:08:59] 
  Running METIS baseline...
[2025-12-04 14:08:59]   METIS baseline: cut=29322.04, balance=0.9277, time=0.06s
[2025-12-04 14:08:59]   METIS weights: min=1013.98, max=1093.05, avg=1051.43, std=20.57
[2025-12-04 14:08:59]   → Quantum vs METIS: cut improvement = -77.62%
[2025-12-04 14:08:59] 
  → Aggregate: cut=52082.07±32.95, balance=0.9920, time=13.29±0.09s

================================================================================
[2025-12-04 14:08:59] [148/240] Testing configuration:
  k_target: 32
  coarsen_limit: 600
  balance_weight: 2.6
  num_reads: 250
================================================================================
[2025-12-04 14:09:21]   Trial 1/3: ✓ cut=51427.01, balance=0.9926, time=22.33s
[2025-12-04 14:09:43]   Trial 2/3: ✓ cut=52061.44, balance=0.9909, time=21.91s
[2025-12-04 14:10:05]   Trial 3/3: ✓ cut=51744.63, balance=0.9929, time=21.90s
[2025-12-04 14:10:05] 
  Running METIS baseline...
[2025-12-04 14:10:05]   METIS baseline: cut=29322.04, balance=0.9277, time=0.07s
[2025-12-04 14:10:05]   METIS weights: min=1013.98, max=1093.05, avg=1051.43, std=20.57
[2025-12-04 14:10:05]   → Quantum vs METIS: cut improvement = -76.47%
[2025-12-04 14:10:05] 
  → Aggregate: cut=51744.36±259.00, balance=0.9921, time=22.05±0.20s

================================================================================
[2025-12-04 14:10:05] [149/240] Testing configuration:
  k_target: 32
  coarsen_limit: 600
  balance_weight: 2.6
  num_reads: 350
================================================================================
[2025-12-04 14:10:35]   Trial 1/3: ✓ cut=51339.93, balance=0.9895, time=30.57s
[2025-12-04 14:11:06]   Trial 2/3: ✓ cut=51174.98, balance=0.9911, time=30.14s
[2025-12-04 14:11:36]   Trial 3/3: ✓ cut=51674.18, balance=0.9936, time=30.25s
[2025-12-04 14:11:36] 
  Running METIS baseline...
[2025-12-04 14:11:36]   METIS baseline: cut=29322.04, balance=0.9277, time=0.06s
[2025-12-04 14:11:36]   METIS weights: min=1013.98, max=1093.05, avg=1051.43, std=20.57
[2025-12-04 14:11:36]   → Quantum vs METIS: cut improvement = -75.28%
[2025-12-04 14:11:36] 
  → Aggregate: cut=51396.36±207.67, balance=0.9914, time=30.32±0.18s

================================================================================
[2025-12-04 14:11:36] [150/240] Testing configuration:
  k_target: 32
  coarsen_limit: 600
  balance_weight: 2.6
  num_reads: 450
================================================================================
[2025-12-04 14:12:15]   Trial 1/3: ✓ cut=51462.55, balance=0.9946, time=39.24s
[2025-12-04 14:12:53]   Trial 2/3: ✓ cut=51209.18, balance=0.9927, time=38.28s
[2025-12-04 14:13:33]   Trial 3/3: ✓ cut=51210.74, balance=0.9908, time=39.79s
[2025-12-04 14:13:33] 
  Running METIS baseline...
[2025-12-04 14:13:33]   METIS baseline: cut=29322.04, balance=0.9277, time=0.06s
[2025-12-04 14:13:33]   METIS weights: min=1013.98, max=1093.05, avg=1051.43, std=20.57
[2025-12-04 14:13:33]   → Quantum vs METIS: cut improvement = -74.93%
[2025-12-04 14:13:33] 
  → Aggregate: cut=51294.16±119.07, balance=0.9927, time=39.10±0.62s

================================================================================
[2025-12-04 14:13:33] [151/240] Testing configuration:
  k_target: 32
  coarsen_limit: 700
  balance_weight: 0.1
  num_reads: 50
================================================================================
[2025-12-04 14:13:38]   Trial 1/3: ✓ cut=40736.52, balance=0.9539, time=4.94s
[2025-12-04 14:13:43]   Trial 2/3: ✓ cut=41704.50, balance=0.9571, time=4.97s
[2025-12-04 14:13:48]   Trial 3/3: ✓ cut=40905.90, balance=0.9612, time=4.96s
[2025-12-04 14:13:48] 
  Running METIS baseline...
[2025-12-04 14:13:48]   METIS baseline: cut=29322.04, balance=0.9277, time=0.06s
[2025-12-04 14:13:48]   METIS weights: min=1013.98, max=1093.05, avg=1051.43, std=20.57
[2025-12-04 14:13:48]   → Quantum vs METIS: cut improvement = -40.22%
[2025-12-04 14:13:48] 
  → Aggregate: cut=41115.64±422.09, balance=0.9574, time=4.96±0.01s

================================================================================
[2025-12-04 14:13:48] [152/240] Testing configuration:
  k_target: 32
  coarsen_limit: 700
  balance_weight: 0.1
  num_reads: 150
================================================================================
[2025-12-04 14:14:02]   Trial 1/3: ✓ cut=39967.93, balance=0.9492, time=13.53s
[2025-12-04 14:14:15]   Trial 2/3: ✓ cut=39561.66, balance=0.9581, time=13.63s
[2025-12-04 14:14:29]   Trial 3/3: ✓ cut=40104.93, balance=0.9564, time=13.42s
[2025-12-04 14:14:29] 
  Running METIS baseline...
[2025-12-04 14:14:29]   METIS baseline: cut=29322.04, balance=0.9277, time=0.06s
[2025-12-04 14:14:29]   METIS weights: min=1013.98, max=1093.05, avg=1051.43, std=20.57
[2025-12-04 14:14:29]   → Quantum vs METIS: cut improvement = -36.00%
[2025-12-04 14:14:29] 
  → Aggregate: cut=39878.18±230.69, balance=0.9546, time=13.53±0.09s

================================================================================
[2025-12-04 14:14:29] [153/240] Testing configuration:
  k_target: 32
  coarsen_limit: 700
  balance_weight: 0.1
  num_reads: 250
================================================================================
[2025-12-04 14:14:51]   Trial 1/3: ✓ cut=38833.76, balance=0.9632, time=22.39s
[2025-12-04 14:15:14]   Trial 2/3: ✓ cut=39608.98, balance=0.9634, time=22.78s
[2025-12-04 14:15:37]   Trial 3/3: ✓ cut=39239.71, balance=0.9590, time=22.50s
[2025-12-04 14:15:37] 
  Running METIS baseline...
[2025-12-04 14:15:37]   METIS baseline: cut=29322.04, balance=0.9277, time=0.06s
[2025-12-04 14:15:37]   METIS weights: min=1013.98, max=1093.05, avg=1051.43, std=20.57
[2025-12-04 14:15:37]   → Quantum vs METIS: cut improvement = -33.78%
[2025-12-04 14:15:37] 
  → Aggregate: cut=39227.48±316.60, balance=0.9619, time=22.56±0.17s

================================================================================
[2025-12-04 14:15:37] [154/240] Testing configuration:
  k_target: 32
  coarsen_limit: 700
  balance_weight: 0.1
  num_reads: 350
================================================================================
[2025-12-04 14:16:07]   Trial 1/3: ✓ cut=38760.85, balance=0.9713, time=30.72s
[2025-12-04 14:16:38]   Trial 2/3: ✓ cut=37752.65, balance=0.9608, time=30.59s
[2025-12-04 14:17:09]   Trial 3/3: ✓ cut=39118.23, balance=0.9547, time=30.71s
[2025-12-04 14:17:09] 
  Running METIS baseline...
[2025-12-04 14:17:09]   METIS baseline: cut=29322.04, balance=0.9277, time=0.06s
[2025-12-04 14:17:09]   METIS weights: min=1013.98, max=1093.05, avg=1051.43, std=20.57
[2025-12-04 14:17:09]   → Quantum vs METIS: cut improvement = -31.45%
[2025-12-04 14:17:09] 
  → Aggregate: cut=38543.91±578.22, balance=0.9623, time=30.68±0.06s

================================================================================
[2025-12-04 14:17:09] [155/240] Testing configuration:
  k_target: 32
  coarsen_limit: 700
  balance_weight: 0.1
  num_reads: 450
================================================================================
[2025-12-04 14:17:48]   Trial 1/3: ✓ cut=38375.84, balance=0.9549, time=38.73s
[2025-12-04 14:18:27]   Trial 2/3: ✓ cut=38710.57, balance=0.9672, time=39.36s
[2025-12-04 14:19:07]   Trial 3/3: ✓ cut=37966.26, balance=0.9505, time=39.64s
[2025-12-04 14:19:07] 
  Running METIS baseline...
[2025-12-04 14:19:07]   METIS baseline: cut=29322.04, balance=0.9277, time=0.06s
[2025-12-04 14:19:07]   METIS weights: min=1013.98, max=1093.05, avg=1051.43, std=20.57
[2025-12-04 14:19:07]   → Quantum vs METIS: cut improvement = -30.79%
[2025-12-04 14:19:07] 
  → Aggregate: cut=38350.89±304.38, balance=0.9575, time=39.24±0.38s

================================================================================
[2025-12-04 14:19:07] [156/240] Testing configuration:
  k_target: 32
  coarsen_limit: 700
  balance_weight: 0.6
  num_reads: 50
================================================================================
[2025-12-04 14:19:12]   Trial 1/3: ✓ cut=51772.46, balance=0.9788, time=5.13s
[2025-12-04 14:19:17]   Trial 2/3: ✓ cut=51793.97, balance=0.9839, time=5.04s
[2025-12-04 14:19:22]   Trial 3/3: ✓ cut=51770.60, balance=0.9864, time=5.12s
[2025-12-04 14:19:22] 
  Running METIS baseline...
[2025-12-04 14:19:22]   METIS baseline: cut=29322.04, balance=0.9277, time=0.06s
[2025-12-04 14:19:22]   METIS weights: min=1013.98, max=1093.05, avg=1051.43, std=20.57
[2025-12-04 14:19:22]   → Quantum vs METIS: cut improvement = -76.59%
[2025-12-04 14:19:22] 
  → Aggregate: cut=51779.01±10.60, balance=0.9830, time=5.10±0.04s

================================================================================
[2025-12-04 14:19:22] [157/240] Testing configuration:
  k_target: 32
  coarsen_limit: 700
  balance_weight: 0.6
  num_reads: 150
================================================================================
[2025-12-04 14:19:35]   Trial 1/3: ✓ cut=50919.11, balance=0.9869, time=13.40s
[2025-12-04 14:19:49]   Trial 2/3: ✓ cut=51256.72, balance=0.9842, time=13.35s
[2025-12-04 14:20:02]   Trial 3/3: ✓ cut=50725.90, balance=0.9816, time=13.55s
[2025-12-04 14:20:02] 
  Running METIS baseline...
[2025-12-04 14:20:02]   METIS baseline: cut=29322.04, balance=0.9277, time=0.06s
[2025-12-04 14:20:02]   METIS weights: min=1013.98, max=1093.05, avg=1051.43, std=20.57
[2025-12-04 14:20:02]   → Quantum vs METIS: cut improvement = -73.82%
[2025-12-04 14:20:02] 
  → Aggregate: cut=50967.24±219.37, balance=0.9843, time=13.43±0.08s

================================================================================
[2025-12-04 14:20:02] [158/240] Testing configuration:
  k_target: 32
  coarsen_limit: 700
  balance_weight: 0.6
  num_reads: 250
================================================================================
[2025-12-04 14:20:25]   Trial 1/3: ✓ cut=50581.58, balance=0.9844, time=22.70s
[2025-12-04 14:20:47]   Trial 2/3: ✓ cut=49833.20, balance=0.9825, time=22.10s
[2025-12-04 14:21:10]   Trial 3/3: ✓ cut=50768.41, balance=0.9827, time=22.59s
[2025-12-04 14:21:10] 
  Running METIS baseline...
[2025-12-04 14:21:10]   METIS baseline: cut=29322.04, balance=0.9277, time=0.06s
[2025-12-04 14:21:10]   METIS weights: min=1013.98, max=1093.05, avg=1051.43, std=20.57
[2025-12-04 14:21:10]   → Quantum vs METIS: cut improvement = -71.87%
[2025-12-04 14:21:10] 
  → Aggregate: cut=50394.40±404.09, balance=0.9832, time=22.46±0.26s

================================================================================
[2025-12-04 14:21:10] [159/240] Testing configuration:
  k_target: 32
  coarsen_limit: 700
  balance_weight: 0.6
  num_reads: 350
================================================================================
[2025-12-04 14:21:41]   Trial 1/3: ✓ cut=50401.02, balance=0.9876, time=30.76s
[2025-12-04 14:22:12]   Trial 2/3: ✓ cut=50253.58, balance=0.9841, time=31.22s
[2025-12-04 14:22:42]   Trial 3/3: ✓ cut=50328.57, balance=0.9863, time=30.24s
[2025-12-04 14:22:42] 
  Running METIS baseline...
[2025-12-04 14:22:42]   METIS baseline: cut=29322.04, balance=0.9277, time=0.06s
[2025-12-04 14:22:42]   METIS weights: min=1013.98, max=1093.05, avg=1051.43, std=20.57
[2025-12-04 14:22:42]   → Quantum vs METIS: cut improvement = -71.64%
[2025-12-04 14:22:42] 
  → Aggregate: cut=50327.72±60.20, balance=0.9860, time=30.74±0.40s

================================================================================
[2025-12-04 14:22:42] [160/240] Testing configuration:
  k_target: 32
  coarsen_limit: 700
  balance_weight: 0.6
  num_reads: 450
================================================================================
[2025-12-04 14:23:21]   Trial 1/3: ✓ cut=49859.12, balance=0.9884, time=39.18s
[2025-12-04 14:24:01]   Trial 2/3: ✓ cut=49863.93, balance=0.9803, time=39.20s
[2025-12-04 14:24:40]   Trial 3/3: ✓ cut=50200.88, balance=0.9824, time=39.69s
[2025-12-04 14:24:40] 
  Running METIS baseline...
[2025-12-04 14:24:40]   METIS baseline: cut=29322.04, balance=0.9277, time=0.06s
[2025-12-04 14:24:40]   METIS weights: min=1013.98, max=1093.05, avg=1051.43, std=20.57
[2025-12-04 14:24:40]   → Quantum vs METIS: cut improvement = -70.43%
[2025-12-04 14:24:40] 
  → Aggregate: cut=49974.64±159.99, balance=0.9837, time=39.36±0.23s

================================================================================
[2025-12-04 14:24:40] [161/240] Testing configuration:
  k_target: 32
  coarsen_limit: 700
  balance_weight: 1.1
  num_reads: 50
================================================================================
[2025-12-04 14:24:45]   Trial 1/3: ✓ cut=52218.74, balance=0.9873, time=4.92s
[2025-12-04 14:24:50]   Trial 2/3: ✓ cut=52493.37, balance=0.9873, time=4.90s
[2025-12-04 14:24:55]   Trial 3/3: ✓ cut=52258.74, balance=0.9887, time=4.90s
[2025-12-04 14:24:55] 
  Running METIS baseline...
[2025-12-04 14:24:55]   METIS baseline: cut=29322.04, balance=0.9277, time=0.06s
[2025-12-04 14:24:55]   METIS weights: min=1013.98, max=1093.05, avg=1051.43, std=20.57
[2025-12-04 14:24:55]   → Quantum vs METIS: cut improvement = -78.44%
[2025-12-04 14:24:55] 
  → Aggregate: cut=52323.61±121.14, balance=0.9878, time=4.91±0.01s

================================================================================
[2025-12-04 14:24:55] [162/240] Testing configuration:
  k_target: 32
  coarsen_limit: 700
  balance_weight: 1.1
  num_reads: 150
================================================================================
[2025-12-04 14:25:09]   Trial 1/3: ✓ cut=51907.83, balance=0.9888, time=14.04s
[2025-12-04 14:25:23]   Trial 2/3: ✓ cut=51593.88, balance=0.9899, time=13.41s
[2025-12-04 14:25:36]   Trial 3/3: ✓ cut=51689.77, balance=0.9830, time=13.31s
[2025-12-04 14:25:36] 
  Running METIS baseline...
[2025-12-04 14:25:36]   METIS baseline: cut=29322.04, balance=0.9277, time=0.06s
[2025-12-04 14:25:36]   METIS weights: min=1013.98, max=1093.05, avg=1051.43, std=20.57
[2025-12-04 14:25:36]   → Quantum vs METIS: cut improvement = -76.42%
[2025-12-04 14:25:36] 
  → Aggregate: cut=51730.49±131.37, balance=0.9872, time=13.59±0.32s

================================================================================
[2025-12-04 14:25:36] [163/240] Testing configuration:
  k_target: 32
  coarsen_limit: 700
  balance_weight: 1.1
  num_reads: 250
================================================================================
[2025-12-04 14:25:58]   Trial 1/3: ✓ cut=50922.55, balance=0.9892, time=21.89s
[2025-12-04 14:26:20]   Trial 2/3: ✓ cut=51208.15, balance=0.9892, time=22.42s
[2025-12-04 14:26:42]   Trial 3/3: ✓ cut=51181.24, balance=0.9873, time=21.91s
[2025-12-04 14:26:42] 
  Running METIS baseline...
[2025-12-04 14:26:42]   METIS baseline: cut=29322.04, balance=0.9277, time=0.06s
[2025-12-04 14:26:42]   METIS weights: min=1013.98, max=1093.05, avg=1051.43, std=20.57
[2025-12-04 14:26:42]   → Quantum vs METIS: cut improvement = -74.29%
[2025-12-04 14:26:42] 
  → Aggregate: cut=51103.98±128.76, balance=0.9886, time=22.07±0.24s

================================================================================
[2025-12-04 14:26:42] [164/240] Testing configuration:
  k_target: 32
  coarsen_limit: 700
  balance_weight: 1.1
  num_reads: 350
================================================================================
[2025-12-04 14:27:13]   Trial 1/3: ✓ cut=50892.19, balance=0.9885, time=30.67s
[2025-12-04 14:27:43]   Trial 2/3: ✓ cut=50829.00, balance=0.9866, time=29.84s
[2025-12-04 14:28:13]   Trial 3/3: ✓ cut=50781.94, balance=0.9898, time=30.47s
[2025-12-04 14:28:13] 
  Running METIS baseline...
[2025-12-04 14:28:14]   METIS baseline: cut=29322.04, balance=0.9277, time=0.06s
[2025-12-04 14:28:14]   METIS weights: min=1013.98, max=1093.05, avg=1051.43, std=20.57
[2025-12-04 14:28:14]   → Quantum vs METIS: cut improvement = -73.37%
[2025-12-04 14:28:14] 
  → Aggregate: cut=50834.38±45.17, balance=0.9883, time=30.33±0.35s

================================================================================
[2025-12-04 14:28:14] [165/240] Testing configuration:
  k_target: 32
  coarsen_limit: 700
  balance_weight: 1.1
  num_reads: 450
================================================================================
[2025-12-04 14:28:52]   Trial 1/3: ✓ cut=51019.16, balance=0.9882, time=38.63s
[2025-12-04 14:29:32]   Trial 2/3: ✓ cut=50508.28, balance=0.9881, time=39.76s
[2025-12-04 14:30:12]   Trial 3/3: ✓ cut=50718.98, balance=0.9865, time=39.95s
[2025-12-04 14:30:12] 
  Running METIS baseline...
[2025-12-04 14:30:12]   METIS baseline: cut=29322.04, balance=0.9277, time=0.06s
[2025-12-04 14:30:12]   METIS weights: min=1013.98, max=1093.05, avg=1051.43, std=20.57
[2025-12-04 14:30:12]   → Quantum vs METIS: cut improvement = -73.07%
[2025-12-04 14:30:12] 
  → Aggregate: cut=50748.80±209.63, balance=0.9876, time=39.45±0.58s

================================================================================
[2025-12-04 14:30:12] [166/240] Testing configuration:
  k_target: 32
  coarsen_limit: 700
  balance_weight: 1.6
  num_reads: 50
================================================================================
[2025-12-04 14:30:17]   Trial 1/3: ✓ cut=52790.29, balance=0.9883, time=4.94s
[2025-12-04 14:30:22]   Trial 2/3: ✓ cut=52170.87, balance=0.9856, time=4.92s
[2025-12-04 14:30:27]   Trial 3/3: ✓ cut=52550.96, balance=0.9870, time=5.02s
[2025-12-04 14:30:27] 
  Running METIS baseline...
[2025-12-04 14:30:27]   METIS baseline: cut=29322.04, balance=0.9277, time=0.06s
[2025-12-04 14:30:27]   METIS weights: min=1013.98, max=1093.05, avg=1051.43, std=20.57
[2025-12-04 14:30:27]   → Quantum vs METIS: cut improvement = -79.06%
[2025-12-04 14:30:27] 
  → Aggregate: cut=52504.04±255.05, balance=0.9870, time=4.96±0.04s

================================================================================
[2025-12-04 14:30:27] [167/240] Testing configuration:
  k_target: 32
  coarsen_limit: 700
  balance_weight: 1.6
  num_reads: 150
================================================================================
[2025-12-04 14:30:40]   Trial 1/3: ✓ cut=52095.33, balance=0.9900, time=13.49s
[2025-12-04 14:30:54]   Trial 2/3: ✓ cut=52337.12, balance=0.9864, time=13.22s
[2025-12-04 14:31:07]   Trial 3/3: ✓ cut=51947.00, balance=0.9872, time=13.75s
[2025-12-04 14:31:07] 
  Running METIS baseline...
[2025-12-04 14:31:07]   METIS baseline: cut=29322.04, balance=0.9277, time=0.06s
[2025-12-04 14:31:07]   METIS weights: min=1013.98, max=1093.05, avg=1051.43, std=20.57
[2025-12-04 14:31:07]   → Quantum vs METIS: cut improvement = -77.77%
[2025-12-04 14:31:07] 
  → Aggregate: cut=52126.48±160.78, balance=0.9879, time=13.49±0.22s

================================================================================
[2025-12-04 14:31:07] [168/240] Testing configuration:
  k_target: 32
  coarsen_limit: 700
  balance_weight: 1.6
  num_reads: 250
================================================================================
[2025-12-04 14:31:30]   Trial 1/3: ✓ cut=51181.81, balance=0.9906, time=22.20s
[2025-12-04 14:31:52]   Trial 2/3: ✓ cut=51307.56, balance=0.9893, time=22.01s
[2025-12-04 14:32:14]   Trial 3/3: ✓ cut=51872.47, balance=0.9910, time=22.50s
[2025-12-04 14:32:14] 
  Running METIS baseline...
[2025-12-04 14:32:14]   METIS baseline: cut=29322.04, balance=0.9277, time=0.06s
[2025-12-04 14:32:14]   METIS weights: min=1013.98, max=1093.05, avg=1051.43, std=20.57
[2025-12-04 14:32:14]   → Quantum vs METIS: cut improvement = -75.48%
[2025-12-04 14:32:14] 
  → Aggregate: cut=51453.95±300.36, balance=0.9903, time=22.24±0.20s

================================================================================
[2025-12-04 14:32:14] [169/240] Testing configuration:
  k_target: 32
  coarsen_limit: 700
  balance_weight: 1.6
  num_reads: 350
================================================================================
[2025-12-04 14:32:45]   Trial 1/3: ✓ cut=50779.05, balance=0.9874, time=30.28s
[2025-12-04 14:33:16]   Trial 2/3: ✓ cut=50997.15, balance=0.9889, time=30.91s
[2025-12-04 14:33:46]   Trial 3/3: ✓ cut=51218.56, balance=0.9894, time=30.31s
[2025-12-04 14:33:46] 
  Running METIS baseline...
[2025-12-04 14:33:46]   METIS baseline: cut=29322.04, balance=0.9277, time=0.06s
[2025-12-04 14:33:46]   METIS weights: min=1013.98, max=1093.05, avg=1051.43, std=20.57
[2025-12-04 14:33:46]   → Quantum vs METIS: cut improvement = -73.92%
[2025-12-04 14:33:46] 
  → Aggregate: cut=50998.25±179.43, balance=0.9886, time=30.50±0.29s

================================================================================
[2025-12-04 14:33:46] [170/240] Testing configuration:
  k_target: 32
  coarsen_limit: 700
  balance_weight: 1.6
  num_reads: 450
================================================================================
[2025-12-04 14:34:25]   Trial 1/3: ✓ cut=51478.15, balance=0.9902, time=38.98s
[2025-12-04 14:35:04]   Trial 2/3: ✓ cut=51030.79, balance=0.9906, time=39.50s
[2025-12-04 14:35:44]   Trial 3/3: ✓ cut=50793.94, balance=0.9906, time=39.43s
[2025-12-04 14:35:44] 
  Running METIS baseline...
[2025-12-04 14:35:44]   METIS baseline: cut=29322.04, balance=0.9277, time=0.06s
[2025-12-04 14:35:44]   METIS weights: min=1013.98, max=1093.05, avg=1051.43, std=20.57
[2025-12-04 14:35:44]   → Quantum vs METIS: cut improvement = -74.27%
[2025-12-04 14:35:44] 
  → Aggregate: cut=51100.96±283.70, balance=0.9905, time=39.30±0.23s

================================================================================
[2025-12-04 14:35:44] [171/240] Testing configuration:
  k_target: 32
  coarsen_limit: 700
  balance_weight: 2.1
  num_reads: 50
================================================================================
[2025-12-04 14:35:49]   Trial 1/3: ✓ cut=52647.50, balance=0.9901, time=4.93s
[2025-12-04 14:35:54]   Trial 2/3: ✓ cut=52403.47, balance=0.9889, time=4.92s
[2025-12-04 14:35:59]   Trial 3/3: ✓ cut=52711.33, balance=0.9868, time=4.90s
[2025-12-04 14:35:59] 
  Running METIS baseline...
[2025-12-04 14:35:59]   METIS baseline: cut=29322.04, balance=0.9277, time=0.06s
[2025-12-04 14:35:59]   METIS weights: min=1013.98, max=1093.05, avg=1051.43, std=20.57
[2025-12-04 14:35:59]   → Quantum vs METIS: cut improvement = -79.34%
[2025-12-04 14:35:59] 
  → Aggregate: cut=52587.43±132.67, balance=0.9886, time=4.92±0.01s

================================================================================
[2025-12-04 14:35:59] [172/240] Testing configuration:
  k_target: 32
  coarsen_limit: 700
  balance_weight: 2.1
  num_reads: 150
================================================================================
[2025-12-04 14:36:12]   Trial 1/3: ✓ cut=51783.21, balance=0.9893, time=13.67s
[2025-12-04 14:36:26]   Trial 2/3: ✓ cut=52164.50, balance=0.9876, time=13.37s
[2025-12-04 14:36:39]   Trial 3/3: ✓ cut=51994.75, balance=0.9904, time=13.29s
[2025-12-04 14:36:39] 
  Running METIS baseline...
[2025-12-04 14:36:39]   METIS baseline: cut=29322.04, balance=0.9277, time=0.06s
[2025-12-04 14:36:39]   METIS weights: min=1013.98, max=1093.05, avg=1051.43, std=20.57
[2025-12-04 14:36:39]   → Quantum vs METIS: cut improvement = -77.28%
[2025-12-04 14:36:39] 
  → Aggregate: cut=51980.82±155.97, balance=0.9891, time=13.44±0.16s

================================================================================
[2025-12-04 14:36:39] [173/240] Testing configuration:
  k_target: 32
  coarsen_limit: 700
  balance_weight: 2.1
  num_reads: 250
================================================================================
[2025-12-04 14:37:01]   Trial 1/3: ✓ cut=51629.20, balance=0.9907, time=21.96s
[2025-12-04 14:37:23]   Trial 2/3: ✓ cut=51450.54, balance=0.9904, time=22.13s
[2025-12-04 14:37:45]   Trial 3/3: ✓ cut=51835.61, balance=0.9924, time=21.76s
[2025-12-04 14:37:45] 
  Running METIS baseline...
[2025-12-04 14:37:45]   METIS baseline: cut=29322.04, balance=0.9277, time=0.06s
[2025-12-04 14:37:45]   METIS weights: min=1013.98, max=1093.05, avg=1051.43, std=20.57
[2025-12-04 14:37:45]   → Quantum vs METIS: cut improvement = -76.11%
[2025-12-04 14:37:45] 
  → Aggregate: cut=51638.45±157.34, balance=0.9912, time=21.95±0.15s

================================================================================
[2025-12-04 14:37:45] [174/240] Testing configuration:
  k_target: 32
  coarsen_limit: 700
  balance_weight: 2.1
  num_reads: 350
================================================================================
[2025-12-04 14:38:16]   Trial 1/3: ✓ cut=51417.62, balance=0.9900, time=30.84s
[2025-12-04 14:38:46]   Trial 2/3: ✓ cut=51035.61, balance=0.9893, time=30.23s
[2025-12-04 14:39:17]   Trial 3/3: ✓ cut=51800.55, balance=0.9907, time=30.91s
[2025-12-04 14:39:17] 
  Running METIS baseline...
[2025-12-04 14:39:17]   METIS baseline: cut=29322.04, balance=0.9277, time=0.06s
[2025-12-04 14:39:17]   METIS weights: min=1013.98, max=1093.05, avg=1051.43, std=20.57
[2025-12-04 14:39:17]   → Quantum vs METIS: cut improvement = -75.36%
[2025-12-04 14:39:17] 
  → Aggregate: cut=51417.92±312.28, balance=0.9900, time=30.66±0.31s

================================================================================
[2025-12-04 14:39:17] [175/240] Testing configuration:
  k_target: 32
  coarsen_limit: 700
  balance_weight: 2.1
  num_reads: 450
================================================================================
[2025-12-04 14:39:56]   Trial 1/3: ✓ cut=51581.28, balance=0.9914, time=38.50s
[2025-12-04 14:40:35]   Trial 2/3: ✓ cut=50956.87, balance=0.9903, time=39.64s
[2025-12-04 14:41:15]   Trial 3/3: ✓ cut=51332.23, balance=0.9905, time=39.14s
[2025-12-04 14:41:15] 
  Running METIS baseline...
[2025-12-04 14:41:15]   METIS baseline: cut=29322.04, balance=0.9277, time=0.06s
[2025-12-04 14:41:15]   METIS weights: min=1013.98, max=1093.05, avg=1051.43, std=20.57
[2025-12-04 14:41:15]   → Quantum vs METIS: cut improvement = -74.92%
[2025-12-04 14:41:15] 
  → Aggregate: cut=51290.12±256.65, balance=0.9907, time=39.09±0.46s

================================================================================
[2025-12-04 14:41:15] [176/240] Testing configuration:
  k_target: 32
  coarsen_limit: 700
  balance_weight: 2.6
  num_reads: 50
================================================================================
[2025-12-04 14:41:20]   Trial 1/3: ✓ cut=52796.82, balance=0.9901, time=4.96s
[2025-12-04 14:41:24]   Trial 2/3: ✓ cut=52299.23, balance=0.9893, time=4.92s
[2025-12-04 14:41:29]   Trial 3/3: ✓ cut=53131.21, balance=0.9915, time=4.92s
[2025-12-04 14:41:29] 
  Running METIS baseline...
[2025-12-04 14:41:29]   METIS baseline: cut=29322.04, balance=0.9277, time=0.07s
[2025-12-04 14:41:29]   METIS weights: min=1013.98, max=1093.05, avg=1051.43, std=20.57
[2025-12-04 14:41:29]   → Quantum vs METIS: cut improvement = -79.87%
[2025-12-04 14:41:29] 
  → Aggregate: cut=52742.42±341.82, balance=0.9903, time=4.93±0.02s

================================================================================
[2025-12-04 14:41:30] [177/240] Testing configuration:
  k_target: 32
  coarsen_limit: 700
  balance_weight: 2.6
  num_reads: 150
================================================================================
[2025-12-04 14:41:43]   Trial 1/3: ✓ cut=52178.34, balance=0.9925, time=13.47s
[2025-12-04 14:41:56]   Trial 2/3: ✓ cut=52324.04, balance=0.9924, time=13.40s
[2025-12-04 14:42:10]   Trial 3/3: ✓ cut=51588.97, balance=0.9893, time=13.93s
[2025-12-04 14:42:10] 
  Running METIS baseline...
[2025-12-04 14:42:10]   METIS baseline: cut=29322.04, balance=0.9277, time=0.13s
[2025-12-04 14:42:10]   METIS weights: min=1013.98, max=1093.05, avg=1051.43, std=20.57
[2025-12-04 14:42:10]   → Quantum vs METIS: cut improvement = -77.44%
[2025-12-04 14:42:10] 
  → Aggregate: cut=52030.45±317.79, balance=0.9914, time=13.60±0.24s

================================================================================
[2025-12-04 14:42:10] [178/240] Testing configuration:
  k_target: 32
  coarsen_limit: 700
  balance_weight: 2.6
  num_reads: 250
================================================================================
[2025-12-04 14:42:33]   Trial 1/3: ✓ cut=51740.64, balance=0.9896, time=22.06s
[2025-12-04 14:42:54]   Trial 2/3: ✓ cut=51511.12, balance=0.9893, time=21.91s
[2025-12-04 14:43:17]   Trial 3/3: ✓ cut=51755.70, balance=0.9910, time=22.40s
[2025-12-04 14:43:17] 
  Running METIS baseline...
[2025-12-04 14:43:17]   METIS baseline: cut=29322.04, balance=0.9277, time=0.06s
[2025-12-04 14:43:17]   METIS weights: min=1013.98, max=1093.05, avg=1051.43, std=20.57
[2025-12-04 14:43:17]   → Quantum vs METIS: cut improvement = -76.21%
[2025-12-04 14:43:17] 
  → Aggregate: cut=51669.16±111.91, balance=0.9900, time=22.13±0.20s

================================================================================
[2025-12-04 14:43:17] [179/240] Testing configuration:
  k_target: 32
  coarsen_limit: 700
  balance_weight: 2.6
  num_reads: 350
================================================================================
[2025-12-04 14:43:47]   Trial 1/3: ✓ cut=51565.70, balance=0.9911, time=30.31s
[2025-12-04 14:44:18]   Trial 2/3: ✓ cut=51278.75, balance=0.9885, time=30.70s
[2025-12-04 14:44:48]   Trial 3/3: ✓ cut=51436.04, balance=0.9916, time=30.29s
[2025-12-04 14:44:48] 
  Running METIS baseline...
[2025-12-04 14:44:48]   METIS baseline: cut=29322.04, balance=0.9277, time=0.06s
[2025-12-04 14:44:48]   METIS weights: min=1013.98, max=1093.05, avg=1051.43, std=20.57
[2025-12-04 14:44:48]   → Quantum vs METIS: cut improvement = -75.39%
[2025-12-04 14:44:48] 
  → Aggregate: cut=51426.83±117.33, balance=0.9904, time=30.44±0.19s

================================================================================
[2025-12-04 14:44:48] [180/240] Testing configuration:
  k_target: 32
  coarsen_limit: 700
  balance_weight: 2.6
  num_reads: 450
================================================================================
[2025-12-04 14:45:28]   Trial 1/3: ✓ cut=51694.55, balance=0.9894, time=39.22s
[2025-12-04 14:46:07]   Trial 2/3: ✓ cut=51380.94, balance=0.9925, time=39.28s
[2025-12-04 14:46:46]   Trial 3/3: ✓ cut=51293.60, balance=0.9905, time=39.52s
[2025-12-04 14:46:46] 
  Running METIS baseline...
[2025-12-04 14:46:46]   METIS baseline: cut=29322.04, balance=0.9277, time=0.06s
[2025-12-04 14:46:46]   METIS weights: min=1013.98, max=1093.05, avg=1051.43, std=20.57
[2025-12-04 14:46:46]   → Quantum vs METIS: cut improvement = -75.49%
[2025-12-04 14:46:46] 
  → Aggregate: cut=51456.36±172.16, balance=0.9908, time=39.34±0.13s

================================================================================
[2025-12-04 14:46:46] [181/240] Testing configuration:
  k_target: 32
  coarsen_limit: 800
  balance_weight: 0.1
  num_reads: 50
================================================================================
[2025-12-04 14:46:51]   Trial 1/3: ✓ cut=40421.11, balance=0.9626, time=5.00s
[2025-12-04 14:46:56]   Trial 2/3: ✓ cut=40964.53, balance=0.9580, time=5.03s
[2025-12-04 14:47:02]   Trial 3/3: ✓ cut=41021.32, balance=0.9599, time=5.07s
[2025-12-04 14:47:02] 
  Running METIS baseline...
[2025-12-04 14:47:02]   METIS baseline: cut=29322.04, balance=0.9277, time=0.06s
[2025-12-04 14:47:02]   METIS weights: min=1013.98, max=1093.05, avg=1051.43, std=20.57
[2025-12-04 14:47:02]   → Quantum vs METIS: cut improvement = -39.15%
[2025-12-04 14:47:02] 
  → Aggregate: cut=40802.32±270.55, balance=0.9602, time=5.03±0.03s

================================================================================
[2025-12-04 14:47:02] [182/240] Testing configuration:
  k_target: 32
  coarsen_limit: 800
  balance_weight: 0.1
  num_reads: 150
================================================================================
[2025-12-04 14:47:16]   Trial 1/3: ✓ cut=39284.79, balance=0.9684, time=13.85s
[2025-12-04 14:47:29]   Trial 2/3: ✓ cut=40082.80, balance=0.9597, time=13.28s
[2025-12-04 14:47:42]   Trial 3/3: ✓ cut=39103.54, balance=0.9684, time=13.51s
[2025-12-04 14:47:42] 
  Running METIS baseline...
[2025-12-04 14:47:42]   METIS baseline: cut=29322.04, balance=0.9277, time=0.12s
[2025-12-04 14:47:42]   METIS weights: min=1013.98, max=1093.05, avg=1051.43, std=20.57
[2025-12-04 14:47:42]   → Quantum vs METIS: cut improvement = -34.68%
[2025-12-04 14:47:42] 
  → Aggregate: cut=39490.38±425.39, balance=0.9655, time=13.55±0.23s

================================================================================
[2025-12-04 14:47:42] [183/240] Testing configuration:
  k_target: 32
  coarsen_limit: 800
  balance_weight: 0.1
  num_reads: 250
================================================================================
[2025-12-04 14:48:05]   Trial 1/3: ✓ cut=39128.91, balance=0.9558, time=22.51s
[2025-12-04 14:48:27]   Trial 2/3: ✓ cut=39155.36, balance=0.9614, time=22.49s
[2025-12-04 14:48:49]   Trial 3/3: ✓ cut=39206.79, balance=0.9576, time=21.80s
[2025-12-04 14:48:49] 
  Running METIS baseline...
[2025-12-04 14:48:49]   METIS baseline: cut=29322.04, balance=0.9277, time=0.06s
[2025-12-04 14:48:49]   METIS weights: min=1013.98, max=1093.05, avg=1051.43, std=20.57
[2025-12-04 14:48:49]   → Quantum vs METIS: cut improvement = -33.56%
[2025-12-04 14:48:49] 
  → Aggregate: cut=39163.68±32.33, balance=0.9583, time=22.27±0.33s

================================================================================
[2025-12-04 14:48:49] [184/240] Testing configuration:
  k_target: 32
  coarsen_limit: 800
  balance_weight: 0.1
  num_reads: 350
================================================================================
[2025-12-04 14:49:20]   Trial 1/3: ✓ cut=38244.26, balance=0.9544, time=31.04s
[2025-12-04 14:49:51]   Trial 2/3: ✓ cut=38603.10, balance=0.9627, time=30.31s
[2025-12-04 14:50:22]   Trial 3/3: ✓ cut=37836.88, balance=0.9614, time=31.03s
[2025-12-04 14:50:22] 
  Running METIS baseline...
[2025-12-04 14:50:22]   METIS baseline: cut=29322.04, balance=0.9277, time=0.06s
[2025-12-04 14:50:22]   METIS weights: min=1013.98, max=1093.05, avg=1051.43, std=20.57
[2025-12-04 14:50:22]   → Quantum vs METIS: cut improvement = -30.37%
[2025-12-04 14:50:22] 
  → Aggregate: cut=38228.08±313.02, balance=0.9595, time=30.79±0.34s

================================================================================
[2025-12-04 14:50:22] [185/240] Testing configuration:
  k_target: 32
  coarsen_limit: 800
  balance_weight: 0.1
  num_reads: 450
================================================================================
[2025-12-04 14:51:01]   Trial 1/3: ✓ cut=38330.79, balance=0.9624, time=38.99s
[2025-12-04 14:51:41]   Trial 2/3: ✓ cut=37819.04, balance=0.9652, time=39.77s
[2025-12-04 14:52:21]   Trial 3/3: ✓ cut=38534.37, balance=0.9649, time=39.96s
[2025-12-04 14:52:21] 
  Running METIS baseline...
[2025-12-04 14:52:21]   METIS baseline: cut=29322.04, balance=0.9277, time=0.06s
[2025-12-04 14:52:21]   METIS weights: min=1013.98, max=1093.05, avg=1051.43, std=20.57
[2025-12-04 14:52:21]   → Quantum vs METIS: cut improvement = -30.37%
[2025-12-04 14:52:21] 
  → Aggregate: cut=38228.07±300.93, balance=0.9642, time=39.57±0.42s

================================================================================
[2025-12-04 14:52:21] [186/240] Testing configuration:
  k_target: 32
  coarsen_limit: 800
  balance_weight: 0.6
  num_reads: 50
================================================================================
[2025-12-04 14:52:26]   Trial 1/3: ✓ cut=51668.81, balance=0.9755, time=4.94s
[2025-12-04 14:52:31]   Trial 2/3: ✓ cut=51718.10, balance=0.9831, time=4.93s
[2025-12-04 14:52:35]   Trial 3/3: ✓ cut=51523.69, balance=0.9871, time=4.96s
[2025-12-04 14:52:35] 
  Running METIS baseline...
[2025-12-04 14:52:36]   METIS baseline: cut=29322.04, balance=0.9277, time=0.06s
[2025-12-04 14:52:36]   METIS weights: min=1013.98, max=1093.05, avg=1051.43, std=20.57
[2025-12-04 14:52:36]   → Quantum vs METIS: cut improvement = -76.10%
[2025-12-04 14:52:36] 
  → Aggregate: cut=51636.87±82.52, balance=0.9819, time=4.94±0.01s

================================================================================
[2025-12-04 14:52:36] [187/240] Testing configuration:
  k_target: 32
  coarsen_limit: 800
  balance_weight: 0.6
  num_reads: 150
================================================================================
[2025-12-04 14:52:49]   Trial 1/3: ✓ cut=50765.52, balance=0.9843, time=13.55s
[2025-12-04 14:53:03]   Trial 2/3: ✓ cut=50482.02, balance=0.9836, time=13.57s
[2025-12-04 14:53:17]   Trial 3/3: ✓ cut=50864.02, balance=0.9807, time=14.09s
[2025-12-04 14:53:17] 
  Running METIS baseline...
[2025-12-04 14:53:17]   METIS baseline: cut=29322.04, balance=0.9277, time=0.06s
[2025-12-04 14:53:17]   METIS weights: min=1013.98, max=1093.05, avg=1051.43, std=20.57
[2025-12-04 14:53:17]   → Quantum vs METIS: cut improvement = -72.92%
[2025-12-04 14:53:17] 
  → Aggregate: cut=50703.85±161.93, balance=0.9828, time=13.74±0.25s

================================================================================
[2025-12-04 14:53:17] [188/240] Testing configuration:
  k_target: 32
  coarsen_limit: 800
  balance_weight: 0.6
  num_reads: 250
================================================================================
[2025-12-04 14:53:39]   Trial 1/3: ✓ cut=50295.57, balance=0.9875, time=22.08s
[2025-12-04 14:54:01]   Trial 2/3: ✓ cut=50472.61, balance=0.9828, time=22.12s
[2025-12-04 14:54:23]   Trial 3/3: ✓ cut=50467.28, balance=0.9871, time=22.18s
[2025-12-04 14:54:23] 
  Running METIS baseline...
[2025-12-04 14:54:23]   METIS baseline: cut=29322.04, balance=0.9277, time=0.06s
[2025-12-04 14:54:23]   METIS weights: min=1013.98, max=1093.05, avg=1051.43, std=20.57
[2025-12-04 14:54:23]   → Quantum vs METIS: cut improvement = -71.92%
[2025-12-04 14:54:23] 
  → Aggregate: cut=50411.82±82.23, balance=0.9858, time=22.13±0.04s

================================================================================
[2025-12-04 14:54:23] [189/240] Testing configuration:
  k_target: 32
  coarsen_limit: 800
  balance_weight: 0.6
  num_reads: 350
================================================================================
[2025-12-04 14:54:54]   Trial 1/3: ✓ cut=50357.87, balance=0.9888, time=30.37s
[2025-12-04 14:55:25]   Trial 2/3: ✓ cut=49761.99, balance=0.9836, time=30.97s
[2025-12-04 14:55:55]   Trial 3/3: ✓ cut=49978.22, balance=0.9855, time=30.49s
[2025-12-04 14:55:55] 
  Running METIS baseline...
[2025-12-04 14:55:55]   METIS baseline: cut=29322.04, balance=0.9277, time=0.06s
[2025-12-04 14:55:55]   METIS weights: min=1013.98, max=1093.05, avg=1051.43, std=20.57
[2025-12-04 14:55:55]   → Quantum vs METIS: cut improvement = -70.63%
[2025-12-04 14:55:55] 
  → Aggregate: cut=50032.69±246.30, balance=0.9860, time=30.61±0.26s

================================================================================
[2025-12-04 14:55:55] [190/240] Testing configuration:
  k_target: 32
  coarsen_limit: 800
  balance_weight: 0.6
  num_reads: 450
================================================================================
[2025-12-04 14:56:35]   Trial 1/3: ✓ cut=49732.97, balance=0.9816, time=39.79s
[2025-12-04 14:57:15]   Trial 2/3: ✓ cut=49512.79, balance=0.9881, time=40.11s
[2025-12-04 14:57:54]   Trial 3/3: ✓ cut=49680.42, balance=0.9758, time=39.03s
[2025-12-04 14:57:54] 
  Running METIS baseline...
[2025-12-04 14:57:54]   METIS baseline: cut=29322.04, balance=0.9277, time=0.07s
[2025-12-04 14:57:54]   METIS weights: min=1013.98, max=1093.05, avg=1051.43, std=20.57
[2025-12-04 14:57:54]   → Quantum vs METIS: cut improvement = -69.30%
[2025-12-04 14:57:54] 
  → Aggregate: cut=49642.06±93.89, balance=0.9818, time=39.64±0.46s

================================================================================
[2025-12-04 14:57:54] [191/240] Testing configuration:
  k_target: 32
  coarsen_limit: 800
  balance_weight: 1.1
  num_reads: 50
================================================================================
[2025-12-04 14:57:59]   Trial 1/3: ✓ cut=52335.13, balance=0.9854, time=4.91s
[2025-12-04 14:58:04]   Trial 2/3: ✓ cut=52282.92, balance=0.9869, time=5.16s
[2025-12-04 14:58:10]   Trial 3/3: ✓ cut=52326.23, balance=0.9888, time=5.19s
[2025-12-04 14:58:10] 
  Running METIS baseline...
[2025-12-04 14:58:10]   METIS baseline: cut=29322.04, balance=0.9277, time=0.07s
[2025-12-04 14:58:10]   METIS weights: min=1013.98, max=1093.05, avg=1051.43, std=20.57
[2025-12-04 14:58:10]   → Quantum vs METIS: cut improvement = -78.41%
[2025-12-04 14:58:10] 
  → Aggregate: cut=52314.76±22.80, balance=0.9870, time=5.09±0.12s

================================================================================
[2025-12-04 14:58:10] [192/240] Testing configuration:
  k_target: 32
  coarsen_limit: 800
  balance_weight: 1.1
  num_reads: 150
================================================================================
[2025-12-04 14:58:23]   Trial 1/3: ✓ cut=51682.50, balance=0.9874, time=13.44s
[2025-12-04 14:58:36]   Trial 2/3: ✓ cut=51730.97, balance=0.9893, time=13.29s
[2025-12-04 14:58:50]   Trial 3/3: ✓ cut=51604.37, balance=0.9898, time=13.89s
[2025-12-04 14:58:50] 
  Running METIS baseline...
[2025-12-04 14:58:50]   METIS baseline: cut=29322.04, balance=0.9277, time=0.06s
[2025-12-04 14:58:50]   METIS weights: min=1013.98, max=1093.05, avg=1051.43, std=20.57
[2025-12-04 14:58:50]   → Quantum vs METIS: cut improvement = -76.22%
[2025-12-04 14:58:50] 
  → Aggregate: cut=51672.61±52.15, balance=0.9888, time=13.54±0.26s

================================================================================
[2025-12-04 14:58:50] [193/240] Testing configuration:
  k_target: 32
  coarsen_limit: 800
  balance_weight: 1.1
  num_reads: 250
================================================================================
[2025-12-04 14:59:13]   Trial 1/3: ✓ cut=51164.43, balance=0.9861, time=22.83s
[2025-12-04 14:59:35]   Trial 2/3: ✓ cut=51414.84, balance=0.9892, time=22.22s
[2025-12-04 14:59:57]   Trial 3/3: ✓ cut=51036.31, balance=0.9865, time=21.71s
[2025-12-04 14:59:57] 
  Running METIS baseline...
[2025-12-04 14:59:57]   METIS baseline: cut=29322.04, balance=0.9277, time=0.06s
[2025-12-04 14:59:57]   METIS weights: min=1013.98, max=1093.05, avg=1051.43, std=20.57
[2025-12-04 14:59:57]   → Quantum vs METIS: cut improvement = -74.63%
[2025-12-04 14:59:57] 
  → Aggregate: cut=51205.19±157.20, balance=0.9873, time=22.25±0.46s

================================================================================
[2025-12-04 14:59:57] [194/240] Testing configuration:
  k_target: 32
  coarsen_limit: 800
  balance_weight: 1.1
  num_reads: 350
================================================================================
[2025-12-04 15:00:28]   Trial 1/3: ✓ cut=51217.65, balance=0.9875, time=30.76s
[2025-12-04 15:00:58]   Trial 2/3: ✓ cut=50732.64, balance=0.9885, time=30.26s
[2025-12-04 15:01:29]   Trial 3/3: ✓ cut=50890.94, balance=0.9882, time=30.57s
[2025-12-04 15:01:29] 
  Running METIS baseline...
[2025-12-04 15:01:29]   METIS baseline: cut=29322.04, balance=0.9277, time=0.06s
[2025-12-04 15:01:29]   METIS weights: min=1013.98, max=1093.05, avg=1051.43, std=20.57
[2025-12-04 15:01:29]   → Quantum vs METIS: cut improvement = -73.75%
[2025-12-04 15:01:29] 
  → Aggregate: cut=50947.08±201.94, balance=0.9881, time=30.53±0.21s

================================================================================
[2025-12-04 15:01:29] [195/240] Testing configuration:
  k_target: 32
  coarsen_limit: 800
  balance_weight: 1.1
  num_reads: 450
================================================================================
[2025-12-04 15:02:08]   Trial 1/3: ✓ cut=50740.92, balance=0.9873, time=38.74s
[2025-12-04 15:02:47]   Trial 2/3: ✓ cut=50629.37, balance=0.9880, time=39.23s
[2025-12-04 15:03:26]   Trial 3/3: ✓ cut=50644.38, balance=0.9876, time=39.05s
[2025-12-04 15:03:26] 
  Running METIS baseline...
[2025-12-04 15:03:26]   METIS baseline: cut=29322.04, balance=0.9277, time=0.06s
[2025-12-04 15:03:26]   METIS weights: min=1013.98, max=1093.05, avg=1051.43, std=20.57
[2025-12-04 15:03:26]   → Quantum vs METIS: cut improvement = -72.81%
[2025-12-04 15:03:26] 
  → Aggregate: cut=50671.55±49.43, balance=0.9877, time=39.01±0.20s

================================================================================
[2025-12-04 15:03:26] [196/240] Testing configuration:
  k_target: 32
  coarsen_limit: 800
  balance_weight: 1.6
  num_reads: 50
================================================================================
[2025-12-04 15:03:31]   Trial 1/3: ✓ cut=52579.67, balance=0.9890, time=4.89s
[2025-12-04 15:03:36]   Trial 2/3: ✓ cut=52644.82, balance=0.9860, time=4.88s
[2025-12-04 15:03:41]   Trial 3/3: ✓ cut=52760.29, balance=0.9872, time=4.88s
[2025-12-04 15:03:41] 
  Running METIS baseline...
[2025-12-04 15:03:41]   METIS baseline: cut=29322.04, balance=0.9277, time=0.06s
[2025-12-04 15:03:41]   METIS weights: min=1013.98, max=1093.05, avg=1051.43, std=20.57
[2025-12-04 15:03:41]   → Quantum vs METIS: cut improvement = -79.60%
[2025-12-04 15:03:41] 
  → Aggregate: cut=52661.59±74.69, balance=0.9874, time=4.89±0.00s

================================================================================
[2025-12-04 15:03:41] [197/240] Testing configuration:
  k_target: 32
  coarsen_limit: 800
  balance_weight: 1.6
  num_reads: 150
================================================================================
[2025-12-04 15:03:54]   Trial 1/3: ✓ cut=51729.53, balance=0.9901, time=13.27s
[2025-12-04 15:04:08]   Trial 2/3: ✓ cut=52057.98, balance=0.9910, time=13.71s
[2025-12-04 15:04:22]   Trial 3/3: ✓ cut=51619.45, balance=0.9903, time=14.00s
[2025-12-04 15:04:22] 
  Running METIS baseline...
[2025-12-04 15:04:22]   METIS baseline: cut=29322.04, balance=0.9277, time=0.06s
[2025-12-04 15:04:22]   METIS weights: min=1013.98, max=1093.05, avg=1051.43, std=20.57
[2025-12-04 15:04:22]   → Quantum vs METIS: cut improvement = -76.67%
[2025-12-04 15:04:22] 
  → Aggregate: cut=51802.32±186.28, balance=0.9905, time=13.66±0.30s

================================================================================
[2025-12-04 15:04:22] [198/240] Testing configuration:
  k_target: 32
  coarsen_limit: 800
  balance_weight: 1.6
  num_reads: 250
================================================================================
[2025-12-04 15:04:44]   Trial 1/3: ✓ cut=50944.78, balance=0.9919, time=21.94s
[2025-12-04 15:05:06]   Trial 2/3: ✓ cut=51222.09, balance=0.9879, time=22.42s
[2025-12-04 15:05:28]   Trial 3/3: ✓ cut=51552.59, balance=0.9888, time=22.17s
[2025-12-04 15:05:28] 
  Running METIS baseline...
[2025-12-04 15:05:29]   METIS baseline: cut=29322.04, balance=0.9277, time=0.06s
[2025-12-04 15:05:29]   METIS weights: min=1013.98, max=1093.05, avg=1051.43, std=20.57
[2025-12-04 15:05:29]   → Quantum vs METIS: cut improvement = -74.75%
[2025-12-04 15:05:29] 
  → Aggregate: cut=51239.82±248.45, balance=0.9896, time=22.18±0.20s

================================================================================
[2025-12-04 15:05:29] [199/240] Testing configuration:
  k_target: 32
  coarsen_limit: 800
  balance_weight: 1.6
  num_reads: 350
================================================================================
[2025-12-04 15:05:59]   Trial 1/3: ✓ cut=51622.00, balance=0.9918, time=30.18s
[2025-12-04 15:06:29]   Trial 2/3: ✓ cut=50771.67, balance=0.9921, time=30.46s
[2025-12-04 15:07:00]   Trial 3/3: ✓ cut=51044.47, balance=0.9899, time=30.40s
[2025-12-04 15:07:00] 
  Running METIS baseline...
[2025-12-04 15:07:00]   METIS baseline: cut=29322.04, balance=0.9277, time=0.06s
[2025-12-04 15:07:00]   METIS weights: min=1013.98, max=1093.05, avg=1051.43, std=20.57
[2025-12-04 15:07:00]   → Quantum vs METIS: cut improvement = -74.43%
[2025-12-04 15:07:00] 
  → Aggregate: cut=51146.05±354.50, balance=0.9913, time=30.35±0.12s

================================================================================
[2025-12-04 15:07:00] [200/240] Testing configuration:
  k_target: 32
  coarsen_limit: 800
  balance_weight: 1.6
  num_reads: 450
================================================================================
[2025-12-04 15:07:40]   Trial 1/3: ✓ cut=51070.07, balance=0.9889, time=40.22s
[2025-12-04 15:08:20]   Trial 2/3: ✓ cut=50941.66, balance=0.9873, time=39.96s
[2025-12-04 15:08:59]   Trial 3/3: ✓ cut=51195.46, balance=0.9878, time=38.68s
[2025-12-04 15:08:59] 
  Running METIS baseline...
[2025-12-04 15:08:59]   METIS baseline: cut=29322.04, balance=0.9277, time=0.06s
[2025-12-04 15:08:59]   METIS weights: min=1013.98, max=1093.05, avg=1051.43, std=20.57
[2025-12-04 15:08:59]   → Quantum vs METIS: cut improvement = -74.17%
[2025-12-04 15:08:59] 
  → Aggregate: cut=51069.06±103.61, balance=0.9880, time=39.62±0.67s

================================================================================
[2025-12-04 15:08:59] [201/240] Testing configuration:
  k_target: 32
  coarsen_limit: 800
  balance_weight: 2.1
  num_reads: 50
================================================================================
[2025-12-04 15:09:04]   Trial 1/3: ✓ cut=52632.23, balance=0.9879, time=5.05s
[2025-12-04 15:09:09]   Trial 2/3: ✓ cut=52562.18, balance=0.9864, time=5.21s
[2025-12-04 15:09:14]   Trial 3/3: ✓ cut=52536.57, balance=0.9889, time=5.50s
[2025-12-04 15:09:14] 
  Running METIS baseline...
[2025-12-04 15:09:14]   METIS baseline: cut=29322.04, balance=0.9277, time=0.06s
[2025-12-04 15:09:14]   METIS weights: min=1013.98, max=1093.05, avg=1051.43, std=20.57
[2025-12-04 15:09:14]   → Quantum vs METIS: cut improvement = -79.31%
[2025-12-04 15:09:14] 
  → Aggregate: cut=52576.99±40.44, balance=0.9877, time=5.25±0.19s

================================================================================
[2025-12-04 15:09:14] [202/240] Testing configuration:
  k_target: 32
  coarsen_limit: 800
  balance_weight: 2.1
  num_reads: 150
================================================================================
[2025-12-04 15:09:28]   Trial 1/3: ✓ cut=52324.77, balance=0.9925, time=13.23s
[2025-12-04 15:09:41]   Trial 2/3: ✓ cut=52156.49, balance=0.9940, time=13.19s
[2025-12-04 15:09:54]   Trial 3/3: ✓ cut=52062.51, balance=0.9905, time=13.54s
[2025-12-04 15:09:54] 
  Running METIS baseline...
[2025-12-04 15:09:55]   METIS baseline: cut=29322.04, balance=0.9277, time=0.06s
[2025-12-04 15:09:55]   METIS weights: min=1013.98, max=1093.05, avg=1051.43, std=20.57
[2025-12-04 15:09:55]   → Quantum vs METIS: cut improvement = -77.96%
[2025-12-04 15:09:55] 
  → Aggregate: cut=52181.26±108.49, balance=0.9923, time=13.32±0.15s

================================================================================
[2025-12-04 15:09:55] [203/240] Testing configuration:
  k_target: 32
  coarsen_limit: 800
  balance_weight: 2.1
  num_reads: 250
================================================================================
[2025-12-04 15:10:17]   Trial 1/3: ✓ cut=51308.47, balance=0.9910, time=22.30s
[2025-12-04 15:10:39]   Trial 2/3: ✓ cut=51732.07, balance=0.9910, time=21.66s
[2025-12-04 15:11:00]   Trial 3/3: ✓ cut=51846.25, balance=0.9891, time=21.55s
[2025-12-04 15:11:00] 
  Running METIS baseline...
[2025-12-04 15:11:00]   METIS baseline: cut=29322.04, balance=0.9277, time=0.06s
[2025-12-04 15:11:00]   METIS weights: min=1013.98, max=1093.05, avg=1051.43, std=20.57
[2025-12-04 15:11:00]   → Quantum vs METIS: cut improvement = -76.08%
[2025-12-04 15:11:00] 
  → Aggregate: cut=51628.93±231.35, balance=0.9904, time=21.83±0.33s

================================================================================
[2025-12-04 15:11:00] [204/240] Testing configuration:
  k_target: 32
  coarsen_limit: 800
  balance_weight: 2.1
  num_reads: 350
================================================================================
[2025-12-04 15:11:30]   Trial 1/3: ✓ cut=51014.63, balance=0.9897, time=30.27s
[2025-12-04 15:12:00]   Trial 2/3: ✓ cut=51145.93, balance=0.9894, time=30.04s
[2025-12-04 15:12:31]   Trial 3/3: ✓ cut=51614.30, balance=0.9925, time=30.31s
[2025-12-04 15:12:31] 
  Running METIS baseline...
[2025-12-04 15:12:31]   METIS baseline: cut=29322.04, balance=0.9277, time=0.06s
[2025-12-04 15:12:31]   METIS weights: min=1013.98, max=1093.05, avg=1051.43, std=20.57
[2025-12-04 15:12:31]   → Quantum vs METIS: cut improvement = -74.81%
[2025-12-04 15:12:31] 
  → Aggregate: cut=51258.28±257.39, balance=0.9905, time=30.21±0.12s

================================================================================
[2025-12-04 15:12:31] [205/240] Testing configuration:
  k_target: 32
  coarsen_limit: 800
  balance_weight: 2.1
  num_reads: 450
================================================================================
[2025-12-04 15:13:11]   Trial 1/3: ✓ cut=51440.79, balance=0.9850, time=39.67s
[2025-12-04 15:13:50]   Trial 2/3: ✓ cut=51452.27, balance=0.9884, time=38.97s
[2025-12-04 15:14:29]   Trial 3/3: ✓ cut=51697.43, balance=0.9893, time=38.99s
[2025-12-04 15:14:29] 
  Running METIS baseline...
[2025-12-04 15:14:29]   METIS baseline: cut=29322.04, balance=0.9277, time=0.06s
[2025-12-04 15:14:29]   METIS weights: min=1013.98, max=1093.05, avg=1051.43, std=20.57
[2025-12-04 15:14:29]   → Quantum vs METIS: cut improvement = -75.74%
[2025-12-04 15:14:29] 
  → Aggregate: cut=51530.16±118.37, balance=0.9876, time=39.21±0.33s

================================================================================
[2025-12-04 15:14:29] [206/240] Testing configuration:
  k_target: 32
  coarsen_limit: 800
  balance_weight: 2.6
  num_reads: 50
================================================================================
[2025-12-04 15:14:34]   Trial 1/3: ✓ cut=51940.95, balance=0.9904, time=4.94s
[2025-12-04 15:14:38]   Trial 2/3: ✓ cut=52986.30, balance=0.9900, time=4.89s
[2025-12-04 15:14:43]   Trial 3/3: ✓ cut=52697.88, balance=0.9902, time=4.88s
[2025-12-04 15:14:43] 
  Running METIS baseline...
[2025-12-04 15:14:43]   METIS baseline: cut=29322.04, balance=0.9277, time=0.06s
[2025-12-04 15:14:43]   METIS weights: min=1013.98, max=1093.05, avg=1051.43, std=20.57
[2025-12-04 15:14:43]   → Quantum vs METIS: cut improvement = -79.19%
[2025-12-04 15:14:43] 
  → Aggregate: cut=52541.71±440.82, balance=0.9902, time=4.90±0.02s

================================================================================
[2025-12-04 15:14:43] [207/240] Testing configuration:
  k_target: 32
  coarsen_limit: 800
  balance_weight: 2.6
  num_reads: 150
================================================================================
[2025-12-04 15:14:57]   Trial 1/3: ✓ cut=52244.09, balance=0.9920, time=13.30s
[2025-12-04 15:15:10]   Trial 2/3: ✓ cut=51963.07, balance=0.9930, time=13.70s
[2025-12-04 15:15:24]   Trial 3/3: ✓ cut=52102.50, balance=0.9891, time=13.83s
[2025-12-04 15:15:24] 
  Running METIS baseline...
[2025-12-04 15:15:24]   METIS baseline: cut=29322.04, balance=0.9277, time=0.06s
[2025-12-04 15:15:24]   METIS weights: min=1013.98, max=1093.05, avg=1051.43, std=20.57
[2025-12-04 15:15:24]   → Quantum vs METIS: cut improvement = -77.69%
[2025-12-04 15:15:24] 
  → Aggregate: cut=52103.22±114.73, balance=0.9914, time=13.61±0.23s

================================================================================
[2025-12-04 15:15:24] [208/240] Testing configuration:
  k_target: 32
  coarsen_limit: 800
  balance_weight: 2.6
  num_reads: 250
================================================================================
[2025-12-04 15:15:46]   Trial 1/3: ✓ cut=51933.16, balance=0.9916, time=22.04s
[2025-12-04 15:16:08]   Trial 2/3: ✓ cut=51857.48, balance=0.9920, time=22.02s
[2025-12-04 15:16:30]   Trial 3/3: ✓ cut=51865.79, balance=0.9921, time=21.96s
[2025-12-04 15:16:30] 
  Running METIS baseline...
[2025-12-04 15:16:30]   METIS baseline: cut=29322.04, balance=0.9277, time=0.06s
[2025-12-04 15:16:30]   METIS weights: min=1013.98, max=1093.05, avg=1051.43, std=20.57
[2025-12-04 15:16:30]   → Quantum vs METIS: cut improvement = -76.95%
[2025-12-04 15:16:30] 
  → Aggregate: cut=51885.48±33.89, balance=0.9919, time=22.01±0.03s

================================================================================
[2025-12-04 15:16:30] [209/240] Testing configuration:
  k_target: 32
  coarsen_limit: 800
  balance_weight: 2.6
  num_reads: 350
================================================================================
[2025-12-04 15:17:01]   Trial 1/3: ✓ cut=51451.85, balance=0.9904, time=30.33s
[2025-12-04 15:17:31]   Trial 2/3: ✓ cut=51792.84, balance=0.9893, time=30.69s
[2025-12-04 15:18:02]   Trial 3/3: ✓ cut=52004.79, balance=0.9902, time=30.25s
[2025-12-04 15:18:02] 
  Running METIS baseline...
[2025-12-04 15:18:02]   METIS baseline: cut=29322.04, balance=0.9277, time=0.06s
[2025-12-04 15:18:02]   METIS weights: min=1013.98, max=1093.05, avg=1051.43, std=20.57
[2025-12-04 15:18:02]   → Quantum vs METIS: cut improvement = -76.49%
[2025-12-04 15:18:02] 
  → Aggregate: cut=51749.83±227.78, balance=0.9899, time=30.43±0.19s

================================================================================
[2025-12-04 15:18:02] [210/240] Testing configuration:
  k_target: 32
  coarsen_limit: 800
  balance_weight: 2.6
  num_reads: 450
================================================================================
[2025-12-04 15:18:42]   Trial 1/3: ✓ cut=51426.47, balance=0.9899, time=40.58s
[2025-12-04 15:19:22]   Trial 2/3: ✓ cut=51528.12, balance=0.9912, time=39.81s
[2025-12-04 15:20:01]   Trial 3/3: ✓ cut=50953.69, balance=0.9905, time=39.01s
[2025-12-04 15:20:01] 
  Running METIS baseline...
[2025-12-04 15:20:01]   METIS baseline: cut=29322.04, balance=0.9277, time=0.06s
[2025-12-04 15:20:01]   METIS weights: min=1013.98, max=1093.05, avg=1051.43, std=20.57
[2025-12-04 15:20:01]   → Quantum vs METIS: cut improvement = -74.96%
[2025-12-04 15:20:01] 
  → Aggregate: cut=51302.76±250.29, balance=0.9905, time=39.80±0.64s

================================================================================
[2025-12-04 15:20:01] [211/240] Testing configuration:
  k_target: 32
  coarsen_limit: 900
  balance_weight: 0.1
  num_reads: 50
================================================================================
[2025-12-04 15:20:07]   Trial 1/3: ✓ cut=41711.88, balance=0.9535, time=5.47s
[2025-12-04 15:20:12]   Trial 2/3: ✓ cut=41123.71, balance=0.9588, time=5.31s
[2025-12-04 15:20:17]   Trial 3/3: ✓ cut=41560.11, balance=0.9685, time=5.02s
[2025-12-04 15:20:17] 
  Running METIS baseline...
[2025-12-04 15:20:17]   METIS baseline: cut=29322.04, balance=0.9277, time=0.06s
[2025-12-04 15:20:17]   METIS weights: min=1013.98, max=1093.05, avg=1051.43, std=20.57
[2025-12-04 15:20:17]   → Quantum vs METIS: cut improvement = -41.41%
[2025-12-04 15:20:17] 
  → Aggregate: cut=41465.23±249.32, balance=0.9603, time=5.27±0.19s

================================================================================
[2025-12-04 15:20:17] [212/240] Testing configuration:
  k_target: 32
  coarsen_limit: 900
  balance_weight: 0.1
  num_reads: 150
================================================================================
[2025-12-04 15:20:31]   Trial 1/3: ✓ cut=39646.27, balance=0.9635, time=13.49s
[2025-12-04 15:20:44]   Trial 2/3: ✓ cut=39761.56, balance=0.9556, time=13.44s
[2025-12-04 15:20:58]   Trial 3/3: ✓ cut=40458.06, balance=0.9604, time=13.58s
[2025-12-04 15:20:58] 
  Running METIS baseline...
[2025-12-04 15:20:58]   METIS baseline: cut=29322.04, balance=0.9277, time=0.06s
[2025-12-04 15:20:58]   METIS weights: min=1013.98, max=1093.05, avg=1051.43, std=20.57
[2025-12-04 15:20:58]   → Quantum vs METIS: cut improvement = -36.26%
[2025-12-04 15:20:58] 
  → Aggregate: cut=39955.30±358.61, balance=0.9598, time=13.50±0.06s

================================================================================
[2025-12-04 15:20:58] [213/240] Testing configuration:
  k_target: 32
  coarsen_limit: 900
  balance_weight: 0.1
  num_reads: 250
================================================================================
[2025-12-04 15:21:21]   Trial 1/3: ✓ cut=37962.85, balance=0.9596, time=22.95s
[2025-12-04 15:21:43]   Trial 2/3: ✓ cut=40346.92, balance=0.9685, time=21.90s
[2025-12-04 15:22:05]   Trial 3/3: ✓ cut=39095.32, balance=0.9513, time=22.08s
[2025-12-04 15:22:05] 
  Running METIS baseline...
[2025-12-04 15:22:05]   METIS baseline: cut=29322.04, balance=0.9277, time=0.07s
[2025-12-04 15:22:05]   METIS weights: min=1013.98, max=1093.05, avg=1051.43, std=20.57
[2025-12-04 15:22:05]   → Quantum vs METIS: cut improvement = -33.47%
[2025-12-04 15:22:05] 
  → Aggregate: cut=39135.03±973.70, balance=0.9598, time=22.31±0.46s

================================================================================
[2025-12-04 15:22:05] [214/240] Testing configuration:
  k_target: 32
  coarsen_limit: 900
  balance_weight: 0.1
  num_reads: 350
================================================================================
[2025-12-04 15:22:35]   Trial 1/3: ✓ cut=38473.51, balance=0.9628, time=30.45s
[2025-12-04 15:23:06]   Trial 2/3: ✓ cut=39032.22, balance=0.9658, time=30.70s
[2025-12-04 15:23:37]   Trial 3/3: ✓ cut=38083.89, balance=0.9658, time=30.81s
[2025-12-04 15:23:37] 
  Running METIS baseline...
[2025-12-04 15:23:37]   METIS baseline: cut=29322.04, balance=0.9277, time=0.06s
[2025-12-04 15:23:37]   METIS weights: min=1013.98, max=1093.05, avg=1051.43, std=20.57
[2025-12-04 15:23:37]   → Quantum vs METIS: cut improvement = -31.40%
[2025-12-04 15:23:37] 
  → Aggregate: cut=38529.87±389.20, balance=0.9648, time=30.65±0.15s

================================================================================
[2025-12-04 15:23:37] [215/240] Testing configuration:
  k_target: 32
  coarsen_limit: 900
  balance_weight: 0.1
  num_reads: 450
================================================================================
[2025-12-04 15:24:17]   Trial 1/3: ✓ cut=37965.38, balance=0.9598, time=39.65s
[2025-12-04 15:24:56]   Trial 2/3: ✓ cut=39896.51, balance=0.9591, time=39.47s
[2025-12-04 15:25:36]   Trial 3/3: ✓ cut=38156.34, balance=0.9606, time=39.54s
[2025-12-04 15:25:36] 
  Running METIS baseline...
[2025-12-04 15:25:36]   METIS baseline: cut=29322.04, balance=0.9277, time=0.06s
[2025-12-04 15:25:36]   METIS weights: min=1013.98, max=1093.05, avg=1051.43, std=20.57
[2025-12-04 15:25:36]   → Quantum vs METIS: cut improvement = -31.89%
[2025-12-04 15:25:36] 
  → Aggregate: cut=38672.74±868.83, balance=0.9598, time=39.55±0.07s

================================================================================
[2025-12-04 15:25:36] [216/240] Testing configuration:
  k_target: 32
  coarsen_limit: 900
  balance_weight: 0.6
  num_reads: 50
================================================================================
[2025-12-04 15:25:41]   Trial 1/3: ✓ cut=51663.57, balance=0.9844, time=4.95s
[2025-12-04 15:25:46]   Trial 2/3: ✓ cut=51432.83, balance=0.9847, time=4.99s
[2025-12-04 15:25:51]   Trial 3/3: ✓ cut=51444.08, balance=0.9866, time=4.91s
[2025-12-04 15:25:51] 
  Running METIS baseline...
[2025-12-04 15:25:51]   METIS baseline: cut=29322.04, balance=0.9277, time=0.06s
[2025-12-04 15:25:51]   METIS weights: min=1013.98, max=1093.05, avg=1051.43, std=20.57
[2025-12-04 15:25:51]   → Quantum vs METIS: cut improvement = -75.68%
[2025-12-04 15:25:51] 
  → Aggregate: cut=51513.49±106.22, balance=0.9852, time=4.95±0.03s

================================================================================
[2025-12-04 15:25:51] [217/240] Testing configuration:
  k_target: 32
  coarsen_limit: 900
  balance_weight: 0.6
  num_reads: 150
================================================================================
[2025-12-04 15:26:04]   Trial 1/3: ✓ cut=51066.78, balance=0.9848, time=13.52s
[2025-12-04 15:26:18]   Trial 2/3: ✓ cut=50592.30, balance=0.9835, time=14.01s
[2025-12-04 15:26:32]   Trial 3/3: ✓ cut=50785.49, balance=0.9847, time=13.67s
[2025-12-04 15:26:32] 
  Running METIS baseline...
[2025-12-04 15:26:32]   METIS baseline: cut=29322.04, balance=0.9277, time=0.06s
[2025-12-04 15:26:32]   METIS weights: min=1013.98, max=1093.05, avg=1051.43, std=20.57
[2025-12-04 15:26:32]   → Quantum vs METIS: cut improvement = -73.30%
[2025-12-04 15:26:32] 
  → Aggregate: cut=50814.86±194.81, balance=0.9843, time=13.73±0.20s

================================================================================
[2025-12-04 15:26:32] [218/240] Testing configuration:
  k_target: 32
  coarsen_limit: 900
  balance_weight: 0.6
  num_reads: 250
================================================================================
[2025-12-04 15:26:54]   Trial 1/3: ✓ cut=50195.60, balance=0.9837, time=21.82s
[2025-12-04 15:27:16]   Trial 2/3: ✓ cut=50514.39, balance=0.9812, time=22.52s
[2025-12-04 15:27:38]   Trial 3/3: ✓ cut=50208.34, balance=0.9821, time=22.09s
[2025-12-04 15:27:38] 
  Running METIS baseline...
[2025-12-04 15:27:38]   METIS baseline: cut=29322.04, balance=0.9277, time=0.06s
[2025-12-04 15:27:38]   METIS weights: min=1013.98, max=1093.05, avg=1051.43, std=20.57
[2025-12-04 15:27:38]   → Quantum vs METIS: cut improvement = -71.56%
[2025-12-04 15:27:38] 
  → Aggregate: cut=50306.11±147.37, balance=0.9823, time=22.14±0.29s

================================================================================
[2025-12-04 15:27:38] [219/240] Testing configuration:
  k_target: 32
  coarsen_limit: 900
  balance_weight: 0.6
  num_reads: 350
================================================================================
[2025-12-04 15:28:09]   Trial 1/3: ✓ cut=49810.14, balance=0.9858, time=30.55s
[2025-12-04 15:28:40]   Trial 2/3: ✓ cut=49904.37, balance=0.9836, time=30.84s
[2025-12-04 15:29:11]   Trial 3/3: ✓ cut=49796.06, balance=0.9850, time=31.34s
[2025-12-04 15:29:11] 
  Running METIS baseline...
[2025-12-04 15:29:11]   METIS baseline: cut=29322.04, balance=0.9277, time=0.06s
[2025-12-04 15:29:11]   METIS weights: min=1013.98, max=1093.05, avg=1051.43, std=20.57
[2025-12-04 15:29:11]   → Quantum vs METIS: cut improvement = -69.96%
[2025-12-04 15:29:11] 
  → Aggregate: cut=49836.85±48.08, balance=0.9848, time=30.91±0.33s

================================================================================
[2025-12-04 15:29:11] [220/240] Testing configuration:
  k_target: 32
  coarsen_limit: 900
  balance_weight: 0.6
  num_reads: 450
================================================================================
[2025-12-04 15:29:50]   Trial 1/3: ✓ cut=49846.74, balance=0.9881, time=39.10s
[2025-12-04 15:30:30]   Trial 2/3: ✓ cut=49908.71, balance=0.9832, time=39.67s
[2025-12-04 15:31:09]   Trial 3/3: ✓ cut=49930.20, balance=0.9843, time=39.19s
[2025-12-04 15:31:09] 
  Running METIS baseline...
[2025-12-04 15:31:09]   METIS baseline: cut=29322.04, balance=0.9277, time=0.06s
[2025-12-04 15:31:09]   METIS weights: min=1013.98, max=1093.05, avg=1051.43, std=20.57
[2025-12-04 15:31:09]   → Quantum vs METIS: cut improvement = -70.16%
[2025-12-04 15:31:09] 
  → Aggregate: cut=49895.22±35.38, balance=0.9852, time=39.32±0.25s

================================================================================
[2025-12-04 15:31:09] [221/240] Testing configuration:
  k_target: 32
  coarsen_limit: 900
  balance_weight: 1.1
  num_reads: 50
================================================================================
[2025-12-04 15:31:14]   Trial 1/3: ✓ cut=52090.41, balance=0.9887, time=5.12s
[2025-12-04 15:31:19]   Trial 2/3: ✓ cut=52179.07, balance=0.9848, time=4.89s
[2025-12-04 15:31:24]   Trial 3/3: ✓ cut=52181.33, balance=0.9867, time=4.87s
[2025-12-04 15:31:24] 
  Running METIS baseline...
[2025-12-04 15:31:24]   METIS baseline: cut=29322.04, balance=0.9277, time=0.06s
[2025-12-04 15:31:24]   METIS weights: min=1013.98, max=1093.05, avg=1051.43, std=20.57
[2025-12-04 15:31:24]   → Quantum vs METIS: cut improvement = -77.85%
[2025-12-04 15:31:24] 
  → Aggregate: cut=52150.27±42.34, balance=0.9868, time=4.96±0.12s

================================================================================
[2025-12-04 15:31:24] [222/240] Testing configuration:
  k_target: 32
  coarsen_limit: 900
  balance_weight: 1.1
  num_reads: 150
================================================================================
[2025-12-04 15:31:38]   Trial 1/3: ✓ cut=51584.84, balance=0.9908, time=13.34s
[2025-12-04 15:31:51]   Trial 2/3: ✓ cut=51589.86, balance=0.9845, time=13.58s
[2025-12-04 15:32:05]   Trial 3/3: ✓ cut=51498.68, balance=0.9886, time=13.68s
[2025-12-04 15:32:05] 
  Running METIS baseline...
[2025-12-04 15:32:05]   METIS baseline: cut=29322.04, balance=0.9277, time=0.06s
[2025-12-04 15:32:05]   METIS weights: min=1013.98, max=1093.05, avg=1051.43, std=20.57
[2025-12-04 15:32:05]   → Quantum vs METIS: cut improvement = -75.83%
[2025-12-04 15:32:05] 
  → Aggregate: cut=51557.79±41.85, balance=0.9880, time=13.53±0.14s

================================================================================
[2025-12-04 15:32:05] [223/240] Testing configuration:
  k_target: 32
  coarsen_limit: 900
  balance_weight: 1.1
  num_reads: 250
================================================================================
[2025-12-04 15:32:27]   Trial 1/3: ✓ cut=50782.50, balance=0.9867, time=22.39s
[2025-12-04 15:32:49]   Trial 2/3: ✓ cut=50692.24, balance=0.9902, time=22.03s
[2025-12-04 15:33:12]   Trial 3/3: ✓ cut=51297.46, balance=0.9901, time=22.53s
[2025-12-04 15:33:12] 
  Running METIS baseline...
[2025-12-04 15:33:12]   METIS baseline: cut=29322.04, balance=0.9277, time=0.06s
[2025-12-04 15:33:12]   METIS weights: min=1013.98, max=1093.05, avg=1051.43, std=20.57
[2025-12-04 15:33:12]   → Quantum vs METIS: cut improvement = -73.67%
[2025-12-04 15:33:12] 
  → Aggregate: cut=50924.06±266.59, balance=0.9890, time=22.32±0.21s

================================================================================
[2025-12-04 15:33:12] [224/240] Testing configuration:
  k_target: 32
  coarsen_limit: 900
  balance_weight: 1.1
  num_reads: 350
================================================================================
[2025-12-04 15:33:42]   Trial 1/3: ✓ cut=50801.25, balance=0.9886, time=29.86s
[2025-12-04 15:34:13]   Trial 2/3: ✓ cut=50879.02, balance=0.9861, time=30.72s
[2025-12-04 15:34:43]   Trial 3/3: ✓ cut=50989.14, balance=0.9898, time=30.37s
[2025-12-04 15:34:43] 
  Running METIS baseline...
[2025-12-04 15:34:43]   METIS baseline: cut=29322.04, balance=0.9277, time=0.06s
[2025-12-04 15:34:43]   METIS weights: min=1013.98, max=1093.05, avg=1051.43, std=20.57
[2025-12-04 15:34:43]   → Quantum vs METIS: cut improvement = -73.55%
[2025-12-04 15:34:43] 
  → Aggregate: cut=50889.81±77.08, balance=0.9882, time=30.32±0.35s

================================================================================
[2025-12-04 15:34:43] [225/240] Testing configuration:
  k_target: 32
  coarsen_limit: 900
  balance_weight: 1.1
  num_reads: 450
================================================================================
[2025-12-04 15:35:23]   Trial 1/3: ✓ cut=50383.41, balance=0.9867, time=39.50s
[2025-12-04 15:36:02]   Trial 2/3: ✓ cut=50697.07, balance=0.9868, time=38.98s
[2025-12-04 15:36:41]   Trial 3/3: ✓ cut=50223.61, balance=0.9856, time=39.15s
[2025-12-04 15:36:41] 
  Running METIS baseline...
[2025-12-04 15:36:41]   METIS baseline: cut=29322.04, balance=0.9277, time=0.06s
[2025-12-04 15:36:41]   METIS weights: min=1013.98, max=1093.05, avg=1051.43, std=20.57
[2025-12-04 15:36:41]   → Quantum vs METIS: cut improvement = -72.00%
[2025-12-04 15:36:41] 
  → Aggregate: cut=50434.70±196.66, balance=0.9864, time=39.21±0.22s

================================================================================
[2025-12-04 15:36:41] [226/240] Testing configuration:
  k_target: 32
  coarsen_limit: 900
  balance_weight: 1.6
  num_reads: 50
================================================================================
[2025-12-04 15:36:46]   Trial 1/3: ✓ cut=52913.91, balance=0.9837, time=4.94s
[2025-12-04 15:36:51]   Trial 2/3: ✓ cut=52378.22, balance=0.9885, time=4.93s
[2025-12-04 15:36:56]   Trial 3/3: ✓ cut=52869.94, balance=0.9879, time=4.94s
[2025-12-04 15:36:56] 
  Running METIS baseline...
[2025-12-04 15:36:56]   METIS baseline: cut=29322.04, balance=0.9277, time=0.06s
[2025-12-04 15:36:56]   METIS weights: min=1013.98, max=1093.05, avg=1051.43, std=20.57
[2025-12-04 15:36:56]   → Quantum vs METIS: cut improvement = -79.80%
[2025-12-04 15:36:56] 
  → Aggregate: cut=52720.69±242.83, balance=0.9867, time=4.94±0.00s

================================================================================
[2025-12-04 15:36:56] [227/240] Testing configuration:
  k_target: 32
  coarsen_limit: 900
  balance_weight: 1.6
  num_reads: 150
================================================================================
[2025-12-04 15:37:09]   Trial 1/3: ✓ cut=51742.37, balance=0.9882, time=13.72s
[2025-12-04 15:37:23]   Trial 2/3: ✓ cut=51862.41, balance=0.9881, time=13.82s
[2025-12-04 15:37:37]   Trial 3/3: ✓ cut=51838.95, balance=0.9863, time=13.48s
[2025-12-04 15:37:37] 
  Running METIS baseline...
[2025-12-04 15:37:37]   METIS baseline: cut=29322.04, balance=0.9277, time=0.06s
[2025-12-04 15:37:37]   METIS weights: min=1013.98, max=1093.05, avg=1051.43, std=20.57
[2025-12-04 15:37:37]   → Quantum vs METIS: cut improvement = -76.71%
[2025-12-04 15:37:37] 
  → Aggregate: cut=51814.58±51.95, balance=0.9875, time=13.67±0.14s

================================================================================
[2025-12-04 15:37:37] [228/240] Testing configuration:
  k_target: 32
  coarsen_limit: 900
  balance_weight: 1.6
  num_reads: 250
================================================================================
[2025-12-04 15:37:59]   Trial 1/3: ✓ cut=51502.36, balance=0.9906, time=21.84s
[2025-12-04 15:38:21]   Trial 2/3: ✓ cut=51287.39, balance=0.9902, time=22.37s
[2025-12-04 15:38:43]   Trial 3/3: ✓ cut=51563.37, balance=0.9906, time=21.84s
[2025-12-04 15:38:43] 
  Running METIS baseline...
[2025-12-04 15:38:43]   METIS baseline: cut=29322.04, balance=0.9277, time=0.06s
[2025-12-04 15:38:43]   METIS weights: min=1013.98, max=1093.05, avg=1051.43, std=20.57
[2025-12-04 15:38:43]   → Quantum vs METIS: cut improvement = -75.47%
[2025-12-04 15:38:43] 
  → Aggregate: cut=51451.04±118.37, balance=0.9905, time=22.02±0.25s

================================================================================
[2025-12-04 15:38:43] [229/240] Testing configuration:
  k_target: 32
  coarsen_limit: 900
  balance_weight: 1.6
  num_reads: 350
================================================================================
[2025-12-04 15:39:14]   Trial 1/3: ✓ cut=51245.43, balance=0.9868, time=30.80s
[2025-12-04 15:39:44]   Trial 2/3: ✓ cut=50867.30, balance=0.9871, time=30.33s
[2025-12-04 15:40:15]   Trial 3/3: ✓ cut=51091.46, balance=0.9886, time=30.69s
[2025-12-04 15:40:15] 
  Running METIS baseline...
[2025-12-04 15:40:15]   METIS baseline: cut=29322.04, balance=0.9277, time=0.12s
[2025-12-04 15:40:15]   METIS weights: min=1013.98, max=1093.05, avg=1051.43, std=20.57
[2025-12-04 15:40:15]   → Quantum vs METIS: cut improvement = -74.16%
[2025-12-04 15:40:15] 
  → Aggregate: cut=51068.07±155.25, balance=0.9875, time=30.60±0.20s

================================================================================
[2025-12-04 15:40:15] [230/240] Testing configuration:
  k_target: 32
  coarsen_limit: 900
  balance_weight: 1.6
  num_reads: 450
================================================================================
[2025-12-04 15:40:54]   Trial 1/3: ✓ cut=50971.74, balance=0.9900, time=39.07s
[2025-12-04 15:41:34]   Trial 2/3: ✓ cut=50964.42, balance=0.9891, time=39.44s
[2025-12-04 15:42:13]   Trial 3/3: ✓ cut=51249.85, balance=0.9904, time=39.31s
[2025-12-04 15:42:13] 
  Running METIS baseline...
[2025-12-04 15:42:13]   METIS baseline: cut=29322.04, balance=0.9277, time=0.06s
[2025-12-04 15:42:13]   METIS weights: min=1013.98, max=1093.05, avg=1051.43, std=20.57
[2025-12-04 15:42:13]   → Quantum vs METIS: cut improvement = -74.14%
[2025-12-04 15:42:13] 
  → Aggregate: cut=51062.00±132.87, balance=0.9899, time=39.27±0.15s

================================================================================
[2025-12-04 15:42:13] [231/240] Testing configuration:
  k_target: 32
  coarsen_limit: 900
  balance_weight: 2.1
  num_reads: 50
================================================================================
[2025-12-04 15:42:18]   Trial 1/3: ✓ cut=52547.09, balance=0.9874, time=4.89s
[2025-12-04 15:42:23]   Trial 2/3: ✓ cut=52762.03, balance=0.9911, time=4.83s
[2025-12-04 15:42:28]   Trial 3/3: ✓ cut=52811.70, balance=0.9921, time=4.88s
[2025-12-04 15:42:28] 
  Running METIS baseline...
[2025-12-04 15:42:28]   METIS baseline: cut=29322.04, balance=0.9277, time=0.06s
[2025-12-04 15:42:28]   METIS weights: min=1013.98, max=1093.05, avg=1051.43, std=20.57
[2025-12-04 15:42:28]   → Quantum vs METIS: cut improvement = -79.75%
[2025-12-04 15:42:28] 
  → Aggregate: cut=52706.94±114.84, balance=0.9902, time=4.87±0.03s

================================================================================
[2025-12-04 15:42:28] [232/240] Testing configuration:
  k_target: 32
  coarsen_limit: 900
  balance_weight: 2.1
  num_reads: 150
================================================================================
[2025-12-04 15:42:41]   Trial 1/3: ✓ cut=51951.20, balance=0.9898, time=13.27s
[2025-12-04 15:42:54]   Trial 2/3: ✓ cut=51889.11, balance=0.9909, time=13.50s
[2025-12-04 15:43:08]   Trial 3/3: ✓ cut=51863.14, balance=0.9905, time=13.75s
[2025-12-04 15:43:08] 
  Running METIS baseline...
[2025-12-04 15:43:08]   METIS baseline: cut=29322.04, balance=0.9277, time=0.06s
[2025-12-04 15:43:08]   METIS weights: min=1013.98, max=1093.05, avg=1051.43, std=20.57
[2025-12-04 15:43:08]   → Quantum vs METIS: cut improvement = -77.00%
[2025-12-04 15:43:08] 
  → Aggregate: cut=51901.15±36.95, balance=0.9904, time=13.51±0.20s

================================================================================
[2025-12-04 15:43:08] [233/240] Testing configuration:
  k_target: 32
  coarsen_limit: 900
  balance_weight: 2.1
  num_reads: 250
================================================================================
[2025-12-04 15:43:30]   Trial 1/3: ✓ cut=51978.61, balance=0.9900, time=21.97s
[2025-12-04 15:43:52]   Trial 2/3: ✓ cut=51545.23, balance=0.9888, time=21.50s
[2025-12-04 15:44:14]   Trial 3/3: ✓ cut=51902.10, balance=0.9902, time=21.99s
[2025-12-04 15:44:14] 
  Running METIS baseline...
[2025-12-04 15:44:14]   METIS baseline: cut=29322.04, balance=0.9277, time=0.06s
[2025-12-04 15:44:14]   METIS weights: min=1013.98, max=1093.05, avg=1051.43, std=20.57
[2025-12-04 15:44:14]   → Quantum vs METIS: cut improvement = -76.69%
[2025-12-04 15:44:14] 
  → Aggregate: cut=51808.65±188.86, balance=0.9897, time=21.82±0.23s

================================================================================
[2025-12-04 15:44:14] [234/240] Testing configuration:
  k_target: 32
  coarsen_limit: 900
  balance_weight: 2.1
  num_reads: 350
================================================================================
[2025-12-04 15:44:44]   Trial 1/3: ✓ cut=51534.93, balance=0.9911, time=30.22s
[2025-12-04 15:45:15]   Trial 2/3: ✓ cut=51256.81, balance=0.9887, time=30.79s
[2025-12-04 15:45:45]   Trial 3/3: ✓ cut=50972.41, balance=0.9881, time=29.89s
[2025-12-04 15:45:45] 
  Running METIS baseline...
[2025-12-04 15:45:45]   METIS baseline: cut=29322.04, balance=0.9277, time=0.06s
[2025-12-04 15:45:45]   METIS weights: min=1013.98, max=1093.05, avg=1051.43, std=20.57
[2025-12-04 15:45:45]   → Quantum vs METIS: cut improvement = -74.80%
[2025-12-04 15:45:45] 
  → Aggregate: cut=51254.72±229.65, balance=0.9893, time=30.30±0.37s

================================================================================
[2025-12-04 15:45:45] [235/240] Testing configuration:
  k_target: 32
  coarsen_limit: 900
  balance_weight: 2.1
  num_reads: 450
================================================================================
[2025-12-04 15:46:24]   Trial 1/3: ✓ cut=51418.57, balance=0.9937, time=39.28s
[2025-12-04 15:47:03]   Trial 2/3: ✓ cut=51629.16, balance=0.9894, time=38.93s
[2025-12-04 15:47:42]   Trial 3/3: ✓ cut=51265.30, balance=0.9925, time=38.77s
[2025-12-04 15:47:42] 
  Running METIS baseline...
[2025-12-04 15:47:42]   METIS baseline: cut=29322.04, balance=0.9277, time=0.06s
[2025-12-04 15:47:42]   METIS weights: min=1013.98, max=1093.05, avg=1051.43, std=20.57
[2025-12-04 15:47:42]   → Quantum vs METIS: cut improvement = -75.42%
[2025-12-04 15:47:42] 
  → Aggregate: cut=51437.68±149.16, balance=0.9919, time=38.99±0.21s

================================================================================
[2025-12-04 15:47:42] [236/240] Testing configuration:
  k_target: 32
  coarsen_limit: 900
  balance_weight: 2.6
  num_reads: 50
================================================================================
[2025-12-04 15:47:47]   Trial 1/3: ✓ cut=53476.16, balance=0.9935, time=4.91s
[2025-12-04 15:47:52]   Trial 2/3: ✓ cut=52845.54, balance=0.9909, time=4.89s
[2025-12-04 15:47:57]   Trial 3/3: ✓ cut=52741.51, balance=0.9909, time=4.90s
[2025-12-04 15:47:57] 
  Running METIS baseline...
[2025-12-04 15:47:57]   METIS baseline: cut=29322.04, balance=0.9277, time=0.06s
[2025-12-04 15:47:57]   METIS weights: min=1013.98, max=1093.05, avg=1051.43, std=20.57
[2025-12-04 15:47:57]   → Quantum vs METIS: cut improvement = -80.82%
[2025-12-04 15:47:57] 
  → Aggregate: cut=53021.07±324.59, balance=0.9918, time=4.90±0.01s

================================================================================
[2025-12-04 15:47:57] [237/240] Testing configuration:
  k_target: 32
  coarsen_limit: 900
  balance_weight: 2.6
  num_reads: 150
================================================================================
[2025-12-04 15:48:10]   Trial 1/3: ✓ cut=52239.61, balance=0.9907, time=13.81s
[2025-12-04 15:48:24]   Trial 2/3: ✓ cut=52003.59, balance=0.9928, time=13.47s
[2025-12-04 15:48:38]   Trial 3/3: ✓ cut=52721.66, balance=0.9922, time=13.54s
[2025-12-04 15:48:38] 
  Running METIS baseline...
[2025-12-04 15:48:38]   METIS baseline: cut=29322.04, balance=0.9277, time=0.07s
[2025-12-04 15:48:38]   METIS weights: min=1013.98, max=1093.05, avg=1051.43, std=20.57
[2025-12-04 15:48:38]   → Quantum vs METIS: cut improvement = -78.44%
[2025-12-04 15:48:38] 
  → Aggregate: cut=52321.62±298.83, balance=0.9919, time=13.61±0.15s

================================================================================
[2025-12-04 15:48:38] [238/240] Testing configuration:
  k_target: 32
  coarsen_limit: 900
  balance_weight: 2.6
  num_reads: 250
================================================================================
[2025-12-04 15:49:00]   Trial 1/3: ✓ cut=51698.55, balance=0.9913, time=22.09s
[2025-12-04 15:49:22]   Trial 2/3: ✓ cut=52064.73, balance=0.9919, time=22.03s
[2025-12-04 15:49:43]   Trial 3/3: ✓ cut=51763.00, balance=0.9935, time=21.68s
[2025-12-04 15:49:43] 
  Running METIS baseline...
[2025-12-04 15:49:43]   METIS baseline: cut=29322.04, balance=0.9277, time=0.06s
[2025-12-04 15:49:43]   METIS weights: min=1013.98, max=1093.05, avg=1051.43, std=20.57
[2025-12-04 15:49:43]   → Quantum vs METIS: cut improvement = -76.80%
[2025-12-04 15:49:43] 
  → Aggregate: cut=51842.09±159.61, balance=0.9922, time=21.93±0.18s

================================================================================
[2025-12-04 15:49:43] [239/240] Testing configuration:
  k_target: 32
  coarsen_limit: 900
  balance_weight: 2.6
  num_reads: 350
================================================================================
[2025-12-04 15:50:14]   Trial 1/3: ✓ cut=52058.99, balance=0.9917, time=30.51s
[2025-12-04 15:50:44]   Trial 2/3: ✓ cut=51326.63, balance=0.9896, time=30.25s
[2025-12-04 15:51:15]   Trial 3/3: ✓ cut=51653.08, balance=0.9926, time=30.87s
[2025-12-04 15:51:15] 
  Running METIS baseline...
[2025-12-04 15:51:15]   METIS baseline: cut=29322.04, balance=0.9277, time=0.06s
[2025-12-04 15:51:15]   METIS weights: min=1013.98, max=1093.05, avg=1051.43, std=20.57
[2025-12-04 15:51:15]   → Quantum vs METIS: cut improvement = -76.25%
[2025-12-04 15:51:15] 
  → Aggregate: cut=51679.57±299.57, balance=0.9913, time=30.54±0.25s

================================================================================
[2025-12-04 15:51:15] [240/240] Testing configuration:
  k_target: 32
  coarsen_limit: 900
  balance_weight: 2.6
  num_reads: 450
================================================================================
[2025-12-04 15:51:55]   Trial 1/3: ✓ cut=51317.73, balance=0.9916, time=39.47s
[2025-12-04 15:52:34]   Trial 2/3: ✓ cut=51219.90, balance=0.9920, time=39.72s
[2025-12-04 15:53:13]   Trial 3/3: ✓ cut=50994.49, balance=0.9911, time=39.02s
[2025-12-04 15:53:13] 
  Running METIS baseline...
[2025-12-04 15:53:14]   METIS baseline: cut=29322.04, balance=0.9277, time=0.06s
[2025-12-04 15:53:14]   METIS weights: min=1013.98, max=1093.05, avg=1051.43, std=20.57
[2025-12-04 15:53:14]   → Quantum vs METIS: cut improvement = -74.54%
[2025-12-04 15:53:14] 
  → Aggregate: cut=51177.37±135.34, balance=0.9916, time=39.40±0.29s
[2025-12-04 15:53:14] 

=== SWEEP COMPLETE ===


================================================================================
[2025-12-04 15:53:14] TOP 10 CONFIGURATIONS (sorted by Cut)
================================================================================

1. Mean Cut: 37647.74 ± 460.49 (min: 36999.52)
   Balance: 0.9342 ± 0.0153
   Imbalance: 0.0387
   Partition weights: min=1016.99, max=1088.77, avg=1051.43, std=18.29
   Runtime: 3.051s ± 0.084s
   Success rate: 100.0%
   METIS Baseline: cut=32314.17, balance=0.6074, time=0.051s
   → Improvement: -16.51% cut reduction vs METIS
   Parameters:
     coarsen_limit: 200
     balance_weight: 0.1
     num_reads: 450
     k_target: 32

2. Mean Cut: 37764.33 ± 340.74 (min: 37282.86)
   Balance: 0.9048 ± 0.0106
   Imbalance: 0.0538
   Partition weights: min=995.87, max=1100.75, avg=1051.43, std=22.81
   Runtime: 1.751s ± 0.027s
   Success rate: 100.0%
   METIS Baseline: cut=32314.17, balance=0.6074, time=0.058s
   → Improvement: -16.87% cut reduction vs METIS
   Parameters:
     coarsen_limit: 200
     balance_weight: 0.1
     num_reads: 250
     k_target: 32

3. Mean Cut: 37999.18 ± 326.29 (min: 37539.03)
   Balance: 0.9593 ± 0.0051
   Imbalance: 0.0225
   Partition weights: min=1030.57, max=1074.35, avg=1051.43, std=10.30
   Runtime: 30.829s ± 0.143s
   Success rate: 100.0%
   METIS Baseline: cut=29322.04, balance=0.9277, time=0.062s
   → Improvement: -29.59% cut reduction vs METIS
   Parameters:
     coarsen_limit: 600
     balance_weight: 0.1
     num_reads: 350
     k_target: 32

4. Mean Cut: 38092.16 ± 448.44 (min: 37601.71)
   Balance: 0.9116 ± 0.0179
   Imbalance: 0.0522
   Partition weights: min=998.23, max=1095.02, avg=1051.43, std=22.06
   Runtime: 2.508s ± 0.047s
   Success rate: 100.0%
   METIS Baseline: cut=32314.17, balance=0.6074, time=0.060s
   → Improvement: -17.88% cut reduction vs METIS
   Parameters:
     coarsen_limit: 200
     balance_weight: 0.1
     num_reads: 350
     k_target: 32

5. Mean Cut: 38175.44 ± 311.49 (min: 37909.20)
   Balance: 0.9254 ± 0.0195
   Imbalance: 0.0441
   Partition weights: min=1015.61, max=1097.78, avg=1051.43, std=19.84
   Runtime: 1.106s ± 0.006s
   Success rate: 100.0%
   METIS Baseline: cut=32314.17, balance=0.6074, time=0.051s
   → Improvement: -18.14% cut reduction vs METIS
   Parameters:
     coarsen_limit: 200
     balance_weight: 0.1
     num_reads: 150
     k_target: 32

6. Mean Cut: 38228.07 ± 300.93 (min: 37819.04)
   Balance: 0.9642 ± 0.0013
   Imbalance: 0.0198
   Partition weights: min=1033.30, max=1071.72, avg=1051.43, std=10.13
   Runtime: 39.571s ± 0.420s
   Success rate: 100.0%
   METIS Baseline: cut=29322.04, balance=0.9277, time=0.060s
   → Improvement: -30.37% cut reduction vs METIS
   Parameters:
     coarsen_limit: 800
     balance_weight: 0.1
     num_reads: 450
     k_target: 32

7. Mean Cut: 38228.08 ± 313.02 (min: 37836.88)
   Balance: 0.9595 ± 0.0037
   Imbalance: 0.0218
   Partition weights: min=1029.74, max=1073.20, avg=1051.43, std=10.64
   Runtime: 30.793s ± 0.344s
   Success rate: 100.0%
   METIS Baseline: cut=29322.04, balance=0.9277, time=0.060s
   → Improvement: -30.37% cut reduction vs METIS
   Parameters:
     coarsen_limit: 800
     balance_weight: 0.1
     num_reads: 350
     k_target: 32

8. Mean Cut: 38350.89 ± 304.38 (min: 37966.26)
   Balance: 0.9575 ± 0.0071
   Imbalance: 0.0260
   Partition weights: min=1024.11, max=1069.58, avg=1051.43, std=9.42
   Runtime: 39.241s ± 0.381s
   Success rate: 100.0%
   METIS Baseline: cut=29322.04, balance=0.9277, time=0.059s
   → Improvement: -30.79% cut reduction vs METIS
   Parameters:
     coarsen_limit: 700
     balance_weight: 0.1
     num_reads: 450
     k_target: 32

9. Mean Cut: 38399.86 ± 209.75 (min: 38174.21)
   Balance: 0.9641 ± 0.0009
   Imbalance: 0.0199
   Partition weights: min=1033.66, max=1072.15, avg=1051.43, std=9.87
   Runtime: 39.551s ± 0.126s
   Success rate: 100.0%
   METIS Baseline: cut=29322.04, balance=0.9277, time=0.059s
   → Improvement: -30.96% cut reduction vs METIS
   Parameters:
     coarsen_limit: 500
     balance_weight: 0.1
     num_reads: 450
     k_target: 32

10. Mean Cut: 38529.87 ± 389.20 (min: 38083.89)
   Balance: 0.9648 ± 0.0014
   Imbalance: 0.0197
   Partition weights: min=1034.38, max=1072.11, avg=1051.43, std=8.95
   Runtime: 30.653s ± 0.151s
   Success rate: 100.0%
   METIS Baseline: cut=29322.04, balance=0.9277, time=0.058s
   → Improvement: -31.40% cut reduction vs METIS
   Parameters:
     coarsen_limit: 900
     balance_weight: 0.1
     num_reads: 350
     k_target: 32

================================================================================
[2025-12-04 15:53:14] Results saved to: /home/operation/reps/FEM-Graph-Partitioning-Toolkit-Multilevel-METIS-/results/sweeps/sweep_20251204_124651.json
[2025-12-04 15:53:14] Log saved to: /home/operation/reps/FEM-Graph-Partitioning-Toolkit-Multilevel-METIS-/results/sweeps/sweep_20251204_124651.log
================================================================================
