[2025-12-04 08:28:02] Log file created: /home/operation/reps/FEM-Graph-Partitioning-Toolkit-Multilevel-METIS-/results/sweeps/sweep_20251204_082802.log
[2025-12-04 08:28:02] Loading matrix...
[2025-12-04 08:28:02] Loaded: K | shape=(960, 960), nnz=30282
[2025-12-04 08:28:02] Graph: |V|=960, |E|=14661
================================================================================
[2025-12-04 08:28:02] Starting parameter sweep: 900 configs × 3 trials = 2700 total runs
[2025-12-04 08:28:02] Sweep ID: 20251204_082802
[2025-12-04 08:28:02] Output directory: /home/operation/reps/FEM-Graph-Partitioning-Toolkit-Multilevel-METIS-/results/sweeps
[2025-12-04 08:28:02] Target partitions: 32
================================================================================
[2025-12-04 08:28:02] 
Parameter grid:
  coarsen_limit: [50, 80, 110, 140, 170, 200]
  balance_weight: [0.1, 0.3, 0.5, 0.7, 0.9, 1.1, 1.3, 1.5, 1.7, 1.9, 2.1, 2.3, 2.5, 2.7, 2.9]
  num_reads: [50, 100, 150, 200, 250, 300, 350, 400, 450, 500]
[2025-12-04 08:28:02] 

================================================================================
[2025-12-04 08:28:02] [1/900] Testing configuration:
  k_target: 32
  coarsen_limit: 50
  balance_weight: 0.1
  num_reads: 50
================================================================================
[2025-12-04 08:28:02]   Trial 1/3: ✓ cut=32760.08, balance=0.3816, time=0.14s
[2025-12-04 08:28:02]   Trial 2/3: ✓ cut=32881.29, balance=0.2185, time=0.15s
[2025-12-04 08:28:02]   Trial 3/3: ✓ cut=32990.38, balance=0.2855, time=0.17s
[2025-12-04 08:28:02] 
  Running METIS baseline...
[2025-12-04 08:28:02]   METIS baseline: cut=15531.69, balance=0.9330, time=0.07s
[2025-12-04 08:28:02]   METIS weights: min=8079.43, max=8659.73, avg=8411.47, std=214.80
[2025-12-04 08:28:02]   → Quantum vs METIS: cut improvement = -111.68%
[2025-12-04 08:28:02] 
  → Aggregate: cut=32877.25±94.06, balance=0.2952, time=0.16±0.01s

================================================================================
[2025-12-04 08:28:02] [2/900] Testing configuration:
  k_target: 32
  coarsen_limit: 50
  balance_weight: 0.1
  num_reads: 100
================================================================================
[2025-12-04 08:28:02]   Trial 1/3: ✓ cut=33010.33, balance=0.3461, time=0.19s
[2025-12-04 08:28:03]   Trial 2/3: ✓ cut=32917.57, balance=0.2855, time=0.18s
[2025-12-04 08:28:03]   Trial 3/3: ✓ cut=32876.02, balance=0.3894, time=0.20s
[2025-12-04 08:28:03] 
  Running METIS baseline...
[2025-12-04 08:28:03]   METIS baseline: cut=15531.69, balance=0.9330, time=0.05s
[2025-12-04 08:28:03]   METIS weights: min=8079.43, max=8659.73, avg=8411.47, std=214.80
[2025-12-04 08:28:03]   → Quantum vs METIS: cut improvement = -112.05%
[2025-12-04 08:28:03] 
  → Aggregate: cut=32934.64±56.14, balance=0.3403, time=0.19±0.00s

================================================================================
[2025-12-04 08:28:03] [3/900] Testing configuration:
  k_target: 32
  coarsen_limit: 50
  balance_weight: 0.1
  num_reads: 150
================================================================================
[2025-12-04 08:28:03]   Trial 1/3: ✓ cut=32880.63, balance=0.3894, time=0.22s
[2025-12-04 08:28:03]   Trial 2/3: ✓ cut=33010.33, balance=0.3553, time=0.21s
[2025-12-04 08:28:04]   Trial 3/3: ✓ cut=32917.57, balance=0.2185, time=0.22s
[2025-12-04 08:28:04] 
  Running METIS baseline...
[2025-12-04 08:28:04]   METIS baseline: cut=15531.69, balance=0.9330, time=0.05s
[2025-12-04 08:28:04]   METIS weights: min=8079.43, max=8659.73, avg=8411.47, std=214.80
[2025-12-04 08:28:04]   → Quantum vs METIS: cut improvement = -112.06%
[2025-12-04 08:28:04] 
  → Aggregate: cut=32936.17±54.56, balance=0.3211, time=0.22±0.00s

================================================================================
[2025-12-04 08:28:04] [4/900] Testing configuration:
  k_target: 32
  coarsen_limit: 50
  balance_weight: 0.1
  num_reads: 200
================================================================================
[2025-12-04 08:28:04]   Trial 1/3: ✓ cut=32969.11, balance=0.2185, time=0.27s
[2025-12-04 08:28:04]   Trial 2/3: ✓ cut=32748.38, balance=0.0936, time=0.26s
[2025-12-04 08:28:04]   Trial 3/3: ✓ cut=33010.33, balance=0.0600, time=0.27s
[2025-12-04 08:28:04] 
  Running METIS baseline...
[2025-12-04 08:28:05]   METIS baseline: cut=15531.69, balance=0.9330, time=0.11s
[2025-12-04 08:28:05]   METIS weights: min=8079.43, max=8659.73, avg=8411.47, std=214.80
[2025-12-04 08:28:05]   → Quantum vs METIS: cut improvement = -111.88%
[2025-12-04 08:28:05] 
  → Aggregate: cut=32909.27±115.01, balance=0.1240, time=0.27±0.01s

================================================================================
[2025-12-04 08:28:05] [5/900] Testing configuration:
  k_target: 32
  coarsen_limit: 50
  balance_weight: 0.1
  num_reads: 250
================================================================================
[2025-12-04 08:28:05]   Trial 1/3: ✓ cut=32401.81, balance=0.0336, time=0.31s
[2025-12-04 08:28:05]   Trial 2/3: ✓ cut=32991.46, balance=0.3088, time=0.31s
[2025-12-04 08:28:06]   Trial 3/3: ✓ cut=32835.82, balance=0.2855, time=0.32s
[2025-12-04 08:28:06] 
  Running METIS baseline...
[2025-12-04 08:28:06]   METIS baseline: cut=15531.69, balance=0.9330, time=0.05s
[2025-12-04 08:28:06]   METIS weights: min=8079.43, max=8659.73, avg=8411.47, std=214.80
[2025-12-04 08:28:06]   → Quantum vs METIS: cut improvement = -110.81%
[2025-12-04 08:28:06] 
  → Aggregate: cut=32743.03±249.51, balance=0.2093, time=0.31±0.00s

================================================================================
[2025-12-04 08:28:06] [6/900] Testing configuration:
  k_target: 32
  coarsen_limit: 50
  balance_weight: 0.1
  num_reads: 300
================================================================================
[2025-12-04 08:28:06]   Trial 1/3: ✓ cut=32728.43, balance=0.2785, time=0.38s
[2025-12-04 08:28:06]   Trial 2/3: ✓ cut=32917.57, balance=0.0936, time=0.36s
[2025-12-04 08:28:07]   Trial 3/3: ✓ cut=32985.99, balance=0.2855, time=0.36s
[2025-12-04 08:28:07] 
  Running METIS baseline...
[2025-12-04 08:28:07]   METIS baseline: cut=15531.69, balance=0.9330, time=0.05s
[2025-12-04 08:28:07]   METIS weights: min=8079.43, max=8659.73, avg=8411.47, std=214.80
[2025-12-04 08:28:07]   → Quantum vs METIS: cut improvement = -111.68%
[2025-12-04 08:28:07] 
  → Aggregate: cut=32877.33±108.93, balance=0.2192, time=0.37±0.01s

================================================================================
[2025-12-04 08:28:07] [7/900] Testing configuration:
  k_target: 32
  coarsen_limit: 50
  balance_weight: 0.1
  num_reads: 350
================================================================================
[2025-12-04 08:28:07]   Trial 1/3: ✓ cut=32571.00, balance=0.3456, time=0.39s
[2025-12-04 08:28:08]   Trial 2/3: ✓ cut=32718.87, balance=0.2185, time=0.40s
[2025-12-04 08:28:08]   Trial 3/3: ✓ cut=32969.11, balance=0.2185, time=0.40s
[2025-12-04 08:28:08] 
  Running METIS baseline...
[2025-12-04 08:28:08]   METIS baseline: cut=15531.69, balance=0.9330, time=0.05s
[2025-12-04 08:28:08]   METIS weights: min=8079.43, max=8659.73, avg=8411.47, std=214.80
[2025-12-04 08:28:08]   → Quantum vs METIS: cut improvement = -110.88%
[2025-12-04 08:28:08] 
  → Aggregate: cut=32753.00±164.31, balance=0.2608, time=0.39±0.00s

================================================================================
[2025-12-04 08:28:08] [8/900] Testing configuration:
  k_target: 32
  coarsen_limit: 50
  balance_weight: 0.1
  num_reads: 400
================================================================================
[2025-12-04 08:28:08]   Trial 1/3: ✓ cut=32696.14, balance=0.0336, time=0.43s
[2025-12-04 08:28:09]   Trial 2/3: ✓ cut=32571.00, balance=0.0600, time=0.43s
[2025-12-04 08:28:09]   Trial 3/3: ✓ cut=32728.43, balance=0.0600, time=0.44s
[2025-12-04 08:28:09] 
  Running METIS baseline...
[2025-12-04 08:28:09]   METIS baseline: cut=15531.69, balance=0.9330, time=0.05s
[2025-12-04 08:28:09]   METIS weights: min=8079.43, max=8659.73, avg=8411.47, std=214.80
[2025-12-04 08:28:09]   → Quantum vs METIS: cut improvement = -110.31%
[2025-12-04 08:28:09] 
  → Aggregate: cut=32665.19±67.89, balance=0.0512, time=0.43±0.01s

================================================================================
[2025-12-04 08:28:09] [9/900] Testing configuration:
  k_target: 32
  coarsen_limit: 50
  balance_weight: 0.1
  num_reads: 450
================================================================================
[2025-12-04 08:28:10]   Trial 1/3: ✓ cut=32932.83, balance=0.2855, time=0.46s
[2025-12-04 08:28:10]   Trial 2/3: ✓ cut=32990.38, balance=0.3553, time=0.49s
[2025-12-04 08:28:11]   Trial 3/3: ✓ cut=32926.39, balance=0.2785, time=0.48s
[2025-12-04 08:28:11] 
  Running METIS baseline...
[2025-12-04 08:28:11]   METIS baseline: cut=15531.69, balance=0.9330, time=0.13s
[2025-12-04 08:28:11]   METIS weights: min=8079.43, max=8659.73, avg=8411.47, std=214.80
[2025-12-04 08:28:11]   → Quantum vs METIS: cut improvement = -112.15%
[2025-12-04 08:28:11] 
  → Aggregate: cut=32949.87±28.77, balance=0.3065, time=0.48±0.01s

================================================================================
[2025-12-04 08:28:11] [10/900] Testing configuration:
  k_target: 32
  coarsen_limit: 50
  balance_weight: 0.1
  num_reads: 500
================================================================================
[2025-12-04 08:28:12]   Trial 1/3: ✓ cut=32969.11, balance=0.0600, time=0.55s
[2025-12-04 08:28:12]   Trial 2/3: ✓ cut=32590.29, balance=0.2855, time=0.52s
[2025-12-04 08:28:13]   Trial 3/3: ✓ cut=32952.27, balance=0.2185, time=0.51s
[2025-12-04 08:28:13] 
  Running METIS baseline...
[2025-12-04 08:28:13]   METIS baseline: cut=15531.69, balance=0.9330, time=0.05s
[2025-12-04 08:28:13]   METIS weights: min=8079.43, max=8659.73, avg=8411.47, std=214.80
[2025-12-04 08:28:13]   → Quantum vs METIS: cut improvement = -111.42%
[2025-12-04 08:28:13] 
  → Aggregate: cut=32837.22±174.75, balance=0.1880, time=0.53±0.02s

================================================================================
[2025-12-04 08:28:13] [11/900] Testing configuration:
  k_target: 32
  coarsen_limit: 50
  balance_weight: 0.3
  num_reads: 50
================================================================================
[2025-12-04 08:28:13]   Trial 1/3: ✓ cut=32602.49, balance=0.0600, time=0.13s
[2025-12-04 08:28:13]   Trial 2/3: ✓ cut=33010.33, balance=0.3816, time=0.12s
[2025-12-04 08:28:13]   Trial 3/3: ✓ cut=33002.42, balance=0.3088, time=0.12s
[2025-12-04 08:28:13] 
  Running METIS baseline...
[2025-12-04 08:28:13]   METIS baseline: cut=15531.69, balance=0.9330, time=0.05s
[2025-12-04 08:28:13]   METIS weights: min=8079.43, max=8659.73, avg=8411.47, std=214.80
[2025-12-04 08:28:13]   → Quantum vs METIS: cut improvement = -111.64%
[2025-12-04 08:28:13] 
  → Aggregate: cut=32871.74±190.42, balance=0.2502, time=0.12±0.00s

================================================================================
[2025-12-04 08:28:13] [12/900] Testing configuration:
  k_target: 32
  coarsen_limit: 50
  balance_weight: 0.3
  num_reads: 100
================================================================================
[2025-12-04 08:28:13]   Trial 1/3: ✓ cut=32917.57, balance=0.0600, time=0.17s
[2025-12-04 08:28:13]   Trial 2/3: ✓ cut=32969.44, balance=0.3461, time=0.16s
[2025-12-04 08:28:14]   Trial 3/3: ✓ cut=32973.39, balance=0.3088, time=0.18s
[2025-12-04 08:28:14] 
  Running METIS baseline...
[2025-12-04 08:28:14]   METIS baseline: cut=15531.69, balance=0.9330, time=0.05s
[2025-12-04 08:28:14]   METIS weights: min=8079.43, max=8659.73, avg=8411.47, std=214.80
[2025-12-04 08:28:14]   → Quantum vs METIS: cut improvement = -112.17%
[2025-12-04 08:28:14] 
  → Aggregate: cut=32953.46±25.43, balance=0.2383, time=0.17±0.01s

================================================================================
[2025-12-04 08:28:14] [13/900] Testing configuration:
  k_target: 32
  coarsen_limit: 50
  balance_weight: 0.3
  num_reads: 150
================================================================================
[2025-12-04 08:28:14]   Trial 1/3: ✓ cut=32748.38, balance=0.3461, time=0.21s
[2025-12-04 08:28:14]   Trial 2/3: ✓ cut=32892.93, balance=0.2185, time=0.22s
[2025-12-04 08:28:14]   Trial 3/3: ✓ cut=32964.51, balance=0.3088, time=0.21s
[2025-12-04 08:28:14] 
  Running METIS baseline...
[2025-12-04 08:28:14]   METIS baseline: cut=15531.69, balance=0.9330, time=0.05s
[2025-12-04 08:28:14]   METIS weights: min=8079.43, max=8659.73, avg=8411.47, std=214.80
[2025-12-04 08:28:14]   → Quantum vs METIS: cut improvement = -111.62%
[2025-12-04 08:28:14] 
  → Aggregate: cut=32868.60±89.90, balance=0.2911, time=0.21±0.00s

================================================================================
[2025-12-04 08:28:14] [14/900] Testing configuration:
  k_target: 32
  coarsen_limit: 50
  balance_weight: 0.3
  num_reads: 200
================================================================================
[2025-12-04 08:28:15]   Trial 1/3: ✓ cut=32381.86, balance=0.0336, time=0.25s
[2025-12-04 08:28:15]   Trial 2/3: ✓ cut=32571.00, balance=0.2185, time=0.26s
[2025-12-04 08:28:15]   Trial 3/3: ✓ cut=33010.33, balance=0.3894, time=0.33s
[2025-12-04 08:28:15] 
  Running METIS baseline...
[2025-12-04 08:28:15]   METIS baseline: cut=15531.69, balance=0.9330, time=0.05s
[2025-12-04 08:28:15]   METIS weights: min=8079.43, max=8659.73, avg=8411.47, std=214.80
[2025-12-04 08:28:15]   → Quantum vs METIS: cut improvement = -110.24%
[2025-12-04 08:28:15] 
  → Aggregate: cut=32654.40±263.26, balance=0.2138, time=0.28±0.04s

================================================================================
[2025-12-04 08:28:15] [15/900] Testing configuration:
  k_target: 32
  coarsen_limit: 50
  balance_weight: 0.3
  num_reads: 250
================================================================================
[2025-12-04 08:28:16]   Trial 1/3: ✓ cut=32327.87, balance=0.2855, time=0.30s
[2025-12-04 08:28:16]   Trial 2/3: ✓ cut=32966.04, balance=0.2855, time=0.31s
[2025-12-04 08:28:16]   Trial 3/3: ✓ cut=32622.55, balance=0.2185, time=0.29s
[2025-12-04 08:28:16] 
  Running METIS baseline...
[2025-12-04 08:28:16]   METIS baseline: cut=15531.69, balance=0.9330, time=0.05s
[2025-12-04 08:28:16]   METIS weights: min=8079.43, max=8659.73, avg=8411.47, std=214.80
[2025-12-04 08:28:16]   → Quantum vs METIS: cut improvement = -110.14%
[2025-12-04 08:28:16] 
  → Aggregate: cut=32638.82±260.79, balance=0.2632, time=0.30±0.00s

================================================================================
[2025-12-04 08:28:16] [16/900] Testing configuration:
  k_target: 32
  coarsen_limit: 50
  balance_weight: 0.3
  num_reads: 300
================================================================================
[2025-12-04 08:28:17]   Trial 1/3: ✓ cut=33010.33, balance=0.0936, time=0.33s
[2025-12-04 08:28:17]   Trial 2/3: ✓ cut=32622.55, balance=0.0336, time=0.34s
[2025-12-04 08:28:17]   Trial 3/3: ✓ cut=32944.78, balance=0.2855, time=0.33s
[2025-12-04 08:28:17] 
  Running METIS baseline...
[2025-12-04 08:28:17]   METIS baseline: cut=15531.69, balance=0.9330, time=0.05s
[2025-12-04 08:28:17]   METIS weights: min=8079.43, max=8659.73, avg=8411.47, std=214.80
[2025-12-04 08:28:17]   → Quantum vs METIS: cut improvement = -111.56%
[2025-12-04 08:28:17] 
  → Aggregate: cut=32859.22±169.48, balance=0.1376, time=0.33±0.01s

================================================================================
[2025-12-04 08:28:17] [17/900] Testing configuration:
  k_target: 32
  coarsen_limit: 50
  balance_weight: 0.3
  num_reads: 350
================================================================================
[2025-12-04 08:28:18]   Trial 1/3: ✓ cut=32622.55, balance=0.3816, time=0.39s
[2025-12-04 08:28:18]   Trial 2/3: ✓ cut=32893.23, balance=0.0336, time=0.37s
[2025-12-04 08:28:19]   Trial 3/3: ✓ cut=33010.33, balance=0.2185, time=0.38s
[2025-12-04 08:28:19] 
  Running METIS baseline...
[2025-12-04 08:28:19]   METIS baseline: cut=15531.69, balance=0.9330, time=0.05s
[2025-12-04 08:28:19]   METIS weights: min=8079.43, max=8659.73, avg=8411.47, std=214.80
[2025-12-04 08:28:19]   → Quantum vs METIS: cut improvement = -111.45%
[2025-12-04 08:28:19] 
  → Aggregate: cut=32842.04±162.40, balance=0.2112, time=0.38±0.01s

================================================================================
[2025-12-04 08:28:19] [18/900] Testing configuration:
  k_target: 32
  coarsen_limit: 50
  balance_weight: 0.3
  num_reads: 400
================================================================================
[2025-12-04 08:28:19]   Trial 1/3: ✓ cut=33005.72, balance=0.3088, time=0.43s
[2025-12-04 08:28:19]   Trial 2/3: ✓ cut=32917.20, balance=0.2855, time=0.42s
[2025-12-04 08:28:20]   Trial 3/3: ✓ cut=32731.13, balance=0.3456, time=0.42s
[2025-12-04 08:28:20] 
  Running METIS baseline...
[2025-12-04 08:28:20]   METIS baseline: cut=15531.69, balance=0.9330, time=0.05s
[2025-12-04 08:28:20]   METIS weights: min=8079.43, max=8659.73, avg=8411.47, std=214.80
[2025-12-04 08:28:20]   → Quantum vs METIS: cut improvement = -111.73%
[2025-12-04 08:28:20] 
  → Aggregate: cut=32884.69±114.43, balance=0.3133, time=0.42±0.00s

================================================================================
[2025-12-04 08:28:20] [19/900] Testing configuration:
  k_target: 32
  coarsen_limit: 50
  balance_weight: 0.3
  num_reads: 450
================================================================================
[2025-12-04 08:28:20]   Trial 1/3: ✓ cut=32759.50, balance=0.2185, time=0.47s
[2025-12-04 08:28:21]   Trial 2/3: ✓ cut=32006.42, balance=0.0936, time=0.46s
[2025-12-04 08:28:21]   Trial 3/3: ✓ cut=32917.57, balance=0.3088, time=0.54s
[2025-12-04 08:28:21] 
  Running METIS baseline...
[2025-12-04 08:28:21]   METIS baseline: cut=15531.69, balance=0.9330, time=0.05s
[2025-12-04 08:28:21]   METIS weights: min=8079.43, max=8659.73, avg=8411.47, std=214.80
[2025-12-04 08:28:21]   → Quantum vs METIS: cut improvement = -109.64%
[2025-12-04 08:28:21] 
  → Aggregate: cut=32561.16±397.54, balance=0.2070, time=0.49±0.04s

================================================================================
[2025-12-04 08:28:21] [20/900] Testing configuration:
  k_target: 32
  coarsen_limit: 50
  balance_weight: 0.3
  num_reads: 500
================================================================================
[2025-12-04 08:28:22]   Trial 1/3: ✓ cut=32973.39, balance=0.3796, time=0.51s
[2025-12-04 08:28:22]   Trial 2/3: ✓ cut=32990.38, balance=0.2185, time=0.49s
[2025-12-04 08:28:23]   Trial 3/3: ✓ cut=32892.93, balance=0.3088, time=0.49s
[2025-12-04 08:28:23] 
  Running METIS baseline...
[2025-12-04 08:28:23]   METIS baseline: cut=15531.69, balance=0.9330, time=0.05s
[2025-12-04 08:28:23]   METIS weights: min=8079.43, max=8659.73, avg=8411.47, std=214.80
[2025-12-04 08:28:23]   → Quantum vs METIS: cut improvement = -112.16%
[2025-12-04 08:28:23] 
  → Aggregate: cut=32952.23±42.50, balance=0.3023, time=0.50±0.01s

================================================================================
[2025-12-04 08:28:23] [21/900] Testing configuration:
  k_target: 32
  coarsen_limit: 50
  balance_weight: 0.5
  num_reads: 50
================================================================================
[2025-12-04 08:28:23]   Trial 1/3: ✓ cut=33010.33, balance=0.3461, time=0.12s
[2025-12-04 08:28:23]   Trial 2/3: ✓ cut=32917.57, balance=0.3088, time=0.12s
[2025-12-04 08:28:23]   Trial 3/3: ✓ cut=32663.76, balance=0.3461, time=0.13s
[2025-12-04 08:28:23] 
  Running METIS baseline...
[2025-12-04 08:28:23]   METIS baseline: cut=15531.69, balance=0.9330, time=0.05s
[2025-12-04 08:28:23]   METIS weights: min=8079.43, max=8659.73, avg=8411.47, std=214.80
[2025-12-04 08:28:23]   → Quantum vs METIS: cut improvement = -111.59%
[2025-12-04 08:28:23] 
  → Aggregate: cut=32863.89±146.49, balance=0.3336, time=0.12±0.00s

================================================================================
[2025-12-04 08:28:23] [22/900] Testing configuration:
  k_target: 32
  coarsen_limit: 50
  balance_weight: 0.5
  num_reads: 100
================================================================================
[2025-12-04 08:28:24]   Trial 1/3: ✓ cut=32974.04, balance=0.3088, time=0.17s
[2025-12-04 08:28:24]   Trial 2/3: ✓ cut=32462.06, balance=0.2185, time=0.16s
[2025-12-04 08:28:24]   Trial 3/3: ✓ cut=32952.27, balance=0.2855, time=0.17s
[2025-12-04 08:28:24] 
  Running METIS baseline...
[2025-12-04 08:28:24]   METIS baseline: cut=15531.69, balance=0.9330, time=0.05s
[2025-12-04 08:28:24]   METIS weights: min=8079.43, max=8659.73, avg=8411.47, std=214.80
[2025-12-04 08:28:24]   → Quantum vs METIS: cut improvement = -111.16%
[2025-12-04 08:28:24] 
  → Aggregate: cut=32796.12±236.39, balance=0.2709, time=0.17±0.00s

================================================================================
[2025-12-04 08:28:24] [23/900] Testing configuration:
  k_target: 32
  coarsen_limit: 50
  balance_weight: 0.5
  num_reads: 150
================================================================================
[2025-12-04 08:28:24]   Trial 1/3: ✓ cut=32990.38, balance=0.3456, time=0.22s
[2025-12-04 08:28:24]   Trial 2/3: ✓ cut=32674.87, balance=0.3894, time=0.21s
[2025-12-04 08:28:25]   Trial 3/3: ✓ cut=32820.80, balance=0.3894, time=0.22s
[2025-12-04 08:28:25] 
  Running METIS baseline...
[2025-12-04 08:28:25]   METIS baseline: cut=15531.69, balance=0.9330, time=0.05s
[2025-12-04 08:28:25]   METIS weights: min=8079.43, max=8659.73, avg=8411.47, std=214.80
[2025-12-04 08:28:25]   → Quantum vs METIS: cut improvement = -111.37%
[2025-12-04 08:28:25] 
  → Aggregate: cut=32828.68±128.93, balance=0.3748, time=0.22±0.00s

================================================================================
[2025-12-04 08:28:25] [24/900] Testing configuration:
  k_target: 32
  coarsen_limit: 50
  balance_weight: 0.5
  num_reads: 200
================================================================================
[2025-12-04 08:28:25]   Trial 1/3: ✓ cut=32944.78, balance=0.2855, time=0.25s
[2025-12-04 08:28:25]   Trial 2/3: ✓ cut=32969.11, balance=0.2855, time=0.25s
[2025-12-04 08:28:26]   Trial 3/3: ✓ cut=33010.33, balance=0.2520, time=0.33s
[2025-12-04 08:28:26] 
  Running METIS baseline...
[2025-12-04 08:28:26]   METIS baseline: cut=15531.69, balance=0.9330, time=0.05s
[2025-12-04 08:28:26]   METIS weights: min=8079.43, max=8659.73, avg=8411.47, std=214.80
[2025-12-04 08:28:26]   → Quantum vs METIS: cut improvement = -112.31%
[2025-12-04 08:28:26] 
  → Aggregate: cut=32974.74±27.05, balance=0.2744, time=0.28±0.04s

================================================================================
[2025-12-04 08:28:26] [25/900] Testing configuration:
  k_target: 32
  coarsen_limit: 50
  balance_weight: 0.5
  num_reads: 250
================================================================================
[2025-12-04 08:28:26]   Trial 1/3: ✓ cut=32808.63, balance=0.2855, time=0.29s
[2025-12-04 08:28:26]   Trial 2/3: ✓ cut=32969.11, balance=0.3816, time=0.30s
[2025-12-04 08:28:27]   Trial 3/3: ✓ cut=32973.39, balance=0.2855, time=0.30s
[2025-12-04 08:28:27] 
  Running METIS baseline...
[2025-12-04 08:28:27]   METIS baseline: cut=15531.69, balance=0.9330, time=0.05s
[2025-12-04 08:28:27]   METIS weights: min=8079.43, max=8659.73, avg=8411.47, std=214.80
[2025-12-04 08:28:27]   → Quantum vs METIS: cut improvement = -111.93%
[2025-12-04 08:28:27] 
  → Aggregate: cut=32917.04±76.68, balance=0.3176, time=0.29±0.01s

================================================================================
[2025-12-04 08:28:27] [26/900] Testing configuration:
  k_target: 32
  coarsen_limit: 50
  balance_weight: 0.5
  num_reads: 300
================================================================================
[2025-12-04 08:28:27]   Trial 1/3: ✓ cut=32985.77, balance=0.2185, time=0.33s
[2025-12-04 08:28:27]   Trial 2/3: ✓ cut=32985.99, balance=0.3088, time=0.35s
[2025-12-04 08:28:28]   Trial 3/3: ✓ cut=32808.63, balance=0.2185, time=0.33s
[2025-12-04 08:28:28] 
  Running METIS baseline...
[2025-12-04 08:28:28]   METIS baseline: cut=15531.69, balance=0.9330, time=0.05s
[2025-12-04 08:28:28]   METIS weights: min=8079.43, max=8659.73, avg=8411.47, std=214.80
[2025-12-04 08:28:28]   → Quantum vs METIS: cut improvement = -112.00%
[2025-12-04 08:28:28] 
  → Aggregate: cut=32926.80±83.56, balance=0.2486, time=0.34±0.01s

================================================================================
[2025-12-04 08:28:28] [27/900] Testing configuration:
  k_target: 32
  coarsen_limit: 50
  balance_weight: 0.5
  num_reads: 350
================================================================================
[2025-12-04 08:28:28]   Trial 1/3: ✓ cut=32985.99, balance=0.3088, time=0.37s
[2025-12-04 08:28:28]   Trial 2/3: ✓ cut=33010.33, balance=0.3088, time=0.38s
[2025-12-04 08:28:29]   Trial 3/3: ✓ cut=32969.11, balance=0.2855, time=0.39s
[2025-12-04 08:28:29] 
  Running METIS baseline...
[2025-12-04 08:28:29]   METIS baseline: cut=15531.69, balance=0.9330, time=0.05s
[2025-12-04 08:28:29]   METIS weights: min=8079.43, max=8659.73, avg=8411.47, std=214.80
[2025-12-04 08:28:29]   → Quantum vs METIS: cut improvement = -112.39%
[2025-12-04 08:28:29] 
  → Aggregate: cut=32988.48±16.92, balance=0.3011, time=0.38±0.01s

================================================================================
[2025-12-04 08:28:29] [28/900] Testing configuration:
  k_target: 32
  coarsen_limit: 50
  balance_weight: 0.5
  num_reads: 400
================================================================================
[2025-12-04 08:28:29]   Trial 1/3: ✓ cut=33002.42, balance=0.2185, time=0.43s
[2025-12-04 08:28:30]   Trial 2/3: ✓ cut=33010.33, balance=0.2185, time=0.41s
[2025-12-04 08:28:30]   Trial 3/3: ✓ cut=32663.76, balance=0.3965, time=0.41s
[2025-12-04 08:28:30] 
  Running METIS baseline...
[2025-12-04 08:28:30]   METIS baseline: cut=15531.69, balance=0.9330, time=0.05s
[2025-12-04 08:28:30]   METIS weights: min=8079.43, max=8659.73, avg=8411.47, std=214.80
[2025-12-04 08:28:30]   → Quantum vs METIS: cut improvement = -111.77%
[2025-12-04 08:28:30] 
  → Aggregate: cut=32892.17±161.54, balance=0.2778, time=0.42±0.01s

================================================================================
[2025-12-04 08:28:30] [29/900] Testing configuration:
  k_target: 32
  coarsen_limit: 50
  balance_weight: 0.5
  num_reads: 450
================================================================================
[2025-12-04 08:28:31]   Trial 1/3: ✓ cut=32622.55, balance=0.2855, time=0.53s
[2025-12-04 08:28:31]   Trial 2/3: ✓ cut=32462.06, balance=0.3191, time=0.47s
[2025-12-04 08:28:32]   Trial 3/3: ✓ cut=32932.83, balance=0.2185, time=0.47s
[2025-12-04 08:28:32] 
  Running METIS baseline...
[2025-12-04 08:28:32]   METIS baseline: cut=15531.69, balance=0.9330, time=0.05s
[2025-12-04 08:28:32]   METIS weights: min=8079.43, max=8659.73, avg=8411.47, std=214.80
[2025-12-04 08:28:32]   → Quantum vs METIS: cut improvement = -110.36%
[2025-12-04 08:28:32] 
  → Aggregate: cut=32672.48±195.41, balance=0.2744, time=0.49±0.03s

================================================================================
[2025-12-04 08:28:32] [30/900] Testing configuration:
  k_target: 32
  coarsen_limit: 50
  balance_weight: 0.5
  num_reads: 500
================================================================================
[2025-12-04 08:28:32]   Trial 1/3: ✓ cut=32974.04, balance=0.2185, time=0.51s
[2025-12-04 08:28:33]   Trial 2/3: ✓ cut=32715.80, balance=0.2855, time=0.50s
[2025-12-04 08:28:33]   Trial 3/3: ✓ cut=32917.57, balance=0.0336, time=0.51s
[2025-12-04 08:28:33] 
  Running METIS baseline...
[2025-12-04 08:28:33]   METIS baseline: cut=15531.69, balance=0.9330, time=0.05s
[2025-12-04 08:28:33]   METIS weights: min=8079.43, max=8659.73, avg=8411.47, std=214.80
[2025-12-04 08:28:33]   → Quantum vs METIS: cut improvement = -111.63%
[2025-12-04 08:28:33] 
  → Aggregate: cut=32869.14±110.85, balance=0.1792, time=0.51±0.00s

================================================================================
[2025-12-04 08:28:33] [31/900] Testing configuration:
  k_target: 32
  coarsen_limit: 50
  balance_weight: 0.7
  num_reads: 50
================================================================================
[2025-12-04 08:28:34]   Trial 1/3: ✓ cut=32969.11, balance=0.2185, time=0.12s
[2025-12-04 08:28:34]   Trial 2/3: ✓ cut=33010.33, balance=0.3088, time=0.12s
[2025-12-04 08:28:34]   Trial 3/3: ✓ cut=32969.11, balance=0.2855, time=0.12s
[2025-12-04 08:28:34] 
  Running METIS baseline...
[2025-12-04 08:28:34]   METIS baseline: cut=15531.69, balance=0.9330, time=0.05s
[2025-12-04 08:28:34]   METIS weights: min=8079.43, max=8659.73, avg=8411.47, std=214.80
[2025-12-04 08:28:34]   → Quantum vs METIS: cut improvement = -112.36%
[2025-12-04 08:28:34] 
  → Aggregate: cut=32982.85±19.43, balance=0.2709, time=0.12±0.00s

================================================================================
[2025-12-04 08:28:34] [32/900] Testing configuration:
  k_target: 32
  coarsen_limit: 50
  balance_weight: 0.7
  num_reads: 100
================================================================================
[2025-12-04 08:28:34]   Trial 1/3: ✓ cut=32381.86, balance=0.3965, time=0.17s
[2025-12-04 08:28:34]   Trial 2/3: ✓ cut=32985.99, balance=0.3456, time=0.16s
[2025-12-04 08:28:34]   Trial 3/3: ✓ cut=32728.43, balance=0.2855, time=0.17s
[2025-12-04 08:28:34] 
  Running METIS baseline...
[2025-12-04 08:28:34]   METIS baseline: cut=15531.69, balance=0.9330, time=0.05s
[2025-12-04 08:28:34]   METIS weights: min=8079.43, max=8659.73, avg=8411.47, std=214.80
[2025-12-04 08:28:34]   → Quantum vs METIS: cut improvement = -110.53%
[2025-12-04 08:28:34] 
  → Aggregate: cut=32698.76±247.53, balance=0.3425, time=0.16±0.00s

================================================================================
[2025-12-04 08:28:34] [33/900] Testing configuration:
  k_target: 32
  coarsen_limit: 50
  balance_weight: 0.7
  num_reads: 150
================================================================================
[2025-12-04 08:28:35]   Trial 1/3: ✓ cut=32748.38, balance=0.2855, time=0.21s
[2025-12-04 08:28:35]   Trial 2/3: ✓ cut=32663.76, balance=0.2520, time=0.21s
[2025-12-04 08:28:35]   Trial 3/3: ✓ cut=32990.38, balance=0.0600, time=0.22s
[2025-12-04 08:28:35] 
  Running METIS baseline...
[2025-12-04 08:28:35]   METIS baseline: cut=15531.69, balance=0.9330, time=0.06s
[2025-12-04 08:28:35]   METIS weights: min=8079.43, max=8659.73, avg=8411.47, std=214.80
[2025-12-04 08:28:35]   → Quantum vs METIS: cut improvement = -111.19%
[2025-12-04 08:28:35] 
  → Aggregate: cut=32800.84±138.41, balance=0.1992, time=0.22±0.00s

================================================================================
[2025-12-04 08:28:35] [34/900] Testing configuration:
  k_target: 32
  coarsen_limit: 50
  balance_weight: 0.7
  num_reads: 200
================================================================================
[2025-12-04 08:28:36]   Trial 1/3: ✓ cut=32969.11, balance=0.3088, time=0.31s
[2025-12-04 08:28:36]   Trial 2/3: ✓ cut=33010.33, balance=0.3553, time=0.33s
[2025-12-04 08:28:36]   Trial 3/3: ✓ cut=33010.33, balance=0.0336, time=0.25s
[2025-12-04 08:28:36] 
  Running METIS baseline...
[2025-12-04 08:28:36]   METIS baseline: cut=15531.69, balance=0.9330, time=0.05s
[2025-12-04 08:28:36]   METIS weights: min=8079.43, max=8659.73, avg=8411.47, std=214.80
[2025-12-04 08:28:36]   → Quantum vs METIS: cut improvement = -112.45%
[2025-12-04 08:28:36] 
  → Aggregate: cut=32996.59±19.43, balance=0.2326, time=0.30±0.03s

================================================================================
[2025-12-04 08:28:36] [35/900] Testing configuration:
  k_target: 32
  coarsen_limit: 50
  balance_weight: 0.7
  num_reads: 250
================================================================================
[2025-12-04 08:28:36]   Trial 1/3: ✓ cut=32571.00, balance=0.0336, time=0.29s
[2025-12-04 08:28:37]   Trial 2/3: ✓ cut=32969.11, balance=0.2855, time=0.29s
[2025-12-04 08:28:37]   Trial 3/3: ✓ cut=32571.00, balance=0.3456, time=0.29s
[2025-12-04 08:28:37] 
  Running METIS baseline...
[2025-12-04 08:28:37]   METIS baseline: cut=15531.69, balance=0.9330, time=0.05s
[2025-12-04 08:28:37]   METIS weights: min=8079.43, max=8659.73, avg=8411.47, std=214.80
[2025-12-04 08:28:37]   → Quantum vs METIS: cut improvement = -110.56%
[2025-12-04 08:28:37] 
  → Aggregate: cut=32703.71±187.67, balance=0.2215, time=0.29±0.00s

================================================================================
[2025-12-04 08:28:37] [36/900] Testing configuration:
  k_target: 32
  coarsen_limit: 50
  balance_weight: 0.7
  num_reads: 300
================================================================================
[2025-12-04 08:28:37]   Trial 1/3: ✓ cut=32571.00, balance=0.2185, time=0.33s
[2025-12-04 08:28:38]   Trial 2/3: ✓ cut=33010.33, balance=0.3088, time=0.33s
[2025-12-04 08:28:38]   Trial 3/3: ✓ cut=32663.76, balance=0.2855, time=0.33s
[2025-12-04 08:28:38] 
  Running METIS baseline...
[2025-12-04 08:28:38]   METIS baseline: cut=15531.69, balance=0.9330, time=0.05s
[2025-12-04 08:28:38]   METIS weights: min=8079.43, max=8659.73, avg=8411.47, std=214.80
[2025-12-04 08:28:38]   → Quantum vs METIS: cut improvement = -110.85%
[2025-12-04 08:28:38] 
  → Aggregate: cut=32748.36±189.07, balance=0.2709, time=0.33±0.00s

================================================================================
[2025-12-04 08:28:38] [37/900] Testing configuration:
  k_target: 32
  coarsen_limit: 50
  balance_weight: 0.7
  num_reads: 350
================================================================================
[2025-12-04 08:28:39]   Trial 1/3: ✓ cut=33010.33, balance=0.3088, time=0.37s
[2025-12-04 08:28:39]   Trial 2/3: ✓ cut=32969.11, balance=0.0600, time=0.39s
[2025-12-04 08:28:39]   Trial 3/3: ✓ cut=33010.33, balance=0.3461, time=0.39s
[2025-12-04 08:28:39] 
  Running METIS baseline...
[2025-12-04 08:28:39]   METIS baseline: cut=15531.69, balance=0.9330, time=0.05s
[2025-12-04 08:28:39]   METIS weights: min=8079.43, max=8659.73, avg=8411.47, std=214.80
[2025-12-04 08:28:39]   → Quantum vs METIS: cut improvement = -112.45%
[2025-12-04 08:28:39] 
  → Aggregate: cut=32996.59±19.43, balance=0.2383, time=0.38±0.01s

================================================================================
[2025-12-04 08:28:39] [38/900] Testing configuration:
  k_target: 32
  coarsen_limit: 50
  balance_weight: 0.7
  num_reads: 400
================================================================================
[2025-12-04 08:28:40]   Trial 1/3: ✓ cut=32974.04, balance=0.3461, time=0.41s
[2025-12-04 08:28:40]   Trial 2/3: ✓ cut=32746.16, balance=0.2855, time=0.41s
[2025-12-04 08:28:41]   Trial 3/3: ✓ cut=33010.33, balance=0.3088, time=0.41s
[2025-12-04 08:28:41] 
  Running METIS baseline...
[2025-12-04 08:28:41]   METIS baseline: cut=15531.69, balance=0.9330, time=0.05s
[2025-12-04 08:28:41]   METIS weights: min=8079.43, max=8659.73, avg=8411.47, std=214.80
[2025-12-04 08:28:41]   → Quantum vs METIS: cut improvement = -111.89%
[2025-12-04 08:28:41] 
  → Aggregate: cut=32910.18±116.92, balance=0.3135, time=0.41±0.00s

================================================================================
[2025-12-04 08:28:41] [39/900] Testing configuration:
  k_target: 32
  coarsen_limit: 50
  balance_weight: 0.7
  num_reads: 450
================================================================================
[2025-12-04 08:28:41]   Trial 1/3: ✓ cut=32917.57, balance=0.2185, time=0.53s
[2025-12-04 08:28:42]   Trial 2/3: ✓ cut=32743.77, balance=0.2185, time=0.44s
[2025-12-04 08:28:42]   Trial 3/3: ✓ cut=32808.63, balance=0.0936, time=0.45s
[2025-12-04 08:28:42] 
  Running METIS baseline...
[2025-12-04 08:28:42]   METIS baseline: cut=15531.69, balance=0.9330, time=0.05s
[2025-12-04 08:28:42]   METIS weights: min=8079.43, max=8659.73, avg=8411.47, std=214.80
[2025-12-04 08:28:42]   → Quantum vs METIS: cut improvement = -111.33%
[2025-12-04 08:28:42] 
  → Aggregate: cut=32823.32±71.71, balance=0.1769, time=0.48±0.04s

================================================================================
[2025-12-04 08:28:42] [40/900] Testing configuration:
  k_target: 32
  coarsen_limit: 50
  balance_weight: 0.7
  num_reads: 500
================================================================================
[2025-12-04 08:28:43]   Trial 1/3: ✓ cut=32622.55, balance=0.3816, time=0.51s
[2025-12-04 08:28:43]   Trial 2/3: ✓ cut=32622.55, balance=0.2185, time=0.48s
[2025-12-04 08:28:44]   Trial 3/3: ✓ cut=32760.08, balance=0.2855, time=0.49s
[2025-12-04 08:28:44] 
  Running METIS baseline...
[2025-12-04 08:28:44]   METIS baseline: cut=15531.69, balance=0.9330, time=0.05s
[2025-12-04 08:28:44]   METIS weights: min=8079.43, max=8659.73, avg=8411.47, std=214.80
[2025-12-04 08:28:44]   → Quantum vs METIS: cut improvement = -110.33%
[2025-12-04 08:28:44] 
  → Aggregate: cut=32668.39±64.84, balance=0.2952, time=0.50±0.01s

================================================================================
[2025-12-04 08:28:44] [41/900] Testing configuration:
  k_target: 32
  coarsen_limit: 50
  balance_weight: 0.9
  num_reads: 50
================================================================================
[2025-12-04 08:28:44]   Trial 1/3: ✓ cut=33010.33, balance=0.3461, time=0.12s
[2025-12-04 08:28:44]   Trial 2/3: ✓ cut=32990.38, balance=0.2185, time=0.12s
[2025-12-04 08:28:44]   Trial 3/3: ✓ cut=33010.33, balance=0.2855, time=0.12s
[2025-12-04 08:28:44] 
  Running METIS baseline...
[2025-12-04 08:28:44]   METIS baseline: cut=15531.69, balance=0.9330, time=0.05s
[2025-12-04 08:28:44]   METIS weights: min=8079.43, max=8659.73, avg=8411.47, std=214.80
[2025-12-04 08:28:44]   → Quantum vs METIS: cut improvement = -112.49%
[2025-12-04 08:28:44] 
  → Aggregate: cut=33003.68±9.40, balance=0.2834, time=0.12±0.00s

================================================================================
[2025-12-04 08:28:44] [42/900] Testing configuration:
  k_target: 32
  coarsen_limit: 50
  balance_weight: 0.9
  num_reads: 100
================================================================================
[2025-12-04 08:28:44]   Trial 1/3: ✓ cut=32614.92, balance=0.2185, time=0.17s
[2025-12-04 08:28:45]   Trial 2/3: ✓ cut=33010.33, balance=0.3689, time=0.16s
[2025-12-04 08:28:45]   Trial 3/3: ✓ cut=32880.63, balance=0.2855, time=0.18s
[2025-12-04 08:28:45] 
  Running METIS baseline...
[2025-12-04 08:28:45]   METIS baseline: cut=15531.69, balance=0.9330, time=0.05s
[2025-12-04 08:28:45]   METIS weights: min=8079.43, max=8659.73, avg=8411.47, std=214.80
[2025-12-04 08:28:45]   → Quantum vs METIS: cut improvement = -111.41%
[2025-12-04 08:28:45] 
  → Aggregate: cut=32835.29±164.58, balance=0.2910, time=0.17±0.01s

================================================================================
[2025-12-04 08:28:45] [43/900] Testing configuration:
  k_target: 32
  coarsen_limit: 50
  balance_weight: 0.9
  num_reads: 150
================================================================================
[2025-12-04 08:28:45]   Trial 1/3: ✓ cut=32969.11, balance=0.2855, time=0.21s
[2025-12-04 08:28:45]   Trial 2/3: ✓ cut=33010.33, balance=0.3461, time=0.20s
[2025-12-04 08:28:45]   Trial 3/3: ✓ cut=32973.39, balance=0.3088, time=0.21s
[2025-12-04 08:28:45] 
  Running METIS baseline...
[2025-12-04 08:28:46]   METIS baseline: cut=15531.69, balance=0.9330, time=0.13s
[2025-12-04 08:28:46]   METIS weights: min=8079.43, max=8659.73, avg=8411.47, std=214.80
[2025-12-04 08:28:46]   → Quantum vs METIS: cut improvement = -112.37%
[2025-12-04 08:28:46] 
  → Aggregate: cut=32984.28±18.50, balance=0.3135, time=0.21±0.00s

================================================================================
[2025-12-04 08:28:46] [44/900] Testing configuration:
  k_target: 32
  coarsen_limit: 50
  balance_weight: 0.9
  num_reads: 200
================================================================================
[2025-12-04 08:28:46]   Trial 1/3: ✓ cut=32663.76, balance=0.2185, time=0.25s
[2025-12-04 08:28:46]   Trial 2/3: ✓ cut=32917.57, balance=0.2185, time=0.24s
[2025-12-04 08:28:46]   Trial 3/3: ✓ cut=33010.33, balance=0.2855, time=0.25s
[2025-12-04 08:28:46] 
  Running METIS baseline...
[2025-12-04 08:28:46]   METIS baseline: cut=15531.69, balance=0.9330, time=0.05s
[2025-12-04 08:28:46]   METIS weights: min=8079.43, max=8659.73, avg=8411.47, std=214.80
[2025-12-04 08:28:46]   → Quantum vs METIS: cut improvement = -111.59%
[2025-12-04 08:28:46] 
  → Aggregate: cut=32863.89±146.49, balance=0.2408, time=0.25±0.00s

================================================================================
[2025-12-04 08:28:46] [45/900] Testing configuration:
  k_target: 32
  coarsen_limit: 50
  balance_weight: 0.9
  num_reads: 250
================================================================================
[2025-12-04 08:28:47]   Trial 1/3: ✓ cut=33010.33, balance=0.2855, time=0.28s
[2025-12-04 08:28:47]   Trial 2/3: ✓ cut=33010.33, balance=0.3088, time=0.28s
[2025-12-04 08:28:47]   Trial 3/3: ✓ cut=33005.72, balance=0.3088, time=0.29s
[2025-12-04 08:28:47] 
  Running METIS baseline...
[2025-12-04 08:28:47]   METIS baseline: cut=15531.69, balance=0.9330, time=0.05s
[2025-12-04 08:28:47]   METIS weights: min=8079.43, max=8659.73, avg=8411.47, std=214.80
[2025-12-04 08:28:47]   → Quantum vs METIS: cut improvement = -112.53%
[2025-12-04 08:28:47] 
  → Aggregate: cut=33008.79±2.17, balance=0.3011, time=0.29±0.00s

================================================================================
[2025-12-04 08:28:47] [46/900] Testing configuration:
  k_target: 32
  coarsen_limit: 50
  balance_weight: 0.9
  num_reads: 300
================================================================================
[2025-12-04 08:28:48]   Trial 1/3: ✓ cut=32767.42, balance=0.2185, time=0.33s
[2025-12-04 08:28:48]   Trial 2/3: ✓ cut=32632.15, balance=0.3088, time=0.33s
[2025-12-04 08:28:48]   Trial 3/3: ✓ cut=32969.11, balance=0.2855, time=0.33s
[2025-12-04 08:28:48] 
  Running METIS baseline...
[2025-12-04 08:28:48]   METIS baseline: cut=15531.69, balance=0.9330, time=0.05s
[2025-12-04 08:28:48]   METIS weights: min=8079.43, max=8659.73, avg=8411.47, std=214.80
[2025-12-04 08:28:48]   → Quantum vs METIS: cut improvement = -111.11%
[2025-12-04 08:28:48] 
  → Aggregate: cut=32789.56±138.45, balance=0.2709, time=0.33±0.00s

================================================================================
[2025-12-04 08:28:48] [47/900] Testing configuration:
  k_target: 32
  coarsen_limit: 50
  balance_weight: 0.9
  num_reads: 350
================================================================================
[2025-12-04 08:28:49]   Trial 1/3: ✓ cut=32770.51, balance=0.3461, time=0.38s
[2025-12-04 08:28:49]   Trial 2/3: ✓ cut=32877.03, balance=0.2855, time=0.37s
[2025-12-04 08:28:50]   Trial 3/3: ✓ cut=32663.76, balance=0.0600, time=0.38s
[2025-12-04 08:28:50] 
  Running METIS baseline...
[2025-12-04 08:28:50]   METIS baseline: cut=15531.69, balance=0.9330, time=0.05s
[2025-12-04 08:28:50]   METIS weights: min=8079.43, max=8659.73, avg=8411.47, std=214.80
[2025-12-04 08:28:50]   → Quantum vs METIS: cut improvement = -110.99%
[2025-12-04 08:28:50] 
  → Aggregate: cut=32770.43±87.07, balance=0.2305, time=0.38±0.00s

================================================================================
[2025-12-04 08:28:50] [48/900] Testing configuration:
  k_target: 32
  coarsen_limit: 50
  balance_weight: 0.9
  num_reads: 400
================================================================================
[2025-12-04 08:28:50]   Trial 1/3: ✓ cut=32917.57, balance=0.2185, time=0.41s
[2025-12-04 08:28:50]   Trial 2/3: ✓ cut=32571.00, balance=0.2185, time=0.41s
[2025-12-04 08:28:51]   Trial 3/3: ✓ cut=32969.11, balance=0.2185, time=0.41s
[2025-12-04 08:28:51] 
  Running METIS baseline...
[2025-12-04 08:28:51]   METIS baseline: cut=15531.69, balance=0.9330, time=0.13s
[2025-12-04 08:28:51]   METIS weights: min=8079.43, max=8659.73, avg=8411.47, std=214.80
[2025-12-04 08:28:51]   → Quantum vs METIS: cut improvement = -111.30%
[2025-12-04 08:28:51] 
  → Aggregate: cut=32819.23±176.78, balance=0.2185, time=0.41±0.00s

================================================================================
[2025-12-04 08:28:51] [49/900] Testing configuration:
  k_target: 32
  coarsen_limit: 50
  balance_weight: 0.9
  num_reads: 450
================================================================================
[2025-12-04 08:28:51]   Trial 1/3: ✓ cut=32969.11, balance=0.2185, time=0.46s
[2025-12-04 08:28:52]   Trial 2/3: ✓ cut=32969.11, balance=0.2855, time=0.46s
[2025-12-04 08:28:52]   Trial 3/3: ✓ cut=32615.08, balance=0.3088, time=0.47s
[2025-12-04 08:28:52] 
  Running METIS baseline...
[2025-12-04 08:28:52]   METIS baseline: cut=15531.69, balance=0.9330, time=0.05s
[2025-12-04 08:28:52]   METIS weights: min=8079.43, max=8659.73, avg=8411.47, std=214.80
[2025-12-04 08:28:52]   → Quantum vs METIS: cut improvement = -111.51%
[2025-12-04 08:28:52] 
  → Aggregate: cut=32851.10±166.89, balance=0.2709, time=0.46±0.00s

================================================================================
[2025-12-04 08:28:52] [50/900] Testing configuration:
  k_target: 32
  coarsen_limit: 50
  balance_weight: 0.9
  num_reads: 500
================================================================================
[2025-12-04 08:28:53]   Trial 1/3: ✓ cut=32760.08, balance=0.2855, time=0.50s
[2025-12-04 08:28:53]   Trial 2/3: ✓ cut=32663.76, balance=0.3191, time=0.51s
[2025-12-04 08:28:54]   Trial 3/3: ✓ cut=32639.12, balance=0.3553, time=0.50s
[2025-12-04 08:28:54] 
  Running METIS baseline...
[2025-12-04 08:28:54]   METIS baseline: cut=15531.69, balance=0.9330, time=0.05s
[2025-12-04 08:28:54]   METIS weights: min=8079.43, max=8659.73, avg=8411.47, std=214.80
[2025-12-04 08:28:54]   → Quantum vs METIS: cut improvement = -110.46%
[2025-12-04 08:28:54] 
  → Aggregate: cut=32687.66±52.19, balance=0.3200, time=0.50±0.00s

================================================================================
[2025-12-04 08:28:54] [51/900] Testing configuration:
  k_target: 32
  coarsen_limit: 50
  balance_weight: 1.1
  num_reads: 50
================================================================================
[2025-12-04 08:28:54]   Trial 1/3: ✓ cut=32944.78, balance=0.3894, time=0.12s
[2025-12-04 08:28:54]   Trial 2/3: ✓ cut=32462.06, balance=0.2185, time=0.14s
[2025-12-04 08:28:54]   Trial 3/3: ✓ cut=33010.33, balance=0.2520, time=0.13s
[2025-12-04 08:28:54] 
  Running METIS baseline...
[2025-12-04 08:28:55]   METIS baseline: cut=15531.69, balance=0.9330, time=0.05s
[2025-12-04 08:28:55]   METIS weights: min=8079.43, max=8659.73, avg=8411.47, std=214.80
[2025-12-04 08:28:55]   → Quantum vs METIS: cut improvement = -111.22%
[2025-12-04 08:28:55] 
  → Aggregate: cut=32805.72±244.47, balance=0.2866, time=0.13±0.00s

================================================================================
[2025-12-04 08:28:55] [52/900] Testing configuration:
  k_target: 32
  coarsen_limit: 50
  balance_weight: 1.1
  num_reads: 100
================================================================================
[2025-12-04 08:28:55]   Trial 1/3: ✓ cut=32964.30, balance=0.2185, time=0.18s
[2025-12-04 08:28:55]   Trial 2/3: ✓ cut=33010.33, balance=0.2855, time=0.17s
[2025-12-04 08:28:55]   Trial 3/3: ✓ cut=32974.04, balance=0.2855, time=0.17s
[2025-12-04 08:28:55] 
  Running METIS baseline...
[2025-12-04 08:28:55]   METIS baseline: cut=15531.69, balance=0.9330, time=0.05s
[2025-12-04 08:28:55]   METIS weights: min=8079.43, max=8659.73, avg=8411.47, std=214.80
[2025-12-04 08:28:55]   → Quantum vs METIS: cut improvement = -112.36%
[2025-12-04 08:28:55] 
  → Aggregate: cut=32982.89±19.80, balance=0.2632, time=0.18±0.00s

================================================================================
[2025-12-04 08:28:55] [53/900] Testing configuration:
  k_target: 32
  coarsen_limit: 50
  balance_weight: 1.1
  num_reads: 150
================================================================================
[2025-12-04 08:28:55]   Trial 1/3: ✓ cut=33010.33, balance=0.2855, time=0.20s
[2025-12-04 08:28:56]   Trial 2/3: ✓ cut=32663.76, balance=0.3461, time=0.22s
[2025-12-04 08:28:56]   Trial 3/3: ✓ cut=33010.33, balance=0.2185, time=0.29s
[2025-12-04 08:28:56] 
  Running METIS baseline...
[2025-12-04 08:28:56]   METIS baseline: cut=15531.69, balance=0.9330, time=0.05s
[2025-12-04 08:28:56]   METIS weights: min=8079.43, max=8659.73, avg=8411.47, std=214.80
[2025-12-04 08:28:56]   → Quantum vs METIS: cut improvement = -111.79%
[2025-12-04 08:28:56] 
  → Aggregate: cut=32894.81±163.37, balance=0.2834, time=0.24±0.04s

================================================================================
[2025-12-04 08:28:56] [54/900] Testing configuration:
  k_target: 32
  coarsen_limit: 50
  balance_weight: 1.1
  num_reads: 200
================================================================================
[2025-12-04 08:28:56]   Trial 1/3: ✓ cut=33002.42, balance=0.3088, time=0.25s
[2025-12-04 08:28:56]   Trial 2/3: ✓ cut=32974.04, balance=0.3461, time=0.26s
[2025-12-04 08:28:57]   Trial 3/3: ✓ cut=32990.38, balance=0.2185, time=0.25s
[2025-12-04 08:28:57] 
  Running METIS baseline...
[2025-12-04 08:28:57]   METIS baseline: cut=15531.69, balance=0.9330, time=0.05s
[2025-12-04 08:28:57]   METIS weights: min=8079.43, max=8659.73, avg=8411.47, std=214.80
[2025-12-04 08:28:57]   → Quantum vs METIS: cut improvement = -112.40%
[2025-12-04 08:28:57] 
  → Aggregate: cut=32988.95±11.63, balance=0.2911, time=0.25±0.01s

================================================================================
[2025-12-04 08:28:57] [55/900] Testing configuration:
  k_target: 32
  coarsen_limit: 50
  balance_weight: 1.1
  num_reads: 250
================================================================================
[2025-12-04 08:28:57]   Trial 1/3: ✓ cut=32898.70, balance=0.0336, time=0.30s
[2025-12-04 08:28:57]   Trial 2/3: ✓ cut=32711.48, balance=0.3894, time=0.29s
[2025-12-04 08:28:58]   Trial 3/3: ✓ cut=32879.45, balance=0.3088, time=0.29s
[2025-12-04 08:28:58] 
  Running METIS baseline...
[2025-12-04 08:28:58]   METIS baseline: cut=15531.69, balance=0.9330, time=0.05s
[2025-12-04 08:28:58]   METIS weights: min=8079.43, max=8659.73, avg=8411.47, std=214.80
[2025-12-04 08:28:58]   → Quantum vs METIS: cut improvement = -111.37%
[2025-12-04 08:28:58] 
  → Aggregate: cut=32829.88±84.09, balance=0.2439, time=0.29±0.01s

================================================================================
[2025-12-04 08:28:58] [56/900] Testing configuration:
  k_target: 32
  coarsen_limit: 50
  balance_weight: 1.1
  num_reads: 300
================================================================================
[2025-12-04 08:28:58]   Trial 1/3: ✓ cut=32663.76, balance=0.2855, time=0.35s
[2025-12-04 08:28:58]   Trial 2/3: ✓ cut=32888.62, balance=0.3088, time=0.34s
[2025-12-04 08:28:59]   Trial 3/3: ✓ cut=32969.11, balance=0.2855, time=0.34s
[2025-12-04 08:28:59] 
  Running METIS baseline...
[2025-12-04 08:28:59]   METIS baseline: cut=15531.69, balance=0.9330, time=0.05s
[2025-12-04 08:28:59]   METIS weights: min=8079.43, max=8659.73, avg=8411.47, std=214.80
[2025-12-04 08:28:59]   → Quantum vs METIS: cut improvement = -111.44%
[2025-12-04 08:28:59] 
  → Aggregate: cut=32840.50±129.22, balance=0.2933, time=0.34±0.00s

================================================================================
[2025-12-04 08:28:59] [57/900] Testing configuration:
  k_target: 32
  coarsen_limit: 50
  balance_weight: 1.1
  num_reads: 350
================================================================================
[2025-12-04 08:28:59]   Trial 1/3: ✓ cut=32748.38, balance=0.2185, time=0.37s
[2025-12-04 08:29:00]   Trial 2/3: ✓ cut=32917.57, balance=0.2185, time=0.39s
[2025-12-04 08:29:00]   Trial 3/3: ✓ cut=32985.77, balance=0.2520, time=0.38s
[2025-12-04 08:29:00] 
  Running METIS baseline...
[2025-12-04 08:29:00]   METIS baseline: cut=15531.69, balance=0.9330, time=0.05s
[2025-12-04 08:29:00]   METIS weights: min=8079.43, max=8659.73, avg=8411.47, std=214.80
[2025-12-04 08:29:00]   → Quantum vs METIS: cut improvement = -111.72%
[2025-12-04 08:29:00] 
  → Aggregate: cut=32883.90±99.80, balance=0.2297, time=0.38±0.01s

================================================================================
[2025-12-04 08:29:00] [58/900] Testing configuration:
  k_target: 32
  coarsen_limit: 50
  balance_weight: 1.1
  num_reads: 400
================================================================================
[2025-12-04 08:29:00]   Trial 1/3: ✓ cut=33010.33, balance=0.2185, time=0.41s
[2025-12-04 08:29:01]   Trial 2/3: ✓ cut=32767.42, balance=0.0600, time=0.42s
[2025-12-04 08:29:01]   Trial 3/3: ✓ cut=32985.99, balance=0.2855, time=0.51s
[2025-12-04 08:29:01] 
  Running METIS baseline...
[2025-12-04 08:29:01]   METIS baseline: cut=15531.69, balance=0.9330, time=0.05s
[2025-12-04 08:29:01]   METIS weights: min=8079.43, max=8659.73, avg=8411.47, std=214.80
[2025-12-04 08:29:01]   → Quantum vs METIS: cut improvement = -111.96%
[2025-12-04 08:29:01] 
  → Aggregate: cut=32921.24±109.23, balance=0.1880, time=0.45±0.05s

================================================================================
[2025-12-04 08:29:01] [59/900] Testing configuration:
  k_target: 32
  coarsen_limit: 50
  balance_weight: 1.1
  num_reads: 450
================================================================================
[2025-12-04 08:29:02]   Trial 1/3: ✓ cut=32740.46, balance=0.2855, time=0.50s
[2025-12-04 08:29:02]   Trial 2/3: ✓ cut=33010.33, balance=0.3088, time=0.52s
[2025-12-04 08:29:03]   Trial 3/3: ✓ cut=32680.76, balance=0.2785, time=0.48s
[2025-12-04 08:29:03] 
  Running METIS baseline...
[2025-12-04 08:29:03]   METIS baseline: cut=15531.69, balance=0.9330, time=0.05s
[2025-12-04 08:29:03]   METIS weights: min=8079.43, max=8659.73, avg=8411.47, std=214.80
[2025-12-04 08:29:03]   → Quantum vs METIS: cut improvement = -111.25%
[2025-12-04 08:29:03] 
  → Aggregate: cut=32810.52±143.37, balance=0.2910, time=0.50±0.02s

================================================================================
[2025-12-04 08:29:03] [60/900] Testing configuration:
  k_target: 32
  coarsen_limit: 50
  balance_weight: 1.1
  num_reads: 500
================================================================================
[2025-12-04 08:29:04]   Trial 1/3: ✓ cut=33010.33, balance=0.0336, time=0.51s
[2025-12-04 08:29:04]   Trial 2/3: ✓ cut=32872.42, balance=0.3088, time=0.51s
[2025-12-04 08:29:05]   Trial 3/3: ✓ cut=32530.46, balance=0.3461, time=0.51s
[2025-12-04 08:29:05] 
  Running METIS baseline...
[2025-12-04 08:29:05]   METIS baseline: cut=15531.69, balance=0.9330, time=0.05s
[2025-12-04 08:29:05]   METIS weights: min=8079.43, max=8659.73, avg=8411.47, std=214.80
[2025-12-04 08:29:05]   → Quantum vs METIS: cut improvement = -111.21%
[2025-12-04 08:29:05] 
  → Aggregate: cut=32804.40±201.72, balance=0.2295, time=0.51±0.00s

================================================================================
[2025-12-04 08:29:05] [61/900] Testing configuration:
  k_target: 32
  coarsen_limit: 50
  balance_weight: 1.3
  num_reads: 50
================================================================================
[2025-12-04 08:29:05]   Trial 1/3: ✓ cut=32969.11, balance=0.2855, time=0.12s
[2025-12-04 08:29:05]   Trial 2/3: ✓ cut=33010.33, balance=0.3553, time=0.14s
[2025-12-04 08:29:05]   Trial 3/3: ✓ cut=32917.57, balance=0.2855, time=0.12s
[2025-12-04 08:29:05] 
  Running METIS baseline...
[2025-12-04 08:29:05]   METIS baseline: cut=15531.69, balance=0.9330, time=0.05s
[2025-12-04 08:29:05]   METIS weights: min=8079.43, max=8659.73, avg=8411.47, std=214.80
[2025-12-04 08:29:05]   → Quantum vs METIS: cut improvement = -112.25%
[2025-12-04 08:29:05] 
  → Aggregate: cut=32965.67±37.95, balance=0.3088, time=0.13±0.01s

================================================================================
[2025-12-04 08:29:05] [62/900] Testing configuration:
  k_target: 32
  coarsen_limit: 50
  balance_weight: 1.3
  num_reads: 100
================================================================================
[2025-12-04 08:29:05]   Trial 1/3: ✓ cut=32808.63, balance=0.2520, time=0.18s
[2025-12-04 08:29:05]   Trial 2/3: ✓ cut=32740.14, balance=0.2785, time=0.17s
[2025-12-04 08:29:06]   Trial 3/3: ✓ cut=32974.04, balance=0.2855, time=0.17s
[2025-12-04 08:29:06] 
  Running METIS baseline...
[2025-12-04 08:29:06]   METIS baseline: cut=15531.69, balance=0.9330, time=0.05s
[2025-12-04 08:29:06]   METIS weights: min=8079.43, max=8659.73, avg=8411.47, std=214.80
[2025-12-04 08:29:06]   → Quantum vs METIS: cut improvement = -111.44%
[2025-12-04 08:29:06] 
  → Aggregate: cut=32840.94±98.19, balance=0.2720, time=0.17±0.00s

================================================================================
[2025-12-04 08:29:06] [63/900] Testing configuration:
  k_target: 32
  coarsen_limit: 50
  balance_weight: 1.3
  num_reads: 150
================================================================================
[2025-12-04 08:29:06]   Trial 1/3: ✓ cut=32893.23, balance=0.3965, time=0.22s
[2025-12-04 08:29:06]   Trial 2/3: ✓ cut=32978.08, balance=0.3088, time=0.21s
[2025-12-04 08:29:06]   Trial 3/3: ✓ cut=32974.04, balance=0.2855, time=0.30s
[2025-12-04 08:29:06] 
  Running METIS baseline...
[2025-12-04 08:29:06]   METIS baseline: cut=15531.69, balance=0.9330, time=0.05s
[2025-12-04 08:29:06]   METIS weights: min=8079.43, max=8659.73, avg=8411.47, std=214.80
[2025-12-04 08:29:06]   → Quantum vs METIS: cut improvement = -112.14%
[2025-12-04 08:29:06] 
  → Aggregate: cut=32948.45±39.08, balance=0.3303, time=0.24±0.04s

================================================================================
[2025-12-04 08:29:06] [64/900] Testing configuration:
  k_target: 32
  coarsen_limit: 50
  balance_weight: 1.3
  num_reads: 200
================================================================================
[2025-12-04 08:29:07]   Trial 1/3: ✓ cut=32546.68, balance=0.2855, time=0.26s
[2025-12-04 08:29:07]   Trial 2/3: ✓ cut=33005.72, balance=0.2185, time=0.25s
[2025-12-04 08:29:07]   Trial 3/3: ✓ cut=32931.00, balance=0.0600, time=0.26s
[2025-12-04 08:29:07] 
  Running METIS baseline...
[2025-12-04 08:29:07]   METIS baseline: cut=15531.69, balance=0.9330, time=0.05s
[2025-12-04 08:29:07]   METIS weights: min=8079.43, max=8659.73, avg=8411.47, std=214.80
[2025-12-04 08:29:07]   → Quantum vs METIS: cut improvement = -111.36%
[2025-12-04 08:29:07] 
  → Aggregate: cut=32827.80±201.11, balance=0.1880, time=0.25±0.00s

================================================================================
[2025-12-04 08:29:07] [65/900] Testing configuration:
  k_target: 32
  coarsen_limit: 50
  balance_weight: 1.3
  num_reads: 250
================================================================================
[2025-12-04 08:29:08]   Trial 1/3: ✓ cut=33010.33, balance=0.2785, time=0.30s
[2025-12-04 08:29:08]   Trial 2/3: ✓ cut=32602.49, balance=0.2855, time=0.32s
[2025-12-04 08:29:08]   Trial 3/3: ✓ cut=33010.33, balance=0.3088, time=0.28s
[2025-12-04 08:29:08] 
  Running METIS baseline...
[2025-12-04 08:29:08]   METIS baseline: cut=15531.69, balance=0.9330, time=0.05s
[2025-12-04 08:29:08]   METIS weights: min=8079.43, max=8659.73, avg=8411.47, std=214.80
[2025-12-04 08:29:08]   → Quantum vs METIS: cut improvement = -111.66%
[2025-12-04 08:29:08] 
  → Aggregate: cut=32874.38±192.26, balance=0.2910, time=0.30±0.02s

================================================================================
[2025-12-04 08:29:08] [66/900] Testing configuration:
  k_target: 32
  coarsen_limit: 50
  balance_weight: 1.3
  num_reads: 300
================================================================================
[2025-12-04 08:29:09]   Trial 1/3: ✓ cut=32767.42, balance=0.2185, time=0.34s
[2025-12-04 08:29:09]   Trial 2/3: ✓ cut=32663.76, balance=0.0336, time=0.34s
[2025-12-04 08:29:09]   Trial 3/3: ✓ cut=32969.11, balance=0.2855, time=0.36s
[2025-12-04 08:29:09] 
  Running METIS baseline...
[2025-12-04 08:29:09]   METIS baseline: cut=15531.69, balance=0.9330, time=0.05s
[2025-12-04 08:29:09]   METIS weights: min=8079.43, max=8659.73, avg=8411.47, std=214.80
[2025-12-04 08:29:09]   → Quantum vs METIS: cut improvement = -111.18%
[2025-12-04 08:29:09] 
  → Aggregate: cut=32800.10±126.78, balance=0.1792, time=0.35±0.01s

================================================================================
[2025-12-04 08:29:09] [67/900] Testing configuration:
  k_target: 32
  coarsen_limit: 50
  balance_weight: 1.3
  num_reads: 350
================================================================================
[2025-12-04 08:29:10]   Trial 1/3: ✓ cut=32917.57, balance=0.2185, time=0.42s
[2025-12-04 08:29:10]   Trial 2/3: ✓ cut=32723.80, balance=0.2185, time=0.38s
[2025-12-04 08:29:11]   Trial 3/3: ✓ cut=32420.85, balance=0.2785, time=0.38s
[2025-12-04 08:29:11] 
  Running METIS baseline...
[2025-12-04 08:29:11]   METIS baseline: cut=15531.69, balance=0.9330, time=0.05s
[2025-12-04 08:29:11]   METIS weights: min=8079.43, max=8659.73, avg=8411.47, std=214.80
[2025-12-04 08:29:11]   → Quantum vs METIS: cut improvement = -110.46%
[2025-12-04 08:29:11] 
  → Aggregate: cut=32687.41±204.41, balance=0.2385, time=0.39±0.02s

================================================================================
[2025-12-04 08:29:11] [68/900] Testing configuration:
  k_target: 32
  coarsen_limit: 50
  balance_weight: 1.3
  num_reads: 400
================================================================================
[2025-12-04 08:29:11]   Trial 1/3: ✓ cut=32990.38, balance=0.0936, time=0.50s
[2025-12-04 08:29:12]   Trial 2/3: ✓ cut=32413.38, balance=0.2185, time=0.45s
[2025-12-04 08:29:12]   Trial 3/3: ✓ cut=32718.87, balance=0.2185, time=0.41s
[2025-12-04 08:29:12] 
  Running METIS baseline...
[2025-12-04 08:29:12]   METIS baseline: cut=15531.69, balance=0.9330, time=0.05s
[2025-12-04 08:29:12]   METIS weights: min=8079.43, max=8659.73, avg=8411.47, std=214.80
[2025-12-04 08:29:12]   → Quantum vs METIS: cut improvement = -110.59%
[2025-12-04 08:29:12] 
  → Aggregate: cut=32707.54±235.70, balance=0.1769, time=0.45±0.04s

================================================================================
[2025-12-04 08:29:12] [69/900] Testing configuration:
  k_target: 32
  coarsen_limit: 50
  balance_weight: 1.3
  num_reads: 450
================================================================================
[2025-12-04 08:29:13]   Trial 1/3: ✓ cut=32643.81, balance=0.2855, time=0.48s
[2025-12-04 08:29:13]   Trial 2/3: ✓ cut=33005.72, balance=0.0600, time=0.45s
[2025-12-04 08:29:14]   Trial 3/3: ✓ cut=32932.83, balance=0.2855, time=0.50s
[2025-12-04 08:29:14] 
  Running METIS baseline...
[2025-12-04 08:29:14]   METIS baseline: cut=15531.69, balance=0.9330, time=0.05s
[2025-12-04 08:29:14]   METIS weights: min=8079.43, max=8659.73, avg=8411.47, std=214.80
[2025-12-04 08:29:14]   → Quantum vs METIS: cut improvement = -111.57%
[2025-12-04 08:29:14] 
  → Aggregate: cut=32860.79±156.28, balance=0.2104, time=0.48±0.02s

================================================================================
[2025-12-04 08:29:14] [70/900] Testing configuration:
  k_target: 32
  coarsen_limit: 50
  balance_weight: 1.3
  num_reads: 500
================================================================================
[2025-12-04 08:29:14]   Trial 1/3: ✓ cut=32663.76, balance=0.3461, time=0.54s
[2025-12-04 08:29:15]   Trial 2/3: ✓ cut=32718.87, balance=0.3816, time=0.52s
[2025-12-04 08:29:15]   Trial 3/3: ✓ cut=32990.38, balance=0.2785, time=0.51s
[2025-12-04 08:29:15] 
  Running METIS baseline...
[2025-12-04 08:29:15]   METIS baseline: cut=15531.69, balance=0.9330, time=0.05s
[2025-12-04 08:29:15]   METIS weights: min=8079.43, max=8659.73, avg=8411.47, std=214.80
[2025-12-04 08:29:15]   → Quantum vs METIS: cut improvement = -111.12%
[2025-12-04 08:29:15] 
  → Aggregate: cut=32791.00±142.76, balance=0.3354, time=0.52±0.01s

================================================================================
[2025-12-04 08:29:15] [71/900] Testing configuration:
  k_target: 32
  coarsen_limit: 50
  balance_weight: 1.5
  num_reads: 50
================================================================================
[2025-12-04 08:29:15]   Trial 1/3: ✓ cut=33010.33, balance=0.2185, time=0.12s
[2025-12-04 08:29:16]   Trial 2/3: ✓ cut=32985.99, balance=0.3088, time=0.12s
[2025-12-04 08:29:16]   Trial 3/3: ✓ cut=33010.33, balance=0.3088, time=0.12s
[2025-12-04 08:29:16] 
  Running METIS baseline...
[2025-12-04 08:29:16]   METIS baseline: cut=15531.69, balance=0.9330, time=0.05s
[2025-12-04 08:29:16]   METIS weights: min=8079.43, max=8659.73, avg=8411.47, std=214.80
[2025-12-04 08:29:16]   → Quantum vs METIS: cut improvement = -112.48%
[2025-12-04 08:29:16] 
  → Aggregate: cut=33002.22±11.47, balance=0.2787, time=0.12±0.00s

================================================================================
[2025-12-04 08:29:16] [72/900] Testing configuration:
  k_target: 32
  coarsen_limit: 50
  balance_weight: 1.5
  num_reads: 100
================================================================================
[2025-12-04 08:29:16]   Trial 1/3: ✓ cut=32917.57, balance=0.2855, time=0.16s
[2025-12-04 08:29:16]   Trial 2/3: ✓ cut=32655.85, balance=0.2185, time=0.16s
[2025-12-04 08:29:16]   Trial 3/3: ✓ cut=32667.32, balance=0.2185, time=0.17s
[2025-12-04 08:29:16] 
  Running METIS baseline...
[2025-12-04 08:29:16]   METIS baseline: cut=15531.69, balance=0.9330, time=0.05s
[2025-12-04 08:29:16]   METIS weights: min=8079.43, max=8659.73, avg=8411.47, std=214.80
[2025-12-04 08:29:16]   → Quantum vs METIS: cut improvement = -110.84%
[2025-12-04 08:29:16] 
  → Aggregate: cut=32746.91±120.76, balance=0.2408, time=0.16±0.00s

================================================================================
[2025-12-04 08:29:16] [73/900] Testing configuration:
  k_target: 32
  coarsen_limit: 50
  balance_weight: 1.5
  num_reads: 150
================================================================================
[2025-12-04 08:29:17]   Trial 1/3: ✓ cut=32961.20, balance=0.3088, time=0.21s
[2025-12-04 08:29:17]   Trial 2/3: ✓ cut=32969.11, balance=0.2855, time=0.29s
[2025-12-04 08:29:17]   Trial 3/3: ✓ cut=32724.04, balance=0.2855, time=0.21s
[2025-12-04 08:29:17] 
  Running METIS baseline...
[2025-12-04 08:29:17]   METIS baseline: cut=15531.69, balance=0.9330, time=0.05s
[2025-12-04 08:29:17]   METIS weights: min=8079.43, max=8659.73, avg=8411.47, std=214.80
[2025-12-04 08:29:17]   → Quantum vs METIS: cut improvement = -111.73%
[2025-12-04 08:29:17] 
  → Aggregate: cut=32884.79±113.71, balance=0.2933, time=0.24±0.04s

================================================================================
[2025-12-04 08:29:17] [74/900] Testing configuration:
  k_target: 32
  coarsen_limit: 50
  balance_weight: 1.5
  num_reads: 200
================================================================================
[2025-12-04 08:29:17]   Trial 1/3: ✓ cut=33010.33, balance=0.3461, time=0.25s
[2025-12-04 08:29:18]   Trial 2/3: ✓ cut=32973.39, balance=0.2185, time=0.25s
[2025-12-04 08:29:18]   Trial 3/3: ✓ cut=32969.11, balance=0.2855, time=0.26s
[2025-12-04 08:29:18] 
  Running METIS baseline...
[2025-12-04 08:29:18]   METIS baseline: cut=15531.69, balance=0.9330, time=0.05s
[2025-12-04 08:29:18]   METIS weights: min=8079.43, max=8659.73, avg=8411.47, std=214.80
[2025-12-04 08:29:18]   → Quantum vs METIS: cut improvement = -112.37%
[2025-12-04 08:29:18] 
  → Aggregate: cut=32984.28±18.50, balance=0.2834, time=0.25±0.00s

================================================================================
[2025-12-04 08:29:18] [75/900] Testing configuration:
  k_target: 32
  coarsen_limit: 50
  balance_weight: 1.5
  num_reads: 250
================================================================================
[2025-12-04 08:29:18]   Trial 1/3: ✓ cut=32969.11, balance=0.2855, time=0.29s
[2025-12-04 08:29:19]   Trial 2/3: ✓ cut=33010.33, balance=0.0600, time=0.29s
[2025-12-04 08:29:19]   Trial 3/3: ✓ cut=32969.11, balance=0.2855, time=0.29s
[2025-12-04 08:29:19] 
  Running METIS baseline...
[2025-12-04 08:29:19]   METIS baseline: cut=15531.69, balance=0.9330, time=0.05s
[2025-12-04 08:29:19]   METIS weights: min=8079.43, max=8659.73, avg=8411.47, std=214.80
[2025-12-04 08:29:19]   → Quantum vs METIS: cut improvement = -112.36%
[2025-12-04 08:29:19] 
  → Aggregate: cut=32982.85±19.43, balance=0.2104, time=0.29±0.00s

================================================================================
[2025-12-04 08:29:19] [76/900] Testing configuration:
  k_target: 32
  coarsen_limit: 50
  balance_weight: 1.5
  num_reads: 300
================================================================================
[2025-12-04 08:29:19]   Trial 1/3: ✓ cut=32969.11, balance=0.0936, time=0.33s
[2025-12-04 08:29:20]   Trial 2/3: ✓ cut=33005.72, balance=0.3553, time=0.34s
[2025-12-04 08:29:20]   Trial 3/3: ✓ cut=32985.69, balance=0.3553, time=0.34s
[2025-12-04 08:29:20] 
  Running METIS baseline...
[2025-12-04 08:29:20]   METIS baseline: cut=15531.69, balance=0.9330, time=0.05s
[2025-12-04 08:29:20]   METIS weights: min=8079.43, max=8659.73, avg=8411.47, std=214.80
[2025-12-04 08:29:20]   → Quantum vs METIS: cut improvement = -112.38%
[2025-12-04 08:29:20] 
  → Aggregate: cut=32986.84±14.97, balance=0.2681, time=0.34±0.00s

================================================================================
[2025-12-04 08:29:20] [77/900] Testing configuration:
  k_target: 32
  coarsen_limit: 50
  balance_weight: 1.5
  num_reads: 350
================================================================================
[2025-12-04 08:29:20]   Trial 1/3: ✓ cut=32944.78, balance=0.2855, time=0.37s
[2025-12-04 08:29:21]   Trial 2/3: ✓ cut=32917.57, balance=0.2185, time=0.37s
[2025-12-04 08:29:21]   Trial 3/3: ✓ cut=32462.06, balance=0.2855, time=0.39s
[2025-12-04 08:29:21] 
  Running METIS baseline...
[2025-12-04 08:29:21]   METIS baseline: cut=15531.69, balance=0.9330, time=0.05s
[2025-12-04 08:29:21]   METIS weights: min=8079.43, max=8659.73, avg=8411.47, std=214.80
[2025-12-04 08:29:21]   → Quantum vs METIS: cut improvement = -111.02%
[2025-12-04 08:29:21] 
  → Aggregate: cut=32774.80±221.42, balance=0.2632, time=0.38±0.01s

================================================================================
[2025-12-04 08:29:21] [78/900] Testing configuration:
  k_target: 32
  coarsen_limit: 50
  balance_weight: 1.5
  num_reads: 400
================================================================================
[2025-12-04 08:29:22]   Trial 1/3: ✓ cut=32966.04, balance=0.3088, time=0.52s
[2025-12-04 08:29:22]   Trial 2/3: ✓ cut=32969.11, balance=0.2855, time=0.41s
[2025-12-04 08:29:23]   Trial 3/3: ✓ cut=33005.72, balance=0.2185, time=0.43s
[2025-12-04 08:29:23] 
  Running METIS baseline...
[2025-12-04 08:29:23]   METIS baseline: cut=15531.69, balance=0.9330, time=0.05s
[2025-12-04 08:29:23]   METIS weights: min=8079.43, max=8659.73, avg=8411.47, std=214.80
[2025-12-04 08:29:23]   → Quantum vs METIS: cut improvement = -112.34%
[2025-12-04 08:29:23] 
  → Aggregate: cut=32980.29±18.02, balance=0.2709, time=0.45±0.05s

================================================================================
[2025-12-04 08:29:23] [79/900] Testing configuration:
  k_target: 32
  coarsen_limit: 50
  balance_weight: 1.5
  num_reads: 450
================================================================================
[2025-12-04 08:29:23]   Trial 1/3: ✓ cut=32783.99, balance=0.2785, time=0.44s
[2025-12-04 08:29:24]   Trial 2/3: ✓ cut=33010.33, balance=0.3816, time=0.49s
[2025-12-04 08:29:24]   Trial 3/3: ✓ cut=32872.42, balance=0.3553, time=0.47s
[2025-12-04 08:29:24] 
  Running METIS baseline...
[2025-12-04 08:29:24]   METIS baseline: cut=15531.69, balance=0.9330, time=0.05s
[2025-12-04 08:29:24]   METIS weights: min=8079.43, max=8659.73, avg=8411.47, std=214.80
[2025-12-04 08:29:24]   → Quantum vs METIS: cut improvement = -111.75%
[2025-12-04 08:29:24] 
  → Aggregate: cut=32888.91±93.13, balance=0.3385, time=0.47±0.02s

================================================================================
[2025-12-04 08:29:24] [80/900] Testing configuration:
  k_target: 32
  coarsen_limit: 50
  balance_weight: 1.5
  num_reads: 500
================================================================================
[2025-12-04 08:29:25]   Trial 1/3: ✓ cut=32748.38, balance=0.2185, time=0.51s
[2025-12-04 08:29:25]   Trial 2/3: ✓ cut=33002.42, balance=0.3088, time=0.53s
[2025-12-04 08:29:26]   Trial 3/3: ✓ cut=33010.33, balance=0.2185, time=0.51s
[2025-12-04 08:29:26] 
  Running METIS baseline...
[2025-12-04 08:29:26]   METIS baseline: cut=15531.69, balance=0.9330, time=0.05s
[2025-12-04 08:29:26]   METIS weights: min=8079.43, max=8659.73, avg=8411.47, std=214.80
[2025-12-04 08:29:26]   → Quantum vs METIS: cut improvement = -111.96%
[2025-12-04 08:29:26] 
  → Aggregate: cut=32920.37±121.66, balance=0.2486, time=0.52±0.01s

================================================================================
[2025-12-04 08:29:26] [81/900] Testing configuration:
  k_target: 32
  coarsen_limit: 50
  balance_weight: 1.7
  num_reads: 50
================================================================================
[2025-12-04 08:29:26]   Trial 1/3: ✓ cut=33002.42, balance=0.0336, time=0.12s
[2025-12-04 08:29:26]   Trial 2/3: ✓ cut=32710.26, balance=0.2855, time=0.12s
[2025-12-04 08:29:26]   Trial 3/3: ✓ cut=33010.33, balance=0.3088, time=0.12s
[2025-12-04 08:29:26] 
  Running METIS baseline...
[2025-12-04 08:29:26]   METIS baseline: cut=15531.69, balance=0.9330, time=0.05s
[2025-12-04 08:29:26]   METIS weights: min=8079.43, max=8659.73, avg=8411.47, std=214.80
[2025-12-04 08:29:26]   → Quantum vs METIS: cut improvement = -111.87%
[2025-12-04 08:29:26] 
  → Aggregate: cut=32907.67±139.62, balance=0.2093, time=0.12±0.00s

================================================================================
[2025-12-04 08:29:26] [82/900] Testing configuration:
  k_target: 32
  coarsen_limit: 50
  balance_weight: 1.7
  num_reads: 100
================================================================================
[2025-12-04 08:29:26]   Trial 1/3: ✓ cut=33002.42, balance=0.3088, time=0.16s
[2025-12-04 08:29:26]   Trial 2/3: ✓ cut=33010.33, balance=0.3461, time=0.17s
[2025-12-04 08:29:27]   Trial 3/3: ✓ cut=32917.57, balance=0.2855, time=0.17s
[2025-12-04 08:29:27] 
  Running METIS baseline...
[2025-12-04 08:29:27]   METIS baseline: cut=15531.69, balance=0.9330, time=0.13s
[2025-12-04 08:29:27]   METIS weights: min=8079.43, max=8659.73, avg=8411.47, std=214.80
[2025-12-04 08:29:27]   → Quantum vs METIS: cut improvement = -112.32%
[2025-12-04 08:29:27] 
  → Aggregate: cut=32976.77±41.99, balance=0.3135, time=0.17±0.00s

================================================================================
[2025-12-04 08:29:27] [83/900] Testing configuration:
  k_target: 32
  coarsen_limit: 50
  balance_weight: 1.7
  num_reads: 150
================================================================================
[2025-12-04 08:29:27]   Trial 1/3: ✓ cut=32313.29, balance=0.3456, time=0.21s
[2025-12-04 08:29:27]   Trial 2/3: ✓ cut=32946.23, balance=0.2855, time=0.20s
[2025-12-04 08:29:27]   Trial 3/3: ✓ cut=33002.42, balance=0.2855, time=0.20s
[2025-12-04 08:29:27] 
  Running METIS baseline...
[2025-12-04 08:29:27]   METIS baseline: cut=15531.69, balance=0.9330, time=0.05s
[2025-12-04 08:29:27]   METIS weights: min=8079.43, max=8659.73, avg=8411.47, std=214.80
[2025-12-04 08:29:27]   → Quantum vs METIS: cut improvement = -110.88%
[2025-12-04 08:29:27] 
  → Aggregate: cut=32753.98±312.46, balance=0.3055, time=0.20±0.00s

================================================================================
[2025-12-04 08:29:28] [84/900] Testing configuration:
  k_target: 32
  coarsen_limit: 50
  balance_weight: 1.7
  num_reads: 200
================================================================================
[2025-12-04 08:29:28]   Trial 1/3: ✓ cut=32969.11, balance=0.2185, time=0.25s
[2025-12-04 08:29:28]   Trial 2/3: ✓ cut=32966.04, balance=0.3553, time=0.24s
[2025-12-04 08:29:28]   Trial 3/3: ✓ cut=32808.63, balance=0.3088, time=0.25s
[2025-12-04 08:29:28] 
  Running METIS baseline...
[2025-12-04 08:29:28]   METIS baseline: cut=15531.69, balance=0.9330, time=0.05s
[2025-12-04 08:29:28]   METIS weights: min=8079.43, max=8659.73, avg=8411.47, std=214.80
[2025-12-04 08:29:28]   → Quantum vs METIS: cut improvement = -111.92%
[2025-12-04 08:29:28] 
  → Aggregate: cut=32914.60±74.94, balance=0.2942, time=0.25±0.00s

================================================================================
[2025-12-04 08:29:28] [85/900] Testing configuration:
  k_target: 32
  coarsen_limit: 50
  balance_weight: 1.7
  num_reads: 250
================================================================================
[2025-12-04 08:29:29]   Trial 1/3: ✓ cut=33010.33, balance=0.2185, time=0.30s
[2025-12-04 08:29:29]   Trial 2/3: ✓ cut=32917.57, balance=0.3088, time=0.30s
[2025-12-04 08:29:29]   Trial 3/3: ✓ cut=32917.57, balance=0.2185, time=0.29s
[2025-12-04 08:29:29] 
  Running METIS baseline...
[2025-12-04 08:29:29]   METIS baseline: cut=15531.69, balance=0.9330, time=0.05s
[2025-12-04 08:29:29]   METIS weights: min=8079.43, max=8659.73, avg=8411.47, std=214.80
[2025-12-04 08:29:29]   → Quantum vs METIS: cut improvement = -112.14%
[2025-12-04 08:29:29] 
  → Aggregate: cut=32948.49±43.73, balance=0.2486, time=0.30±0.00s

================================================================================
[2025-12-04 08:29:29] [86/900] Testing configuration:
  k_target: 32
  coarsen_limit: 50
  balance_weight: 1.7
  num_reads: 300
================================================================================
[2025-12-04 08:29:30]   Trial 1/3: ✓ cut=32969.11, balance=0.2855, time=0.32s
[2025-12-04 08:29:30]   Trial 2/3: ✓ cut=32571.00, balance=0.2855, time=0.35s
[2025-12-04 08:29:30]   Trial 3/3: ✓ cut=32643.81, balance=0.2185, time=0.34s
[2025-12-04 08:29:30] 
  Running METIS baseline...
[2025-12-04 08:29:30]   METIS baseline: cut=15531.69, balance=0.9330, time=0.05s
[2025-12-04 08:29:30]   METIS weights: min=8079.43, max=8659.73, avg=8411.47, std=214.80
[2025-12-04 08:29:30]   → Quantum vs METIS: cut improvement = -110.72%
[2025-12-04 08:29:30] 
  → Aggregate: cut=32727.98±173.08, balance=0.2632, time=0.34±0.01s

================================================================================
[2025-12-04 08:29:30] [87/900] Testing configuration:
  k_target: 32
  coarsen_limit: 50
  balance_weight: 1.7
  num_reads: 350
================================================================================
[2025-12-04 08:29:31]   Trial 1/3: ✓ cut=32944.78, balance=0.2855, time=0.37s
[2025-12-04 08:29:31]   Trial 2/3: ✓ cut=32627.48, balance=0.2185, time=0.37s
[2025-12-04 08:29:32]   Trial 3/3: ✓ cut=32881.29, balance=0.2785, time=0.37s
[2025-12-04 08:29:32] 
  Running METIS baseline...
[2025-12-04 08:29:32]   METIS baseline: cut=15531.69, balance=0.9330, time=0.13s
[2025-12-04 08:29:32]   METIS weights: min=8079.43, max=8659.73, avg=8411.47, std=214.80
[2025-12-04 08:29:32]   → Quantum vs METIS: cut improvement = -111.30%
[2025-12-04 08:29:32] 
  → Aggregate: cut=32817.85±137.08, balance=0.2608, time=0.37±0.00s

================================================================================
[2025-12-04 08:29:32] [88/900] Testing configuration:
  k_target: 32
  coarsen_limit: 50
  balance_weight: 1.7
  num_reads: 400
================================================================================
[2025-12-04 08:29:32]   Trial 1/3: ✓ cut=32920.28, balance=0.2855, time=0.43s
[2025-12-04 08:29:33]   Trial 2/3: ✓ cut=33010.33, balance=0.2185, time=0.42s
[2025-12-04 08:29:33]   Trial 3/3: ✓ cut=32639.20, balance=0.0336, time=0.43s
[2025-12-04 08:29:33] 
  Running METIS baseline...
[2025-12-04 08:29:33]   METIS baseline: cut=15531.69, balance=0.9330, time=0.05s
[2025-12-04 08:29:33]   METIS weights: min=8079.43, max=8659.73, avg=8411.47, std=214.80
[2025-12-04 08:29:33]   → Quantum vs METIS: cut improvement = -111.55%
[2025-12-04 08:29:33] 
  → Aggregate: cut=32856.60±158.06, balance=0.1792, time=0.43±0.01s

================================================================================
[2025-12-04 08:29:33] [89/900] Testing configuration:
  k_target: 32
  coarsen_limit: 50
  balance_weight: 1.7
  num_reads: 450
================================================================================
[2025-12-04 08:29:33]   Trial 1/3: ✓ cut=33010.33, balance=0.2855, time=0.47s
[2025-12-04 08:29:34]   Trial 2/3: ✓ cut=33010.33, balance=0.3088, time=0.45s
[2025-12-04 08:29:34]   Trial 3/3: ✓ cut=33010.33, balance=0.2855, time=0.45s
[2025-12-04 08:29:34] 
  Running METIS baseline...
[2025-12-04 08:29:34]   METIS baseline: cut=15531.69, balance=0.9330, time=0.05s
[2025-12-04 08:29:34]   METIS weights: min=8079.43, max=8659.73, avg=8411.47, std=214.80
[2025-12-04 08:29:34]   → Quantum vs METIS: cut improvement = -112.54%
[2025-12-04 08:29:34] 
  → Aggregate: cut=33010.33±0.00, balance=0.2933, time=0.45±0.01s

================================================================================
[2025-12-04 08:29:34] [90/900] Testing configuration:
  k_target: 32
  coarsen_limit: 50
  balance_weight: 1.7
  num_reads: 500
================================================================================
[2025-12-04 08:29:35]   Trial 1/3: ✓ cut=32571.00, balance=0.2855, time=0.51s
[2025-12-04 08:29:35]   Trial 2/3: ✓ cut=32767.42, balance=0.2185, time=0.49s
[2025-12-04 08:29:36]   Trial 3/3: ✓ cut=32969.11, balance=0.2185, time=0.50s
[2025-12-04 08:29:36] 
  Running METIS baseline...
[2025-12-04 08:29:36]   METIS baseline: cut=15531.69, balance=0.9330, time=0.05s
[2025-12-04 08:29:36]   METIS weights: min=8079.43, max=8659.73, avg=8411.47, std=214.80
[2025-12-04 08:29:36]   → Quantum vs METIS: cut improvement = -110.98%
[2025-12-04 08:29:36] 
  → Aggregate: cut=32769.18±162.53, balance=0.2408, time=0.50±0.01s

================================================================================
[2025-12-04 08:29:36] [91/900] Testing configuration:
  k_target: 32
  coarsen_limit: 50
  balance_weight: 1.9
  num_reads: 50
================================================================================
[2025-12-04 08:29:36]   Trial 1/3: ✓ cut=32718.87, balance=0.2785, time=0.12s
[2025-12-04 08:29:36]   Trial 2/3: ✓ cut=33010.33, balance=0.2855, time=0.12s
[2025-12-04 08:29:36]   Trial 3/3: ✓ cut=33010.33, balance=0.2185, time=0.12s
[2025-12-04 08:29:36] 
  Running METIS baseline...
[2025-12-04 08:29:36]   METIS baseline: cut=15531.69, balance=0.9330, time=0.05s
[2025-12-04 08:29:36]   METIS weights: min=8079.43, max=8659.73, avg=8411.47, std=214.80
[2025-12-04 08:29:36]   → Quantum vs METIS: cut improvement = -111.91%
[2025-12-04 08:29:36] 
  → Aggregate: cut=32913.18±137.39, balance=0.2608, time=0.12±0.00s

================================================================================
[2025-12-04 08:29:36] [92/900] Testing configuration:
  k_target: 32
  coarsen_limit: 50
  balance_weight: 1.9
  num_reads: 100
================================================================================
[2025-12-04 08:29:37]   Trial 1/3: ✓ cut=33010.33, balance=0.2185, time=0.17s
[2025-12-04 08:29:37]   Trial 2/3: ✓ cut=32917.57, balance=0.2185, time=0.17s
[2025-12-04 08:29:37]   Trial 3/3: ✓ cut=32969.11, balance=0.3088, time=0.25s
[2025-12-04 08:29:37] 
  Running METIS baseline...
[2025-12-04 08:29:37]   METIS baseline: cut=15531.69, balance=0.9330, time=0.05s
[2025-12-04 08:29:37]   METIS weights: min=8079.43, max=8659.73, avg=8411.47, std=214.80
[2025-12-04 08:29:37]   → Quantum vs METIS: cut improvement = -112.25%
[2025-12-04 08:29:37] 
  → Aggregate: cut=32965.67±37.95, balance=0.2486, time=0.20±0.04s

================================================================================
[2025-12-04 08:29:37] [93/900] Testing configuration:
  k_target: 32
  coarsen_limit: 50
  balance_weight: 1.9
  num_reads: 150
================================================================================
[2025-12-04 08:29:37]   Trial 1/3: ✓ cut=32510.08, balance=0.2855, time=0.21s
[2025-12-04 08:29:38]   Trial 2/3: ✓ cut=32969.11, balance=0.0600, time=0.21s
[2025-12-04 08:29:38]   Trial 3/3: ✓ cut=33005.72, balance=0.2520, time=0.21s
[2025-12-04 08:29:38] 
  Running METIS baseline...
[2025-12-04 08:29:38]   METIS baseline: cut=15531.69, balance=0.9330, time=0.05s
[2025-12-04 08:29:38]   METIS weights: min=8079.43, max=8659.73, avg=8411.47, std=214.80
[2025-12-04 08:29:38]   → Quantum vs METIS: cut improvement = -111.36%
[2025-12-04 08:29:38] 
  → Aggregate: cut=32828.30±225.51, balance=0.1992, time=0.21±0.00s

================================================================================
[2025-12-04 08:29:38] [94/900] Testing configuration:
  k_target: 32
  coarsen_limit: 50
  balance_weight: 1.9
  num_reads: 200
================================================================================
[2025-12-04 08:29:38]   Trial 1/3: ✓ cut=33010.33, balance=0.2855, time=0.25s
[2025-12-04 08:29:38]   Trial 2/3: ✓ cut=32571.00, balance=0.2185, time=0.24s
[2025-12-04 08:29:39]   Trial 3/3: ✓ cut=32918.63, balance=0.3088, time=0.25s
[2025-12-04 08:29:39] 
  Running METIS baseline...
[2025-12-04 08:29:39]   METIS baseline: cut=15531.69, balance=0.9330, time=0.05s
[2025-12-04 08:29:39]   METIS weights: min=8079.43, max=8659.73, avg=8411.47, std=214.80
[2025-12-04 08:29:39]   → Quantum vs METIS: cut improvement = -111.40%
[2025-12-04 08:29:39] 
  → Aggregate: cut=32833.32±189.23, balance=0.2709, time=0.25±0.00s

================================================================================
[2025-12-04 08:29:39] [95/900] Testing configuration:
  k_target: 32
  coarsen_limit: 50
  balance_weight: 1.9
  num_reads: 250
================================================================================
[2025-12-04 08:29:39]   Trial 1/3: ✓ cut=32917.57, balance=0.2185, time=0.29s
[2025-12-04 08:29:39]   Trial 2/3: ✓ cut=33010.33, balance=0.3461, time=0.32s
[2025-12-04 08:29:40]   Trial 3/3: ✓ cut=33010.33, balance=0.2185, time=0.30s
[2025-12-04 08:29:40] 
  Running METIS baseline...
[2025-12-04 08:29:40]   METIS baseline: cut=15531.69, balance=0.9330, time=0.05s
[2025-12-04 08:29:40]   METIS weights: min=8079.43, max=8659.73, avg=8411.47, std=214.80
[2025-12-04 08:29:40]   → Quantum vs METIS: cut improvement = -112.34%
[2025-12-04 08:29:40] 
  → Aggregate: cut=32979.41±43.73, balance=0.2610, time=0.30±0.01s

================================================================================
[2025-12-04 08:29:40] [96/900] Testing configuration:
  k_target: 32
  coarsen_limit: 50
  balance_weight: 1.9
  num_reads: 300
================================================================================
[2025-12-04 08:29:40]   Trial 1/3: ✓ cut=32990.38, balance=0.2855, time=0.33s
[2025-12-04 08:29:40]   Trial 2/3: ✓ cut=32985.99, balance=0.3553, time=0.33s
[2025-12-04 08:29:41]   Trial 3/3: ✓ cut=33010.33, balance=0.2185, time=0.35s
[2025-12-04 08:29:41] 
  Running METIS baseline...
[2025-12-04 08:29:41]   METIS baseline: cut=15531.69, balance=0.9330, time=0.05s
[2025-12-04 08:29:41]   METIS weights: min=8079.43, max=8659.73, avg=8411.47, std=214.80
[2025-12-04 08:29:41]   → Quantum vs METIS: cut improvement = -112.44%
[2025-12-04 08:29:41] 
  → Aggregate: cut=32995.57±10.59, balance=0.2865, time=0.34±0.01s

================================================================================
[2025-12-04 08:29:41] [97/900] Testing configuration:
  k_target: 32
  coarsen_limit: 50
  balance_weight: 1.9
  num_reads: 350
================================================================================
[2025-12-04 08:29:41]   Trial 1/3: ✓ cut=32892.93, balance=0.2185, time=0.36s
[2025-12-04 08:29:42]   Trial 2/3: ✓ cut=32879.45, balance=0.3088, time=0.46s
[2025-12-04 08:29:42]   Trial 3/3: ✓ cut=32961.35, balance=0.3088, time=0.38s
[2025-12-04 08:29:42] 
  Running METIS baseline...
[2025-12-04 08:29:42]   METIS baseline: cut=15531.69, balance=0.9330, time=0.05s
[2025-12-04 08:29:42]   METIS weights: min=8079.43, max=8659.73, avg=8411.47, std=214.80
[2025-12-04 08:29:42]   → Quantum vs METIS: cut improvement = -111.90%
[2025-12-04 08:29:42] 
  → Aggregate: cut=32911.25±35.86, balance=0.2787, time=0.40±0.04s

================================================================================
[2025-12-04 08:29:42] [98/900] Testing configuration:
  k_target: 32
  coarsen_limit: 50
  balance_weight: 1.9
  num_reads: 400
================================================================================
[2025-12-04 08:29:42]   Trial 1/3: ✓ cut=33010.33, balance=0.3553, time=0.42s
[2025-12-04 08:29:43]   Trial 2/3: ✓ cut=32877.03, balance=0.2520, time=0.43s
[2025-12-04 08:29:43]   Trial 3/3: ✓ cut=32617.94, balance=0.2185, time=0.41s
[2025-12-04 08:29:43] 
  Running METIS baseline...
[2025-12-04 08:29:43]   METIS baseline: cut=15531.69, balance=0.9330, time=0.05s
[2025-12-04 08:29:43]   METIS weights: min=8079.43, max=8659.73, avg=8411.47, std=214.80
[2025-12-04 08:29:43]   → Quantum vs METIS: cut improvement = -111.41%
[2025-12-04 08:29:43] 
  → Aggregate: cut=32835.10±162.91, balance=0.2753, time=0.42±0.00s

================================================================================
[2025-12-04 08:29:43] [99/900] Testing configuration:
  k_target: 32
  coarsen_limit: 50
  balance_weight: 1.9
  num_reads: 450
================================================================================
[2025-12-04 08:29:44]   Trial 1/3: ✓ cut=32748.38, balance=0.2185, time=0.45s
[2025-12-04 08:29:44]   Trial 2/3: ✓ cut=33010.33, balance=0.2855, time=0.45s
[2025-12-04 08:29:45]   Trial 3/3: ✓ cut=32985.99, balance=0.3461, time=0.49s
[2025-12-04 08:29:45] 
  Running METIS baseline...
[2025-12-04 08:29:45]   METIS baseline: cut=15531.69, balance=0.9330, time=0.05s
[2025-12-04 08:29:45]   METIS weights: min=8079.43, max=8659.73, avg=8411.47, std=214.80
[2025-12-04 08:29:45]   → Quantum vs METIS: cut improvement = -111.92%
[2025-12-04 08:29:45] 
  → Aggregate: cut=32914.90±118.17, balance=0.2834, time=0.46±0.02s

================================================================================
[2025-12-04 08:29:45] [100/900] Testing configuration:
  k_target: 32
  coarsen_limit: 50
  balance_weight: 1.9
  num_reads: 500
================================================================================
[2025-12-04 08:29:45]   Trial 1/3: ✓ cut=32917.57, balance=0.3461, time=0.50s
[2025-12-04 08:29:46]   Trial 2/3: ✓ cut=32917.57, balance=0.0600, time=0.51s
[2025-12-04 08:29:46]   Trial 3/3: ✓ cut=32615.41, balance=0.3461, time=0.51s
[2025-12-04 08:29:46] 
  Running METIS baseline...
[2025-12-04 08:29:46]   METIS baseline: cut=15531.69, balance=0.9330, time=0.05s
[2025-12-04 08:29:46]   METIS weights: min=8079.43, max=8659.73, avg=8411.47, std=214.80
[2025-12-04 08:29:46]   → Quantum vs METIS: cut improvement = -111.29%
[2025-12-04 08:29:46] 
  → Aggregate: cut=32816.85±142.44, balance=0.2507, time=0.50±0.01s

================================================================================
[2025-12-04 08:29:46] [101/900] Testing configuration:
  k_target: 32
  coarsen_limit: 50
  balance_weight: 2.1
  num_reads: 50
================================================================================
[2025-12-04 08:29:47]   Trial 1/3: ✓ cut=32663.76, balance=0.3461, time=0.12s
[2025-12-04 08:29:47]   Trial 2/3: ✓ cut=32961.20, balance=0.2855, time=0.12s
[2025-12-04 08:29:47]   Trial 3/3: ✓ cut=33010.33, balance=0.2855, time=0.13s
[2025-12-04 08:29:47] 
  Running METIS baseline...
[2025-12-04 08:29:47]   METIS baseline: cut=15531.69, balance=0.9330, time=0.05s
[2025-12-04 08:29:47]   METIS weights: min=8079.43, max=8659.73, avg=8411.47, std=214.80
[2025-12-04 08:29:47]   → Quantum vs METIS: cut improvement = -111.69%
[2025-12-04 08:29:47] 
  → Aggregate: cut=32878.43±153.11, balance=0.3057, time=0.12±0.00s

================================================================================
[2025-12-04 08:29:47] [102/900] Testing configuration:
  k_target: 32
  coarsen_limit: 50
  balance_weight: 2.1
  num_reads: 100
================================================================================
[2025-12-04 08:29:47]   Trial 1/3: ✓ cut=32966.04, balance=0.2855, time=0.25s
[2025-12-04 08:29:47]   Trial 2/3: ✓ cut=32663.76, balance=0.2185, time=0.17s
[2025-12-04 08:29:48]   Trial 3/3: ✓ cut=33010.33, balance=0.0936, time=0.17s
[2025-12-04 08:29:48] 
  Running METIS baseline...
[2025-12-04 08:29:48]   METIS baseline: cut=15531.69, balance=0.9330, time=0.05s
[2025-12-04 08:29:48]   METIS weights: min=8079.43, max=8659.73, avg=8411.47, std=214.80
[2025-12-04 08:29:48]   → Quantum vs METIS: cut improvement = -111.70%
[2025-12-04 08:29:48] 
  → Aggregate: cut=32880.04±154.00, balance=0.1992, time=0.20±0.04s

================================================================================
[2025-12-04 08:29:48] [103/900] Testing configuration:
  k_target: 32
  coarsen_limit: 50
  balance_weight: 2.1
  num_reads: 150
================================================================================
[2025-12-04 08:29:48]   Trial 1/3: ✓ cut=33010.33, balance=0.2855, time=0.21s
[2025-12-04 08:29:48]   Trial 2/3: ✓ cut=33010.33, balance=0.0600, time=0.21s
[2025-12-04 08:29:48]   Trial 3/3: ✓ cut=33010.33, balance=0.0336, time=0.21s
[2025-12-04 08:29:48] 
  Running METIS baseline...
[2025-12-04 08:29:48]   METIS baseline: cut=15531.69, balance=0.9330, time=0.05s
[2025-12-04 08:29:48]   METIS weights: min=8079.43, max=8659.73, avg=8411.47, std=214.80
[2025-12-04 08:29:48]   → Quantum vs METIS: cut improvement = -112.54%
[2025-12-04 08:29:48] 
  → Aggregate: cut=33010.33±0.00, balance=0.1264, time=0.21±0.00s

================================================================================
[2025-12-04 08:29:48] [104/900] Testing configuration:
  k_target: 32
  coarsen_limit: 50
  balance_weight: 2.1
  num_reads: 200
================================================================================
[2025-12-04 08:29:49]   Trial 1/3: ✓ cut=32698.77, balance=0.2185, time=0.27s
[2025-12-04 08:29:49]   Trial 2/3: ✓ cut=33010.33, balance=0.0336, time=0.26s
[2025-12-04 08:29:49]   Trial 3/3: ✓ cut=33010.33, balance=0.2785, time=0.25s
[2025-12-04 08:29:49] 
  Running METIS baseline...
[2025-12-04 08:29:49]   METIS baseline: cut=15531.69, balance=0.9330, time=0.05s
[2025-12-04 08:29:49]   METIS weights: min=8079.43, max=8659.73, avg=8411.47, std=214.80
[2025-12-04 08:29:49]   → Quantum vs METIS: cut improvement = -111.87%
[2025-12-04 08:29:49] 
  → Aggregate: cut=32906.48±146.87, balance=0.1769, time=0.26±0.01s

================================================================================
[2025-12-04 08:29:49] [105/900] Testing configuration:
  k_target: 32
  coarsen_limit: 50
  balance_weight: 2.1
  num_reads: 250
================================================================================
[2025-12-04 08:29:49]   Trial 1/3: ✓ cut=32985.69, balance=0.0600, time=0.30s
[2025-12-04 08:29:50]   Trial 2/3: ✓ cut=32990.38, balance=0.2185, time=0.30s
[2025-12-04 08:29:50]   Trial 3/3: ✓ cut=32642.69, balance=0.2185, time=0.31s
[2025-12-04 08:29:50] 
  Running METIS baseline...
[2025-12-04 08:29:50]   METIS baseline: cut=15531.69, balance=0.9330, time=0.05s
[2025-12-04 08:29:50]   METIS weights: min=8079.43, max=8659.73, avg=8411.47, std=214.80
[2025-12-04 08:29:50]   → Quantum vs METIS: cut improvement = -111.65%
[2025-12-04 08:29:50] 
  → Aggregate: cut=32872.92±162.81, balance=0.1657, time=0.31±0.00s

================================================================================
[2025-12-04 08:29:50] [106/900] Testing configuration:
  k_target: 32
  coarsen_limit: 50
  balance_weight: 2.1
  num_reads: 300
================================================================================
[2025-12-04 08:29:51]   Trial 1/3: ✓ cut=33010.33, balance=0.3088, time=0.35s
[2025-12-04 08:29:51]   Trial 2/3: ✓ cut=32917.57, balance=0.3088, time=0.33s
[2025-12-04 08:29:51]   Trial 3/3: ✓ cut=33010.33, balance=0.2520, time=0.33s
[2025-12-04 08:29:51] 
  Running METIS baseline...
[2025-12-04 08:29:51]   METIS baseline: cut=15531.69, balance=0.9330, time=0.05s
[2025-12-04 08:29:51]   METIS weights: min=8079.43, max=8659.73, avg=8411.47, std=214.80
[2025-12-04 08:29:51]   → Quantum vs METIS: cut improvement = -112.34%
[2025-12-04 08:29:51] 
  → Aggregate: cut=32979.41±43.73, balance=0.2899, time=0.34±0.01s

================================================================================
[2025-12-04 08:29:51] [107/900] Testing configuration:
  k_target: 32
  coarsen_limit: 50
  balance_weight: 2.1
  num_reads: 350
================================================================================
[2025-12-04 08:29:52]   Trial 1/3: ✓ cut=32961.35, balance=0.0600, time=0.38s
[2025-12-04 08:29:52]   Trial 2/3: ✓ cut=32784.29, balance=0.0336, time=0.48s
[2025-12-04 08:29:53]   Trial 3/3: ✓ cut=33010.33, balance=0.3088, time=0.39s
[2025-12-04 08:29:53] 
  Running METIS baseline...
[2025-12-04 08:29:53]   METIS baseline: cut=15531.69, balance=0.9330, time=0.05s
[2025-12-04 08:29:53]   METIS weights: min=8079.43, max=8659.73, avg=8411.47, std=214.80
[2025-12-04 08:29:53]   → Quantum vs METIS: cut improvement = -111.95%
[2025-12-04 08:29:53] 
  → Aggregate: cut=32918.66±97.09, balance=0.1341, time=0.42±0.04s

================================================================================
[2025-12-04 08:29:53] [108/900] Testing configuration:
  k_target: 32
  coarsen_limit: 50
  balance_weight: 2.1
  num_reads: 400
================================================================================
[2025-12-04 08:29:53]   Trial 1/3: ✓ cut=32969.11, balance=0.3088, time=0.42s
[2025-12-04 08:29:53]   Trial 2/3: ✓ cut=32973.39, balance=0.2855, time=0.41s
[2025-12-04 08:29:54]   Trial 3/3: ✓ cut=32969.11, balance=0.0336, time=0.43s
[2025-12-04 08:29:54] 
  Running METIS baseline...
[2025-12-04 08:29:54]   METIS baseline: cut=15531.69, balance=0.9330, time=0.05s
[2025-12-04 08:29:54]   METIS weights: min=8079.43, max=8659.73, avg=8411.47, std=214.80
[2025-12-04 08:29:54]   → Quantum vs METIS: cut improvement = -112.28%
[2025-12-04 08:29:54] 
  → Aggregate: cut=32970.54±2.01, balance=0.2093, time=0.42±0.01s

================================================================================
[2025-12-04 08:29:54] [109/900] Testing configuration:
  k_target: 32
  coarsen_limit: 50
  balance_weight: 2.1
  num_reads: 450
================================================================================
[2025-12-04 08:29:54]   Trial 1/3: ✓ cut=32622.55, balance=0.2785, time=0.49s
[2025-12-04 08:29:55]   Trial 2/3: ✓ cut=32626.82, balance=0.2185, time=0.47s
[2025-12-04 08:29:55]   Trial 3/3: ✓ cut=32808.63, balance=0.0336, time=0.49s
[2025-12-04 08:29:55] 
  Running METIS baseline...
[2025-12-04 08:29:55]   METIS baseline: cut=15531.69, balance=0.9330, time=0.05s
[2025-12-04 08:29:55]   METIS weights: min=8079.43, max=8659.73, avg=8411.47, std=214.80
[2025-12-04 08:29:55]   → Quantum vs METIS: cut improvement = -110.45%
[2025-12-04 08:29:55] 
  → Aggregate: cut=32686.00±86.73, balance=0.1769, time=0.48±0.01s

================================================================================
[2025-12-04 08:29:55] [110/900] Testing configuration:
  k_target: 32
  coarsen_limit: 50
  balance_weight: 2.1
  num_reads: 500
================================================================================
[2025-12-04 08:29:56]   Trial 1/3: ✓ cut=32917.57, balance=0.3088, time=0.53s
[2025-12-04 08:29:57]   Trial 2/3: ✓ cut=33010.33, balance=0.2785, time=0.51s
[2025-12-04 08:29:57]   Trial 3/3: ✓ cut=33010.33, balance=0.2185, time=0.52s
[2025-12-04 08:29:57] 
  Running METIS baseline...
[2025-12-04 08:29:57]   METIS baseline: cut=15531.69, balance=0.9330, time=0.05s
[2025-12-04 08:29:57]   METIS weights: min=8079.43, max=8659.73, avg=8411.47, std=214.80
[2025-12-04 08:29:57]   → Quantum vs METIS: cut improvement = -112.34%
[2025-12-04 08:29:57] 
  → Aggregate: cut=32979.41±43.73, balance=0.2686, time=0.52±0.01s

================================================================================
[2025-12-04 08:29:57] [111/900] Testing configuration:
  k_target: 32
  coarsen_limit: 50
  balance_weight: 2.3
  num_reads: 50
================================================================================
[2025-12-04 08:29:57]   Trial 1/3: ✓ cut=32954.10, balance=0.3553, time=0.12s
[2025-12-04 08:29:57]   Trial 2/3: ✓ cut=32739.99, balance=0.2185, time=0.12s
[2025-12-04 08:29:57]   Trial 3/3: ✓ cut=32973.39, balance=0.2855, time=0.12s
[2025-12-04 08:29:57] 
  Running METIS baseline...
[2025-12-04 08:29:58]   METIS baseline: cut=15531.69, balance=0.9330, time=0.05s
[2025-12-04 08:29:58]   METIS weights: min=8079.43, max=8659.73, avg=8411.47, std=214.80
[2025-12-04 08:29:58]   → Quantum vs METIS: cut improvement = -111.76%
[2025-12-04 08:29:58] 
  → Aggregate: cut=32889.16±105.77, balance=0.2865, time=0.12±0.00s

================================================================================
[2025-12-04 08:29:58] [112/900] Testing configuration:
  k_target: 32
  coarsen_limit: 50
  balance_weight: 2.3
  num_reads: 100
================================================================================
[2025-12-04 08:29:58]   Trial 1/3: ✓ cut=33010.33, balance=0.3553, time=0.25s
[2025-12-04 08:29:58]   Trial 2/3: ✓ cut=32868.59, balance=0.2855, time=0.16s
[2025-12-04 08:29:58]   Trial 3/3: ✓ cut=32739.99, balance=0.2855, time=0.17s
[2025-12-04 08:29:58] 
  Running METIS baseline...
[2025-12-04 08:29:58]   METIS baseline: cut=15531.69, balance=0.9330, time=0.05s
[2025-12-04 08:29:58]   METIS weights: min=8079.43, max=8659.73, avg=8411.47, std=214.80
[2025-12-04 08:29:58]   → Quantum vs METIS: cut improvement = -111.65%
[2025-12-04 08:29:58] 
  → Aggregate: cut=32872.97±110.41, balance=0.3088, time=0.19±0.04s

================================================================================
[2025-12-04 08:29:58] [113/900] Testing configuration:
  k_target: 32
  coarsen_limit: 50
  balance_weight: 2.3
  num_reads: 150
================================================================================
[2025-12-04 08:29:58]   Trial 1/3: ✓ cut=32571.00, balance=0.2855, time=0.21s
[2025-12-04 08:29:59]   Trial 2/3: ✓ cut=32949.71, balance=0.3553, time=0.21s
[2025-12-04 08:29:59]   Trial 3/3: ✓ cut=32663.76, balance=0.2185, time=0.21s
[2025-12-04 08:29:59] 
  Running METIS baseline...
[2025-12-04 08:29:59]   METIS baseline: cut=15531.69, balance=0.9330, time=0.05s
[2025-12-04 08:29:59]   METIS weights: min=8079.43, max=8659.73, avg=8411.47, std=214.80
[2025-12-04 08:29:59]   → Quantum vs METIS: cut improvement = -110.72%
[2025-12-04 08:29:59] 
  → Aggregate: cut=32728.16±161.17, balance=0.2865, time=0.21±0.00s

================================================================================
[2025-12-04 08:29:59] [114/900] Testing configuration:
  k_target: 32
  coarsen_limit: 50
  balance_weight: 2.3
  num_reads: 200
================================================================================
[2025-12-04 08:29:59]   Trial 1/3: ✓ cut=33010.33, balance=0.2785, time=0.26s
[2025-12-04 08:29:59]   Trial 2/3: ✓ cut=33010.33, balance=0.3816, time=0.25s
[2025-12-04 08:30:00]   Trial 3/3: ✓ cut=32748.38, balance=0.2855, time=0.26s
[2025-12-04 08:30:00] 
  Running METIS baseline...
[2025-12-04 08:30:00]   METIS baseline: cut=15531.69, balance=0.9330, time=0.05s
[2025-12-04 08:30:00]   METIS weights: min=8079.43, max=8659.73, avg=8411.47, std=214.80
[2025-12-04 08:30:00]   → Quantum vs METIS: cut improvement = -111.97%
[2025-12-04 08:30:00] 
  → Aggregate: cut=32923.01±123.48, balance=0.3152, time=0.26±0.00s

================================================================================
[2025-12-04 08:30:00] [115/900] Testing configuration:
  k_target: 32
  coarsen_limit: 50
  balance_weight: 2.3
  num_reads: 250
================================================================================
[2025-12-04 08:30:00]   Trial 1/3: ✓ cut=32622.55, balance=0.2855, time=0.29s
[2025-12-04 08:30:00]   Trial 2/3: ✓ cut=32969.11, balance=0.2185, time=0.29s
[2025-12-04 08:30:01]   Trial 3/3: ✓ cut=32985.69, balance=0.2855, time=0.30s
[2025-12-04 08:30:01] 
  Running METIS baseline...
[2025-12-04 08:30:01]   METIS baseline: cut=15531.69, balance=0.9330, time=0.05s
[2025-12-04 08:30:01]   METIS weights: min=8079.43, max=8659.73, avg=8411.47, std=214.80
[2025-12-04 08:30:01]   → Quantum vs METIS: cut improvement = -111.56%
[2025-12-04 08:30:01] 
  → Aggregate: cut=32859.12±167.42, balance=0.2632, time=0.29±0.00s

================================================================================
[2025-12-04 08:30:01] [116/900] Testing configuration:
  k_target: 32
  coarsen_limit: 50
  balance_weight: 2.3
  num_reads: 300
================================================================================
[2025-12-04 08:30:01]   Trial 1/3: ✓ cut=32944.78, balance=0.2855, time=0.33s
[2025-12-04 08:30:01]   Trial 2/3: ✓ cut=32909.66, balance=0.3088, time=0.36s
[2025-12-04 08:30:02]   Trial 3/3: ✓ cut=33010.33, balance=0.2185, time=0.42s
[2025-12-04 08:30:02] 
  Running METIS baseline...
[2025-12-04 08:30:02]   METIS baseline: cut=15531.69, balance=0.9330, time=0.05s
[2025-12-04 08:30:02]   METIS weights: min=8079.43, max=8659.73, avg=8411.47, std=214.80
[2025-12-04 08:30:02]   → Quantum vs METIS: cut improvement = -112.18%
[2025-12-04 08:30:02] 
  → Aggregate: cut=32954.92±41.72, balance=0.2709, time=0.37±0.04s

================================================================================
[2025-12-04 08:30:02] [117/900] Testing configuration:
  k_target: 32
  coarsen_limit: 50
  balance_weight: 2.3
  num_reads: 350
================================================================================
[2025-12-04 08:30:02]   Trial 1/3: ✓ cut=32454.13, balance=0.0600, time=0.50s
[2025-12-04 08:30:03]   Trial 2/3: ✓ cut=32973.39, balance=0.2855, time=0.41s
[2025-12-04 08:30:03]   Trial 3/3: ✓ cut=32619.48, balance=0.2855, time=0.40s
[2025-12-04 08:30:03] 
  Running METIS baseline...
[2025-12-04 08:30:03]   METIS baseline: cut=15531.69, balance=0.9330, time=0.05s
[2025-12-04 08:30:03]   METIS weights: min=8079.43, max=8659.73, avg=8411.47, std=214.80
[2025-12-04 08:30:03]   → Quantum vs METIS: cut improvement = -110.42%
[2025-12-04 08:30:03] 
  → Aggregate: cut=32682.33±216.59, balance=0.2104, time=0.44±0.04s

================================================================================
[2025-12-04 08:30:03] [118/900] Testing configuration:
  k_target: 32
  coarsen_limit: 50
  balance_weight: 2.3
  num_reads: 400
================================================================================
[2025-12-04 08:30:04]   Trial 1/3: ✓ cut=32498.13, balance=0.2185, time=0.45s
[2025-12-04 08:30:04]   Trial 2/3: ✓ cut=32639.42, balance=0.3553, time=0.46s
[2025-12-04 08:30:05]   Trial 3/3: ✓ cut=32917.57, balance=0.3088, time=0.47s
[2025-12-04 08:30:05] 
  Running METIS baseline...
[2025-12-04 08:30:05]   METIS baseline: cut=15531.69, balance=0.9330, time=0.05s
[2025-12-04 08:30:05]   METIS weights: min=8079.43, max=8659.73, avg=8411.47, std=214.80
[2025-12-04 08:30:05]   → Quantum vs METIS: cut improvement = -110.44%
[2025-12-04 08:30:05] 
  → Aggregate: cut=32685.04±174.24, balance=0.2942, time=0.46±0.01s

================================================================================
[2025-12-04 08:30:05] [119/900] Testing configuration:
  k_target: 32
  coarsen_limit: 50
  balance_weight: 2.3
  num_reads: 450
================================================================================
[2025-12-04 08:30:05]   Trial 1/3: ✓ cut=33010.33, balance=0.3894, time=0.53s
[2025-12-04 08:30:06]   Trial 2/3: ✓ cut=32917.57, balance=0.2185, time=0.47s
[2025-12-04 08:30:06]   Trial 3/3: ✓ cut=32917.57, balance=0.3088, time=0.47s
[2025-12-04 08:30:06] 
  Running METIS baseline...
[2025-12-04 08:30:06]   METIS baseline: cut=15531.69, balance=0.9330, time=0.05s
[2025-12-04 08:30:06]   METIS weights: min=8079.43, max=8659.73, avg=8411.47, std=214.80
[2025-12-04 08:30:06]   → Quantum vs METIS: cut improvement = -112.14%
[2025-12-04 08:30:06] 
  → Aggregate: cut=32948.49±43.73, balance=0.3056, time=0.49±0.02s

================================================================================
[2025-12-04 08:30:06] [120/900] Testing configuration:
  k_target: 32
  coarsen_limit: 50
  balance_weight: 2.3
  num_reads: 500
================================================================================
[2025-12-04 08:30:07]   Trial 1/3: ✓ cut=33010.33, balance=0.3894, time=0.52s
[2025-12-04 08:30:07]   Trial 2/3: ✓ cut=32969.11, balance=0.2185, time=0.51s
[2025-12-04 08:30:08]   Trial 3/3: ✓ cut=33010.33, balance=0.2185, time=0.52s
[2025-12-04 08:30:08] 
  Running METIS baseline...
[2025-12-04 08:30:08]   METIS baseline: cut=15531.69, balance=0.9330, time=0.05s
[2025-12-04 08:30:08]   METIS weights: min=8079.43, max=8659.73, avg=8411.47, std=214.80
[2025-12-04 08:30:08]   → Quantum vs METIS: cut improvement = -112.45%
[2025-12-04 08:30:08] 
  → Aggregate: cut=32996.59±19.43, balance=0.2755, time=0.52±0.00s

================================================================================
[2025-12-04 08:30:08] [121/900] Testing configuration:
  k_target: 32
  coarsen_limit: 50
  balance_weight: 2.5
  num_reads: 50
================================================================================
[2025-12-04 08:30:08]   Trial 1/3: ✓ cut=32917.57, balance=0.3088, time=0.13s
[2025-12-04 08:30:08]   Trial 2/3: ✓ cut=32985.99, balance=0.3191, time=0.14s
[2025-12-04 08:30:08]   Trial 3/3: ✓ cut=33005.72, balance=0.0600, time=0.13s
[2025-12-04 08:30:08] 
  Running METIS baseline...
[2025-12-04 08:30:09]   METIS baseline: cut=15531.69, balance=0.9330, time=0.13s
[2025-12-04 08:30:09]   METIS weights: min=8079.43, max=8659.73, avg=8411.47, std=214.80
[2025-12-04 08:30:09]   → Quantum vs METIS: cut improvement = -112.27%
[2025-12-04 08:30:09] 
  → Aggregate: cut=32969.76±37.77, balance=0.2293, time=0.13±0.00s

================================================================================
[2025-12-04 08:30:09] [122/900] Testing configuration:
  k_target: 32
  coarsen_limit: 50
  balance_weight: 2.5
  num_reads: 100
================================================================================
[2025-12-04 08:30:09]   Trial 1/3: ✓ cut=32961.49, balance=0.2185, time=0.18s
[2025-12-04 08:30:09]   Trial 2/3: ✓ cut=32767.42, balance=0.0336, time=0.18s
[2025-12-04 08:30:09]   Trial 3/3: ✓ cut=32961.20, balance=0.2855, time=0.18s
[2025-12-04 08:30:09] 
  Running METIS baseline...
[2025-12-04 08:30:09]   METIS baseline: cut=15531.69, balance=0.9330, time=0.05s
[2025-12-04 08:30:09]   METIS weights: min=8079.43, max=8659.73, avg=8411.47, std=214.80
[2025-12-04 08:30:09]   → Quantum vs METIS: cut improvement = -111.80%
[2025-12-04 08:30:09] 
  → Aggregate: cut=32896.70±91.42, balance=0.1792, time=0.18±0.00s

================================================================================
[2025-12-04 08:30:09] [123/900] Testing configuration:
  k_target: 32
  coarsen_limit: 50
  balance_weight: 2.5
  num_reads: 150
================================================================================
[2025-12-04 08:30:09]   Trial 1/3: ✓ cut=32917.57, balance=0.3088, time=0.24s
[2025-12-04 08:30:10]   Trial 2/3: ✓ cut=32926.39, balance=0.2185, time=0.23s
[2025-12-04 08:30:10]   Trial 3/3: ✓ cut=32961.49, balance=0.0336, time=0.22s
[2025-12-04 08:30:10] 
  Running METIS baseline...
[2025-12-04 08:30:10]   METIS baseline: cut=15531.69, balance=0.9330, time=0.05s
[2025-12-04 08:30:10]   METIS weights: min=8079.43, max=8659.73, avg=8411.47, std=214.80
[2025-12-04 08:30:10]   → Quantum vs METIS: cut improvement = -112.05%
[2025-12-04 08:30:10] 
  → Aggregate: cut=32935.15±18.97, balance=0.1870, time=0.23±0.01s

================================================================================
[2025-12-04 08:30:10] [124/900] Testing configuration:
  k_target: 32
  coarsen_limit: 50
  balance_weight: 2.5
  num_reads: 200
================================================================================
[2025-12-04 08:30:10]   Trial 1/3: ✓ cut=32663.76, balance=0.2855, time=0.27s
[2025-12-04 08:30:10]   Trial 2/3: ✓ cut=33010.33, balance=0.2855, time=0.27s
[2025-12-04 08:30:11]   Trial 3/3: ✓ cut=32663.76, balance=0.2185, time=0.26s
[2025-12-04 08:30:11] 
  Running METIS baseline...
[2025-12-04 08:30:11]   METIS baseline: cut=15531.69, balance=0.9330, time=0.05s
[2025-12-04 08:30:11]   METIS weights: min=8079.43, max=8659.73, avg=8411.47, std=214.80
[2025-12-04 08:30:11]   → Quantum vs METIS: cut improvement = -111.05%
[2025-12-04 08:30:11] 
  → Aggregate: cut=32779.28±163.37, balance=0.2632, time=0.27±0.00s

================================================================================
[2025-12-04 08:30:11] [125/900] Testing configuration:
  k_target: 32
  coarsen_limit: 50
  balance_weight: 2.5
  num_reads: 250
================================================================================
[2025-12-04 08:30:11]   Trial 1/3: ✓ cut=32990.38, balance=0.2855, time=0.30s
[2025-12-04 08:30:11]   Trial 2/3: ✓ cut=32715.68, balance=0.0336, time=0.30s
[2025-12-04 08:30:12]   Trial 3/3: ✓ cut=32643.81, balance=0.2855, time=0.32s
[2025-12-04 08:30:12] 
  Running METIS baseline...
[2025-12-04 08:30:12]   METIS baseline: cut=15531.69, balance=0.9330, time=0.05s
[2025-12-04 08:30:12]   METIS weights: min=8079.43, max=8659.73, avg=8411.47, std=214.80
[2025-12-04 08:30:12]   → Quantum vs METIS: cut improvement = -111.07%
[2025-12-04 08:30:12] 
  → Aggregate: cut=32783.29±149.34, balance=0.2015, time=0.31±0.01s

================================================================================
[2025-12-04 08:30:12] [126/900] Testing configuration:
  k_target: 32
  coarsen_limit: 50
  balance_weight: 2.5
  num_reads: 300
================================================================================
[2025-12-04 08:30:12]   Trial 1/3: ✓ cut=32767.42, balance=0.2855, time=0.37s
[2025-12-04 08:30:13]   Trial 2/3: ✓ cut=32969.11, balance=0.2185, time=0.37s
[2025-12-04 08:30:13]   Trial 3/3: ✓ cut=33010.33, balance=0.0936, time=0.43s
[2025-12-04 08:30:13] 
  Running METIS baseline...
[2025-12-04 08:30:13]   METIS baseline: cut=15531.69, balance=0.9330, time=0.05s
[2025-12-04 08:30:13]   METIS weights: min=8079.43, max=8659.73, avg=8411.47, std=214.80
[2025-12-04 08:30:13]   → Quantum vs METIS: cut improvement = -111.93%
[2025-12-04 08:30:13] 
  → Aggregate: cut=32915.62±106.14, balance=0.1992, time=0.39±0.03s

================================================================================
[2025-12-04 08:30:13] [127/900] Testing configuration:
  k_target: 32
  coarsen_limit: 50
  balance_weight: 2.5
  num_reads: 350
================================================================================
[2025-12-04 08:30:13]   Trial 1/3: ✓ cut=32879.45, balance=0.2185, time=0.37s
[2025-12-04 08:30:14]   Trial 2/3: ✓ cut=33010.33, balance=0.3088, time=0.39s
[2025-12-04 08:30:14]   Trial 3/3: ✓ cut=32917.57, balance=0.0336, time=0.39s
[2025-12-04 08:30:14] 
  Running METIS baseline...
[2025-12-04 08:30:14]   METIS baseline: cut=15531.69, balance=0.9330, time=0.05s
[2025-12-04 08:30:14]   METIS weights: min=8079.43, max=8659.73, avg=8411.47, std=214.80
[2025-12-04 08:30:14]   → Quantum vs METIS: cut improvement = -112.06%
[2025-12-04 08:30:14] 
  → Aggregate: cut=32935.78±54.96, balance=0.1870, time=0.38±0.01s

================================================================================
[2025-12-04 08:30:14] [128/900] Testing configuration:
  k_target: 32
  coarsen_limit: 50
  balance_weight: 2.5
  num_reads: 400
================================================================================
[2025-12-04 08:30:15]   Trial 1/3: ✓ cut=32716.09, balance=0.0936, time=0.44s
[2025-12-04 08:30:15]   Trial 2/3: ✓ cut=32985.99, balance=0.3088, time=0.42s
[2025-12-04 08:30:16]   Trial 3/3: ✓ cut=32991.46, balance=0.0600, time=0.42s
[2025-12-04 08:30:16] 
  Running METIS baseline...
[2025-12-04 08:30:16]   METIS baseline: cut=15531.69, balance=0.9330, time=0.05s
[2025-12-04 08:30:16]   METIS weights: min=8079.43, max=8659.73, avg=8411.47, std=214.80
[2025-12-04 08:30:16]   → Quantum vs METIS: cut improvement = -111.81%
[2025-12-04 08:30:16] 
  → Aggregate: cut=32897.85±128.54, balance=0.1541, time=0.43±0.01s

================================================================================
[2025-12-04 08:30:16] [129/900] Testing configuration:
  k_target: 32
  coarsen_limit: 50
  balance_weight: 2.5
  num_reads: 450
================================================================================
[2025-12-04 08:30:16]   Trial 1/3: ✓ cut=32767.42, balance=0.2185, time=0.45s
[2025-12-04 08:30:17]   Trial 2/3: ✓ cut=32961.20, balance=0.2855, time=0.46s
[2025-12-04 08:30:17]   Trial 3/3: ✓ cut=32617.94, balance=0.2520, time=0.45s
[2025-12-04 08:30:17] 
  Running METIS baseline...
[2025-12-04 08:30:17]   METIS baseline: cut=15531.69, balance=0.9330, time=0.05s
[2025-12-04 08:30:17]   METIS weights: min=8079.43, max=8659.73, avg=8411.47, std=214.80
[2025-12-04 08:30:17]   → Quantum vs METIS: cut improvement = -111.07%
[2025-12-04 08:30:17] 
  → Aggregate: cut=32782.19±140.53, balance=0.2520, time=0.46±0.00s

================================================================================
[2025-12-04 08:30:17] [130/900] Testing configuration:
  k_target: 32
  coarsen_limit: 50
  balance_weight: 2.5
  num_reads: 500
================================================================================
[2025-12-04 08:30:18]   Trial 1/3: ✓ cut=32944.78, balance=0.3816, time=0.52s
[2025-12-04 08:30:18]   Trial 2/3: ✓ cut=32872.72, balance=0.3088, time=0.50s
[2025-12-04 08:30:19]   Trial 3/3: ✓ cut=32985.99, balance=0.2855, time=0.51s
[2025-12-04 08:30:19] 
  Running METIS baseline...
[2025-12-04 08:30:19]   METIS baseline: cut=15531.69, balance=0.9330, time=0.05s
[2025-12-04 08:30:19]   METIS weights: min=8079.43, max=8659.73, avg=8411.47, std=214.80
[2025-12-04 08:30:19]   → Quantum vs METIS: cut improvement = -112.05%
[2025-12-04 08:30:19] 
  → Aggregate: cut=32934.50±46.81, balance=0.3253, time=0.51±0.01s

================================================================================
[2025-12-04 08:30:19] [131/900] Testing configuration:
  k_target: 32
  coarsen_limit: 50
  balance_weight: 2.7
  num_reads: 50
================================================================================
[2025-12-04 08:30:19]   Trial 1/3: ✓ cut=32990.38, balance=0.2185, time=0.12s
[2025-12-04 08:30:19]   Trial 2/3: ✓ cut=33010.33, balance=0.2185, time=0.12s
[2025-12-04 08:30:19]   Trial 3/3: ✓ cut=32893.23, balance=0.3088, time=0.21s
[2025-12-04 08:30:19] 
  Running METIS baseline...
[2025-12-04 08:30:19]   METIS baseline: cut=15531.69, balance=0.9330, time=0.05s
[2025-12-04 08:30:19]   METIS weights: min=8079.43, max=8659.73, avg=8411.47, std=214.80
[2025-12-04 08:30:19]   → Quantum vs METIS: cut improvement = -112.24%
[2025-12-04 08:30:19] 
  → Aggregate: cut=32964.65±51.15, balance=0.2486, time=0.15±0.04s

================================================================================
[2025-12-04 08:30:19] [132/900] Testing configuration:
  k_target: 32
  coarsen_limit: 50
  balance_weight: 2.7
  num_reads: 100
================================================================================
[2025-12-04 08:30:19]   Trial 1/3: ✓ cut=32969.11, balance=0.2855, time=0.16s
[2025-12-04 08:30:20]   Trial 2/3: ✓ cut=33010.33, balance=0.2855, time=0.17s
[2025-12-04 08:30:20]   Trial 3/3: ✓ cut=32779.50, balance=0.0600, time=0.18s
[2025-12-04 08:30:20] 
  Running METIS baseline...
[2025-12-04 08:30:20]   METIS baseline: cut=15531.69, balance=0.9330, time=0.05s
[2025-12-04 08:30:20]   METIS weights: min=8079.43, max=8659.73, avg=8411.47, std=214.80
[2025-12-04 08:30:20]   → Quantum vs METIS: cut improvement = -111.95%
[2025-12-04 08:30:20] 
  → Aggregate: cut=32919.65±100.52, balance=0.2104, time=0.17±0.00s

================================================================================
[2025-12-04 08:30:20] [133/900] Testing configuration:
  k_target: 32
  coarsen_limit: 50
  balance_weight: 2.7
  num_reads: 150
================================================================================
[2025-12-04 08:30:20]   Trial 1/3: ✓ cut=33010.33, balance=0.3553, time=0.21s
[2025-12-04 08:30:20]   Trial 2/3: ✓ cut=32969.11, balance=0.2855, time=0.22s
[2025-12-04 08:30:21]   Trial 3/3: ✓ cut=32546.66, balance=0.0336, time=0.21s
[2025-12-04 08:30:21] 
  Running METIS baseline...
[2025-12-04 08:30:21]   METIS baseline: cut=15531.69, balance=0.9330, time=0.05s
[2025-12-04 08:30:21]   METIS weights: min=8079.43, max=8659.73, avg=8411.47, std=214.80
[2025-12-04 08:30:21]   → Quantum vs METIS: cut improvement = -111.45%
[2025-12-04 08:30:21] 
  → Aggregate: cut=32842.04±209.54, balance=0.2248, time=0.21±0.00s

================================================================================
[2025-12-04 08:30:21] [134/900] Testing configuration:
  k_target: 32
  coarsen_limit: 50
  balance_weight: 2.7
  num_reads: 200
================================================================================
[2025-12-04 08:30:21]   Trial 1/3: ✓ cut=32985.69, balance=0.2785, time=0.25s
[2025-12-04 08:30:21]   Trial 2/3: ✓ cut=33010.33, balance=0.0336, time=0.25s
[2025-12-04 08:30:21]   Trial 3/3: ✓ cut=33010.33, balance=0.2785, time=0.25s
[2025-12-04 08:30:21] 
  Running METIS baseline...
[2025-12-04 08:30:21]   METIS baseline: cut=15531.69, balance=0.9330, time=0.05s
[2025-12-04 08:30:21]   METIS weights: min=8079.43, max=8659.73, avg=8411.47, std=214.80
[2025-12-04 08:30:21]   → Quantum vs METIS: cut improvement = -112.48%
[2025-12-04 08:30:21] 
  → Aggregate: cut=33002.12±11.61, balance=0.1969, time=0.25±0.00s

================================================================================
[2025-12-04 08:30:21] [135/900] Testing configuration:
  k_target: 32
  coarsen_limit: 50
  balance_weight: 2.7
  num_reads: 250
================================================================================
[2025-12-04 08:30:22]   Trial 1/3: ✓ cut=32663.76, balance=0.2855, time=0.30s
[2025-12-04 08:30:22]   Trial 2/3: ✓ cut=33010.33, balance=0.3461, time=0.30s
[2025-12-04 08:30:22]   Trial 3/3: ✓ cut=32695.70, balance=0.3088, time=0.31s
[2025-12-04 08:30:22] 
  Running METIS baseline...
[2025-12-04 08:30:22]   METIS baseline: cut=15531.69, balance=0.9330, time=0.05s
[2025-12-04 08:30:22]   METIS weights: min=8079.43, max=8659.73, avg=8411.47, std=214.80
[2025-12-04 08:30:22]   → Quantum vs METIS: cut improvement = -111.12%
[2025-12-04 08:30:22] 
  → Aggregate: cut=32789.93±156.39, balance=0.3135, time=0.30±0.01s

================================================================================
[2025-12-04 08:30:22] [136/900] Testing configuration:
  k_target: 32
  coarsen_limit: 50
  balance_weight: 2.7
  num_reads: 300
================================================================================
[2025-12-04 08:30:23]   Trial 1/3: ✓ cut=32622.55, balance=0.0336, time=0.34s
[2025-12-04 08:30:23]   Trial 2/3: ✓ cut=32917.57, balance=0.2855, time=0.35s
[2025-12-04 08:30:24]   Trial 3/3: ✓ cut=32917.57, balance=0.2185, time=0.43s
[2025-12-04 08:30:24] 
  Running METIS baseline...
[2025-12-04 08:30:24]   METIS baseline: cut=15531.69, balance=0.9330, time=0.05s
[2025-12-04 08:30:24]   METIS weights: min=8079.43, max=8659.73, avg=8411.47, std=214.80
[2025-12-04 08:30:24]   → Quantum vs METIS: cut improvement = -111.30%
[2025-12-04 08:30:24] 
  → Aggregate: cut=32819.23±139.07, balance=0.1792, time=0.37±0.04s

================================================================================
[2025-12-04 08:30:24] [137/900] Testing configuration:
  k_target: 32
  coarsen_limit: 50
  balance_weight: 2.7
  num_reads: 350
================================================================================
[2025-12-04 08:30:24]   Trial 1/3: ✓ cut=33010.33, balance=0.3088, time=0.37s
[2025-12-04 08:30:24]   Trial 2/3: ✓ cut=32868.73, balance=0.2855, time=0.38s
[2025-12-04 08:30:25]   Trial 3/3: ✓ cut=32985.69, balance=0.2185, time=0.39s
[2025-12-04 08:30:25] 
  Running METIS baseline...
[2025-12-04 08:30:25]   METIS baseline: cut=15531.69, balance=0.9330, time=0.05s
[2025-12-04 08:30:25]   METIS weights: min=8079.43, max=8659.73, avg=8411.47, std=214.80
[2025-12-04 08:30:25]   → Quantum vs METIS: cut improvement = -112.18%
[2025-12-04 08:30:25] 
  → Aggregate: cut=32954.92±61.77, balance=0.2709, time=0.38±0.01s

================================================================================
[2025-12-04 08:30:25] [138/900] Testing configuration:
  k_target: 32
  coarsen_limit: 50
  balance_weight: 2.7
  num_reads: 400
================================================================================
[2025-12-04 08:30:25]   Trial 1/3: ✓ cut=32964.51, balance=0.3894, time=0.42s
[2025-12-04 08:30:26]   Trial 2/3: ✓ cut=32917.57, balance=0.3088, time=0.43s
[2025-12-04 08:30:26]   Trial 3/3: ✓ cut=33010.33, balance=0.3461, time=0.41s
[2025-12-04 08:30:26] 
  Running METIS baseline...
[2025-12-04 08:30:26]   METIS baseline: cut=15531.69, balance=0.9330, time=0.05s
[2025-12-04 08:30:26]   METIS weights: min=8079.43, max=8659.73, avg=8411.47, std=214.80
[2025-12-04 08:30:26]   → Quantum vs METIS: cut improvement = -112.24%
[2025-12-04 08:30:26] 
  → Aggregate: cut=32964.13±37.87, balance=0.3481, time=0.42±0.01s

================================================================================
[2025-12-04 08:30:26] [139/900] Testing configuration:
  k_target: 32
  coarsen_limit: 50
  balance_weight: 2.7
  num_reads: 450
================================================================================
[2025-12-04 08:30:27]   Trial 1/3: ✓ cut=32969.11, balance=0.2855, time=0.48s
[2025-12-04 08:30:27]   Trial 2/3: ✓ cut=32743.77, balance=0.2520, time=0.45s
[2025-12-04 08:30:28]   Trial 3/3: ✓ cut=33010.33, balance=0.3088, time=0.45s
[2025-12-04 08:30:28] 
  Running METIS baseline...
[2025-12-04 08:30:28]   METIS baseline: cut=15531.69, balance=0.9330, time=0.05s
[2025-12-04 08:30:28]   METIS weights: min=8079.43, max=8659.73, avg=8411.47, std=214.80
[2025-12-04 08:30:28]   → Quantum vs METIS: cut improvement = -111.87%
[2025-12-04 08:30:28] 
  → Aggregate: cut=32907.74±117.16, balance=0.2821, time=0.46±0.02s

================================================================================
[2025-12-04 08:30:28] [140/900] Testing configuration:
  k_target: 32
  coarsen_limit: 50
  balance_weight: 2.7
  num_reads: 500
================================================================================
[2025-12-04 08:30:28]   Trial 1/3: ✓ cut=33010.33, balance=0.3816, time=0.49s
[2025-12-04 08:30:29]   Trial 2/3: ✓ cut=32954.10, balance=0.2185, time=0.50s
[2025-12-04 08:30:29]   Trial 3/3: ✓ cut=32678.71, balance=0.3088, time=0.48s
[2025-12-04 08:30:29] 
  Running METIS baseline...
[2025-12-04 08:30:29]   METIS baseline: cut=15531.69, balance=0.9330, time=0.05s
[2025-12-04 08:30:29]   METIS weights: min=8079.43, max=8659.73, avg=8411.47, std=214.80
[2025-12-04 08:30:29]   → Quantum vs METIS: cut improvement = -111.70%
[2025-12-04 08:30:29] 
  → Aggregate: cut=32881.05±144.90, balance=0.3030, time=0.49±0.01s

================================================================================
[2025-12-04 08:30:29] [141/900] Testing configuration:
  k_target: 32
  coarsen_limit: 50
  balance_weight: 2.9
  num_reads: 50
================================================================================
[2025-12-04 08:30:29]   Trial 1/3: ✓ cut=32724.04, balance=0.3088, time=0.12s
[2025-12-04 08:30:29]   Trial 2/3: ✓ cut=32584.43, balance=0.2185, time=0.13s
[2025-12-04 08:30:30]   Trial 3/3: ✓ cut=32808.63, balance=0.2855, time=0.13s
[2025-12-04 08:30:30] 
  Running METIS baseline...
[2025-12-04 08:30:30]   METIS baseline: cut=15531.69, balance=0.9330, time=0.14s
[2025-12-04 08:30:30]   METIS weights: min=8079.43, max=8659.73, avg=8411.47, std=214.80
[2025-12-04 08:30:30]   → Quantum vs METIS: cut improvement = -110.57%
[2025-12-04 08:30:30] 
  → Aggregate: cut=32705.70±92.44, balance=0.2709, time=0.13±0.00s

================================================================================
[2025-12-04 08:30:30] [142/900] Testing configuration:
  k_target: 32
  coarsen_limit: 50
  balance_weight: 2.9
  num_reads: 100
================================================================================
[2025-12-04 08:30:30]   Trial 1/3: ✓ cut=32917.57, balance=0.2785, time=0.17s
[2025-12-04 08:30:30]   Trial 2/3: ✓ cut=33010.33, balance=0.3088, time=0.17s
[2025-12-04 08:30:30]   Trial 3/3: ✓ cut=32969.11, balance=0.2185, time=0.18s
[2025-12-04 08:30:30] 
  Running METIS baseline...
[2025-12-04 08:30:30]   METIS baseline: cut=15531.69, balance=0.9330, time=0.05s
[2025-12-04 08:30:30]   METIS weights: min=8079.43, max=8659.73, avg=8411.47, std=214.80
[2025-12-04 08:30:30]   → Quantum vs METIS: cut improvement = -112.25%
[2025-12-04 08:30:30] 
  → Aggregate: cut=32965.67±37.95, balance=0.2686, time=0.17±0.00s

================================================================================
[2025-12-04 08:30:30] [143/900] Testing configuration:
  k_target: 32
  coarsen_limit: 50
  balance_weight: 2.9
  num_reads: 150
================================================================================
[2025-12-04 08:30:31]   Trial 1/3: ✓ cut=32405.30, balance=0.3461, time=0.21s
[2025-12-04 08:30:31]   Trial 2/3: ✓ cut=33005.72, balance=0.0600, time=0.21s
[2025-12-04 08:30:31]   Trial 3/3: ✓ cut=32663.76, balance=0.0336, time=0.21s
[2025-12-04 08:30:31] 
  Running METIS baseline...
[2025-12-04 08:30:31]   METIS baseline: cut=15531.69, balance=0.9330, time=0.05s
[2025-12-04 08:30:31]   METIS weights: min=8079.43, max=8659.73, avg=8411.47, std=214.80
[2025-12-04 08:30:31]   → Quantum vs METIS: cut improvement = -110.48%
[2025-12-04 08:30:31] 
  → Aggregate: cut=32691.59±245.91, balance=0.1466, time=0.21±0.00s

================================================================================
[2025-12-04 08:30:31] [144/900] Testing configuration:
  k_target: 32
  coarsen_limit: 50
  balance_weight: 2.9
  num_reads: 200
================================================================================
[2025-12-04 08:30:31]   Trial 1/3: ✓ cut=32665.99, balance=0.0336, time=0.26s
[2025-12-04 08:30:32]   Trial 2/3: ✓ cut=33010.33, balance=0.2520, time=0.25s
[2025-12-04 08:30:32]   Trial 3/3: ✓ cut=32600.04, balance=0.2185, time=0.25s
[2025-12-04 08:30:32] 
  Running METIS baseline...
[2025-12-04 08:30:32]   METIS baseline: cut=15531.69, balance=0.9330, time=0.05s
[2025-12-04 08:30:32]   METIS weights: min=8079.43, max=8659.73, avg=8411.47, std=214.80
[2025-12-04 08:30:32]   → Quantum vs METIS: cut improvement = -110.92%
[2025-12-04 08:30:32] 
  → Aggregate: cut=32758.79±179.89, balance=0.1680, time=0.25±0.01s

================================================================================
[2025-12-04 08:30:32] [145/900] Testing configuration:
  k_target: 32
  coarsen_limit: 50
  balance_weight: 2.9
  num_reads: 250
================================================================================
[2025-12-04 08:30:32]   Trial 1/3: ✓ cut=32526.81, balance=0.2185, time=0.28s
[2025-12-04 08:30:32]   Trial 2/3: ✓ cut=32991.46, balance=0.3191, time=0.30s
[2025-12-04 08:30:33]   Trial 3/3: ✓ cut=32739.99, balance=0.3461, time=0.31s
[2025-12-04 08:30:33] 
  Running METIS baseline...
[2025-12-04 08:30:33]   METIS baseline: cut=15531.69, balance=0.9330, time=0.05s
[2025-12-04 08:30:33]   METIS weights: min=8079.43, max=8659.73, avg=8411.47, std=214.80
[2025-12-04 08:30:33]   → Quantum vs METIS: cut improvement = -110.88%
[2025-12-04 08:30:33] 
  → Aggregate: cut=32752.75±189.91, balance=0.2945, time=0.29±0.01s

================================================================================
[2025-12-04 08:30:33] [146/900] Testing configuration:
  k_target: 32
  coarsen_limit: 50
  balance_weight: 2.9
  num_reads: 300
================================================================================
[2025-12-04 08:30:33]   Trial 1/3: ✓ cut=33010.33, balance=0.3424, time=0.33s
[2025-12-04 08:30:34]   Trial 2/3: ✓ cut=32498.13, balance=0.2855, time=0.35s
[2025-12-04 08:30:34]   Trial 3/3: ✓ cut=33010.33, balance=0.2185, time=0.34s
[2025-12-04 08:30:34] 
  Running METIS baseline...
[2025-12-04 08:30:34]   METIS baseline: cut=15531.69, balance=0.9330, time=0.13s
[2025-12-04 08:30:34]   METIS weights: min=8079.43, max=8659.73, avg=8411.47, std=214.80
[2025-12-04 08:30:34]   → Quantum vs METIS: cut improvement = -111.44%
[2025-12-04 08:30:34] 
  → Aggregate: cut=32839.60±241.45, balance=0.2821, time=0.34±0.01s

================================================================================
[2025-12-04 08:30:34] [147/900] Testing configuration:
  k_target: 32
  coarsen_limit: 50
  balance_weight: 2.9
  num_reads: 350
================================================================================
[2025-12-04 08:30:34]   Trial 1/3: ✓ cut=33010.33, balance=0.3553, time=0.39s
[2025-12-04 08:30:35]   Trial 2/3: ✓ cut=32526.81, balance=0.2185, time=0.38s
[2025-12-04 08:30:35]   Trial 3/3: ✓ cut=33010.33, balance=0.3461, time=0.38s
[2025-12-04 08:30:35] 
  Running METIS baseline...
[2025-12-04 08:30:35]   METIS baseline: cut=15531.69, balance=0.9330, time=0.05s
[2025-12-04 08:30:35]   METIS weights: min=8079.43, max=8659.73, avg=8411.47, std=214.80
[2025-12-04 08:30:35]   → Quantum vs METIS: cut improvement = -111.50%
[2025-12-04 08:30:35] 
  → Aggregate: cut=32849.15±227.93, balance=0.3066, time=0.38±0.00s

================================================================================
[2025-12-04 08:30:35] [148/900] Testing configuration:
  k_target: 32
  coarsen_limit: 50
  balance_weight: 2.9
  num_reads: 400
================================================================================
[2025-12-04 08:30:36]   Trial 1/3: ✓ cut=33010.33, balance=0.2855, time=0.44s
[2025-12-04 08:30:36]   Trial 2/3: ✓ cut=32917.57, balance=0.2855, time=0.44s
[2025-12-04 08:30:37]   Trial 3/3: ✓ cut=33010.33, balance=0.3689, time=0.43s
[2025-12-04 08:30:37] 
  Running METIS baseline...
[2025-12-04 08:30:37]   METIS baseline: cut=15531.69, balance=0.9330, time=0.05s
[2025-12-04 08:30:37]   METIS weights: min=8079.43, max=8659.73, avg=8411.47, std=214.80
[2025-12-04 08:30:37]   → Quantum vs METIS: cut improvement = -112.34%
[2025-12-04 08:30:37] 
  → Aggregate: cut=32979.41±43.73, balance=0.3133, time=0.43±0.01s

================================================================================
[2025-12-04 08:30:37] [149/900] Testing configuration:
  k_target: 32
  coarsen_limit: 50
  balance_weight: 2.9
  num_reads: 450
================================================================================
[2025-12-04 08:30:37]   Trial 1/3: ✓ cut=32990.38, balance=0.0600, time=0.48s
[2025-12-04 08:30:38]   Trial 2/3: ✓ cut=32974.04, balance=0.2855, time=0.49s
[2025-12-04 08:30:38]   Trial 3/3: ✓ cut=32857.08, balance=0.2855, time=0.45s
[2025-12-04 08:30:38] 
  Running METIS baseline...
[2025-12-04 08:30:38]   METIS baseline: cut=15531.69, balance=0.9330, time=0.05s
[2025-12-04 08:30:38]   METIS weights: min=8079.43, max=8659.73, avg=8411.47, std=214.80
[2025-12-04 08:30:38]   → Quantum vs METIS: cut improvement = -112.09%
[2025-12-04 08:30:38] 
  → Aggregate: cut=32940.50±59.36, balance=0.2104, time=0.47±0.02s

================================================================================
[2025-12-04 08:30:38] [150/900] Testing configuration:
  k_target: 32
  coarsen_limit: 50
  balance_weight: 2.9
  num_reads: 500
================================================================================
[2025-12-04 08:30:39]   Trial 1/3: ✓ cut=32973.39, balance=0.3088, time=0.51s
[2025-12-04 08:30:39]   Trial 2/3: ✓ cut=32949.05, balance=0.2855, time=0.49s
[2025-12-04 08:30:40]   Trial 3/3: ✓ cut=32969.11, balance=0.2185, time=0.54s
[2025-12-04 08:30:40] 
  Running METIS baseline...
[2025-12-04 08:30:40]   METIS baseline: cut=15531.69, balance=0.9330, time=0.05s
[2025-12-04 08:30:40]   METIS weights: min=8079.43, max=8659.73, avg=8411.47, std=214.80
[2025-12-04 08:30:40]   → Quantum vs METIS: cut improvement = -112.24%
[2025-12-04 08:30:40] 
  → Aggregate: cut=32963.85±10.61, balance=0.2709, time=0.52±0.02s

================================================================================
[2025-12-04 08:30:40] [151/900] Testing configuration:
  k_target: 32
  coarsen_limit: 80
  balance_weight: 0.1
  num_reads: 50
================================================================================
[2025-12-04 08:30:40]   Trial 1/3: ✓ cut=36014.15, balance=0.5677, time=0.20s
[2025-12-04 08:30:40]   Trial 2/3: ✓ cut=36302.15, balance=0.7167, time=0.28s
[2025-12-04 08:30:41]   Trial 3/3: ✓ cut=36929.44, balance=0.5169, time=0.20s
[2025-12-04 08:30:41] 
  Running METIS baseline...
[2025-12-04 08:30:41]   METIS baseline: cut=31846.33, balance=0.6548, time=0.05s
[2025-12-04 08:30:41]   METIS weights: min=1121.79, max=1713.11, avg=1345.83, std=144.56
[2025-12-04 08:30:41]   → Quantum vs METIS: cut improvement = -14.35%
[2025-12-04 08:30:41] 
  → Aggregate: cut=36415.25±382.13, balance=0.6004, time=0.23±0.04s

================================================================================
[2025-12-04 08:30:41] [152/900] Testing configuration:
  k_target: 32
  coarsen_limit: 80
  balance_weight: 0.1
  num_reads: 100
================================================================================
[2025-12-04 08:30:41]   Trial 1/3: ✓ cut=35516.27, balance=0.5677, time=0.31s
[2025-12-04 08:30:41]   Trial 2/3: ✓ cut=36554.23, balance=0.6207, time=0.30s
[2025-12-04 08:30:42]   Trial 3/3: ✓ cut=35759.06, balance=0.5677, time=0.31s
[2025-12-04 08:30:42] 
  Running METIS baseline...
[2025-12-04 08:30:42]   METIS baseline: cut=31846.33, balance=0.6548, time=0.05s
[2025-12-04 08:30:42]   METIS weights: min=1121.79, max=1713.11, avg=1345.83, std=144.56
[2025-12-04 08:30:42]   → Quantum vs METIS: cut improvement = -12.86%
[2025-12-04 08:30:42] 
  → Aggregate: cut=35943.19±443.30, balance=0.5854, time=0.31±0.00s

================================================================================
[2025-12-04 08:30:42] [153/900] Testing configuration:
  k_target: 32
  coarsen_limit: 80
  balance_weight: 0.1
  num_reads: 150
================================================================================
[2025-12-04 08:30:42]   Trial 1/3: ✓ cut=35395.97, balance=0.5836, time=0.41s
[2025-12-04 08:30:42]   Trial 2/3: ✓ cut=34935.22, balance=0.5550, time=0.41s
[2025-12-04 08:30:43]   Trial 3/3: ✓ cut=34708.59, balance=0.5677, time=0.42s
[2025-12-04 08:30:43] 
  Running METIS baseline...
[2025-12-04 08:30:43]   METIS baseline: cut=31846.33, balance=0.6548, time=0.05s
[2025-12-04 08:30:43]   METIS weights: min=1121.79, max=1713.11, avg=1345.83, std=144.56
[2025-12-04 08:30:43]   → Quantum vs METIS: cut improvement = -9.94%
[2025-12-04 08:30:43] 
  → Aggregate: cut=35013.26±286.00, balance=0.5688, time=0.41±0.00s

================================================================================
[2025-12-04 08:30:43] [154/900] Testing configuration:
  k_target: 32
  coarsen_limit: 80
  balance_weight: 0.1
  num_reads: 200
================================================================================
[2025-12-04 08:30:43]   Trial 1/3: ✓ cut=35584.95, balance=0.5523, time=0.52s
[2025-12-04 08:30:44]   Trial 2/3: ✓ cut=36741.76, balance=0.7285, time=0.52s
[2025-12-04 08:30:44]   Trial 3/3: ✓ cut=35443.85, balance=0.5178, time=0.52s
[2025-12-04 08:30:44] 
  Running METIS baseline...
[2025-12-04 08:30:45]   METIS baseline: cut=31846.33, balance=0.6548, time=0.05s
[2025-12-04 08:30:45]   METIS weights: min=1121.79, max=1713.11, avg=1345.83, std=144.56
[2025-12-04 08:30:45]   → Quantum vs METIS: cut improvement = -12.80%
[2025-12-04 08:30:45] 
  → Aggregate: cut=35923.52±581.44, balance=0.5995, time=0.52±0.00s

================================================================================
[2025-12-04 08:30:45] [155/900] Testing configuration:
  k_target: 32
  coarsen_limit: 80
  balance_weight: 0.1
  num_reads: 250
================================================================================
[2025-12-04 08:30:45]   Trial 1/3: ✓ cut=35591.05, balance=0.5786, time=0.64s
[2025-12-04 08:30:46]   Trial 2/3: ✓ cut=36203.02, balance=0.5876, time=0.63s
[2025-12-04 08:30:46]   Trial 3/3: ✓ cut=35572.50, balance=0.5110, time=0.62s
[2025-12-04 08:30:46] 
  Running METIS baseline...
[2025-12-04 08:30:47]   METIS baseline: cut=31846.33, balance=0.6548, time=0.05s
[2025-12-04 08:30:47]   METIS weights: min=1121.79, max=1713.11, avg=1345.83, std=144.56
[2025-12-04 08:30:47]   → Quantum vs METIS: cut improvement = -12.38%
[2025-12-04 08:30:47] 
  → Aggregate: cut=35788.86±292.95, balance=0.5590, time=0.63±0.01s

================================================================================
[2025-12-04 08:30:47] [156/900] Testing configuration:
  k_target: 32
  coarsen_limit: 80
  balance_weight: 0.1
  num_reads: 300
================================================================================
[2025-12-04 08:30:47]   Trial 1/3: ✓ cut=35623.36, balance=0.4723, time=0.72s
[2025-12-04 08:30:48]   Trial 2/3: ✓ cut=36305.97, balance=0.5618, time=0.82s
[2025-12-04 08:30:49]   Trial 3/3: ✓ cut=35129.31, balance=0.5523, time=0.74s
[2025-12-04 08:30:49] 
  Running METIS baseline...
[2025-12-04 08:30:49]   METIS baseline: cut=31846.33, balance=0.6548, time=0.05s
[2025-12-04 08:30:49]   METIS weights: min=1121.79, max=1713.11, avg=1345.83, std=144.56
[2025-12-04 08:30:49]   → Quantum vs METIS: cut improvement = -12.06%
[2025-12-04 08:30:49] 
  → Aggregate: cut=35686.21±482.42, balance=0.5288, time=0.76±0.04s

================================================================================
[2025-12-04 08:30:49] [157/900] Testing configuration:
  k_target: 32
  coarsen_limit: 80
  balance_weight: 0.1
  num_reads: 350
================================================================================
[2025-12-04 08:30:50]   Trial 1/3: ✓ cut=36106.94, balance=0.5935, time=0.83s
[2025-12-04 08:30:51]   Trial 2/3: ✓ cut=35067.90, balance=0.5169, time=0.82s
[2025-12-04 08:30:51]   Trial 3/3: ✓ cut=35335.81, balance=0.5510, time=0.83s
[2025-12-04 08:30:51] 
  Running METIS baseline...
[2025-12-04 08:30:51]   METIS baseline: cut=31846.33, balance=0.6548, time=0.05s
[2025-12-04 08:30:51]   METIS weights: min=1121.79, max=1713.11, avg=1345.83, std=144.56
[2025-12-04 08:30:51]   → Quantum vs METIS: cut improvement = -11.48%
[2025-12-04 08:30:51] 
  → Aggregate: cut=35503.55±440.46, balance=0.5538, time=0.83±0.01s

================================================================================
[2025-12-04 08:30:51] [158/900] Testing configuration:
  k_target: 32
  coarsen_limit: 80
  balance_weight: 0.1
  num_reads: 400
================================================================================
[2025-12-04 08:30:52]   Trial 1/3: ✓ cut=36014.33, balance=0.6104, time=0.93s
[2025-12-04 08:30:53]   Trial 2/3: ✓ cut=35801.87, balance=0.5830, time=0.94s
[2025-12-04 08:30:54]   Trial 3/3: ✓ cut=36393.75, balance=0.5746, time=0.94s
[2025-12-04 08:30:54] 
  Running METIS baseline...
[2025-12-04 08:30:54]   METIS baseline: cut=31846.33, balance=0.6548, time=0.05s
[2025-12-04 08:30:54]   METIS weights: min=1121.79, max=1713.11, avg=1345.83, std=144.56
[2025-12-04 08:30:54]   → Quantum vs METIS: cut improvement = -13.26%
[2025-12-04 08:30:54] 
  → Aggregate: cut=36069.98±244.82, balance=0.5893, time=0.94±0.00s

================================================================================
[2025-12-04 08:30:54] [159/900] Testing configuration:
  k_target: 32
  coarsen_limit: 80
  balance_weight: 0.1
  num_reads: 450
================================================================================
[2025-12-04 08:30:55]   Trial 1/3: ✓ cut=35998.02, balance=0.5222, time=1.06s
[2025-12-04 08:30:57]   Trial 2/3: ✓ cut=35731.04, balance=0.5955, time=1.05s
[2025-12-04 08:30:58]   Trial 3/3: ✓ cut=35705.76, balance=0.5072, time=1.05s
[2025-12-04 08:30:58] 
  Running METIS baseline...
[2025-12-04 08:30:58]   METIS baseline: cut=31846.33, balance=0.6548, time=0.05s
[2025-12-04 08:30:58]   METIS weights: min=1121.79, max=1713.11, avg=1345.83, std=144.56
[2025-12-04 08:30:58]   → Quantum vs METIS: cut improvement = -12.45%
[2025-12-04 08:30:58] 
  → Aggregate: cut=35811.61±132.22, balance=0.5416, time=1.05±0.01s

================================================================================
[2025-12-04 08:30:58] [160/900] Testing configuration:
  k_target: 32
  coarsen_limit: 80
  balance_weight: 0.1
  num_reads: 500
================================================================================
[2025-12-04 08:30:59]   Trial 1/3: ✓ cut=35591.95, balance=0.5677, time=1.17s
[2025-12-04 08:31:00]   Trial 2/3: ✓ cut=35362.97, balance=0.5786, time=1.15s
[2025-12-04 08:31:01]   Trial 3/3: ✓ cut=36054.19, balance=0.6587, time=1.17s
[2025-12-04 08:31:01] 
  Running METIS baseline...
[2025-12-04 08:31:01]   METIS baseline: cut=31846.33, balance=0.6548, time=0.14s
[2025-12-04 08:31:01]   METIS weights: min=1121.79, max=1713.11, avg=1345.83, std=144.56
[2025-12-04 08:31:01]   → Quantum vs METIS: cut improvement = -12.01%
[2025-12-04 08:31:01] 
  → Aggregate: cut=35669.70±287.50, balance=0.6017, time=1.16±0.01s

================================================================================
[2025-12-04 08:31:01] [161/900] Testing configuration:
  k_target: 32
  coarsen_limit: 80
  balance_weight: 0.3
  num_reads: 50
================================================================================
[2025-12-04 08:31:02]   Trial 1/3: ✓ cut=36834.12, balance=0.5991, time=0.22s
[2025-12-04 08:31:02]   Trial 2/3: ✓ cut=35792.01, balance=0.5713, time=0.22s
[2025-12-04 08:31:02]   Trial 3/3: ✓ cut=36893.70, balance=0.7076, time=0.22s
[2025-12-04 08:31:02] 
  Running METIS baseline...
[2025-12-04 08:31:02]   METIS baseline: cut=31846.33, balance=0.6548, time=0.05s
[2025-12-04 08:31:02]   METIS weights: min=1121.79, max=1713.11, avg=1345.83, std=144.56
[2025-12-04 08:31:02]   → Quantum vs METIS: cut improvement = -14.63%
[2025-12-04 08:31:02] 
  → Aggregate: cut=36506.61±505.88, balance=0.6260, time=0.22±0.00s

================================================================================
[2025-12-04 08:31:02] [162/900] Testing configuration:
  k_target: 32
  coarsen_limit: 80
  balance_weight: 0.3
  num_reads: 100
================================================================================
[2025-12-04 08:31:02]   Trial 1/3: ✓ cut=37017.49, balance=0.6761, time=0.31s
[2025-12-04 08:31:03]   Trial 2/3: ✓ cut=36819.62, balance=0.5451, time=0.33s
[2025-12-04 08:31:03]   Trial 3/3: ✓ cut=36900.05, balance=0.6015, time=0.33s
[2025-12-04 08:31:03] 
  Running METIS baseline...
[2025-12-04 08:31:03]   METIS baseline: cut=31846.33, balance=0.6548, time=0.05s
[2025-12-04 08:31:03]   METIS weights: min=1121.79, max=1713.11, avg=1345.83, std=144.56
[2025-12-04 08:31:03]   → Quantum vs METIS: cut improvement = -15.91%
[2025-12-04 08:31:03] 
  → Aggregate: cut=36912.39±81.25, balance=0.6076, time=0.33±0.01s

================================================================================
[2025-12-04 08:31:03] [163/900] Testing configuration:
  k_target: 32
  coarsen_limit: 80
  balance_weight: 0.3
  num_reads: 150
================================================================================
[2025-12-04 08:31:04]   Trial 1/3: ✓ cut=36860.93, balance=0.6485, time=0.45s
[2025-12-04 08:31:04]   Trial 2/3: ✓ cut=36645.88, balance=0.5583, time=0.44s
[2025-12-04 08:31:04]   Trial 3/3: ✓ cut=36740.75, balance=0.5955, time=0.44s
[2025-12-04 08:31:04] 
  Running METIS baseline...
[2025-12-04 08:31:05]   METIS baseline: cut=31846.33, balance=0.6548, time=0.05s
[2025-12-04 08:31:05]   METIS weights: min=1121.79, max=1713.11, avg=1345.83, std=144.56
[2025-12-04 08:31:05]   → Quantum vs METIS: cut improvement = -15.40%
[2025-12-04 08:31:05] 
  → Aggregate: cut=36749.19±87.99, balance=0.6008, time=0.45±0.00s

================================================================================
[2025-12-04 08:31:05] [164/900] Testing configuration:
  k_target: 32
  coarsen_limit: 80
  balance_weight: 0.3
  num_reads: 200
================================================================================
[2025-12-04 08:31:05]   Trial 1/3: ✓ cut=36495.17, balance=0.5608, time=0.57s
[2025-12-04 08:31:06]   Trial 2/3: ✓ cut=36674.03, balance=0.5876, time=0.56s
[2025-12-04 08:31:06]   Trial 3/3: ✓ cut=36279.23, balance=0.5760, time=0.56s
[2025-12-04 08:31:06] 
  Running METIS baseline...
[2025-12-04 08:31:06]   METIS baseline: cut=31846.33, balance=0.6548, time=0.05s
[2025-12-04 08:31:06]   METIS weights: min=1121.79, max=1713.11, avg=1345.83, std=144.56
[2025-12-04 08:31:06]   → Quantum vs METIS: cut improvement = -14.56%
[2025-12-04 08:31:06] 
  → Aggregate: cut=36482.81±161.41, balance=0.5748, time=0.56±0.01s

================================================================================
[2025-12-04 08:31:06] [165/900] Testing configuration:
  k_target: 32
  coarsen_limit: 80
  balance_weight: 0.3
  num_reads: 250
================================================================================
[2025-12-04 08:31:07]   Trial 1/3: ✓ cut=35967.68, balance=0.5055, time=0.65s
[2025-12-04 08:31:08]   Trial 2/3: ✓ cut=36500.70, balance=0.6185, time=0.67s
[2025-12-04 08:31:08]   Trial 3/3: ✓ cut=36271.93, balance=0.5497, time=0.72s
[2025-12-04 08:31:08] 
  Running METIS baseline...
[2025-12-04 08:31:08]   METIS baseline: cut=31846.33, balance=0.6548, time=0.05s
[2025-12-04 08:31:08]   METIS weights: min=1121.79, max=1713.11, avg=1345.83, std=144.56
[2025-12-04 08:31:08]   → Quantum vs METIS: cut improvement = -13.82%
[2025-12-04 08:31:08] 
  → Aggregate: cut=36246.77±218.33, balance=0.5579, time=0.68±0.03s

================================================================================
[2025-12-04 08:31:08] [166/900] Testing configuration:
  k_target: 32
  coarsen_limit: 80
  balance_weight: 0.3
  num_reads: 300
================================================================================
[2025-12-04 08:31:09]   Trial 1/3: ✓ cut=36434.28, balance=0.6185, time=0.79s
[2025-12-04 08:31:10]   Trial 2/3: ✓ cut=36773.83, balance=0.5588, time=0.79s
[2025-12-04 08:31:11]   Trial 3/3: ✓ cut=36231.53, balance=0.6339, time=0.79s
[2025-12-04 08:31:11] 
  Running METIS baseline...
[2025-12-04 08:31:11]   METIS baseline: cut=31846.33, balance=0.6548, time=0.05s
[2025-12-04 08:31:11]   METIS weights: min=1121.79, max=1713.11, avg=1345.83, std=144.56
[2025-12-04 08:31:11]   → Quantum vs METIS: cut improvement = -14.55%
[2025-12-04 08:31:11] 
  → Aggregate: cut=36479.88±223.73, balance=0.6037, time=0.79±0.00s

================================================================================
[2025-12-04 08:31:11] [167/900] Testing configuration:
  k_target: 32
  coarsen_limit: 80
  balance_weight: 0.3
  num_reads: 350
================================================================================
[2025-12-04 08:31:12]   Trial 1/3: ✓ cut=35896.95, balance=0.5495, time=0.86s
[2025-12-04 08:31:13]   Trial 2/3: ✓ cut=36487.43, balance=0.6761, time=0.84s
[2025-12-04 08:31:13]   Trial 3/3: ✓ cut=37177.64, balance=0.5777, time=0.84s
[2025-12-04 08:31:13] 
  Running METIS baseline...
[2025-12-04 08:31:14]   METIS baseline: cut=31846.33, balance=0.6548, time=0.05s
[2025-12-04 08:31:14]   METIS weights: min=1121.79, max=1713.11, avg=1345.83, std=144.56
[2025-12-04 08:31:14]   → Quantum vs METIS: cut improvement = -14.68%
[2025-12-04 08:31:14] 
  → Aggregate: cut=36520.67±523.37, balance=0.6011, time=0.85±0.01s

================================================================================
[2025-12-04 08:31:14] [168/900] Testing configuration:
  k_target: 32
  coarsen_limit: 80
  balance_weight: 0.3
  num_reads: 400
================================================================================
[2025-12-04 08:31:15]   Trial 1/3: ✓ cut=36837.36, balance=0.5755, time=0.97s
[2025-12-04 08:31:15]   Trial 2/3: ✓ cut=36514.36, balance=0.5373, time=0.96s
[2025-12-04 08:31:16]   Trial 3/3: ✓ cut=36709.21, balance=0.5876, time=0.95s
[2025-12-04 08:31:16] 
  Running METIS baseline...
[2025-12-04 08:31:17]   METIS baseline: cut=31846.33, balance=0.6548, time=0.05s
[2025-12-04 08:31:17]   METIS weights: min=1121.79, max=1713.11, avg=1345.83, std=144.56
[2025-12-04 08:31:17]   → Quantum vs METIS: cut improvement = -15.20%
[2025-12-04 08:31:17] 
  → Aggregate: cut=36686.97±132.80, balance=0.5668, time=0.96±0.01s

================================================================================
[2025-12-04 08:31:17] [169/900] Testing configuration:
  k_target: 32
  coarsen_limit: 80
  balance_weight: 0.3
  num_reads: 450
================================================================================
[2025-12-04 08:31:18]   Trial 1/3: ✓ cut=35887.62, balance=0.5523, time=1.05s
[2025-12-04 08:31:19]   Trial 2/3: ✓ cut=36311.62, balance=0.5943, time=1.07s
[2025-12-04 08:31:20]   Trial 3/3: ✓ cut=36184.00, balance=0.6047, time=1.05s
[2025-12-04 08:31:20] 
  Running METIS baseline...
[2025-12-04 08:31:20]   METIS baseline: cut=31846.33, balance=0.6548, time=0.05s
[2025-12-04 08:31:20]   METIS weights: min=1121.79, max=1713.11, avg=1345.83, std=144.56
[2025-12-04 08:31:20]   → Quantum vs METIS: cut improvement = -13.44%
[2025-12-04 08:31:20] 
  → Aggregate: cut=36127.75±177.61, balance=0.5838, time=1.06±0.01s

================================================================================
[2025-12-04 08:31:20] [170/900] Testing configuration:
  k_target: 32
  coarsen_limit: 80
  balance_weight: 0.3
  num_reads: 500
================================================================================
[2025-12-04 08:31:21]   Trial 1/3: ✓ cut=36718.70, balance=0.5163, time=1.16s
[2025-12-04 08:31:22]   Trial 2/3: ✓ cut=36228.52, balance=0.5454, time=1.24s
[2025-12-04 08:31:23]   Trial 3/3: ✓ cut=36369.19, balance=0.5988, time=1.16s
[2025-12-04 08:31:23] 
  Running METIS baseline...
[2025-12-04 08:31:23]   METIS baseline: cut=31846.33, balance=0.6548, time=0.05s
[2025-12-04 08:31:23]   METIS weights: min=1121.79, max=1713.11, avg=1345.83, std=144.56
[2025-12-04 08:31:23]   → Quantum vs METIS: cut improvement = -14.42%
[2025-12-04 08:31:23] 
  → Aggregate: cut=36438.80±206.08, balance=0.5535, time=1.18±0.04s

================================================================================
[2025-12-04 08:31:23] [171/900] Testing configuration:
  k_target: 32
  coarsen_limit: 80
  balance_weight: 0.5
  num_reads: 50
================================================================================
[2025-12-04 08:31:24]   Trial 1/3: ✓ cut=36922.21, balance=0.5971, time=0.20s
[2025-12-04 08:31:24]   Trial 2/3: ✓ cut=36647.17, balance=0.5921, time=0.20s
[2025-12-04 08:31:24]   Trial 3/3: ✓ cut=37314.20, balance=0.7268, time=0.20s
[2025-12-04 08:31:24] 
  Running METIS baseline...
[2025-12-04 08:31:24]   METIS baseline: cut=31846.33, balance=0.6548, time=0.05s
[2025-12-04 08:31:24]   METIS weights: min=1121.79, max=1713.11, avg=1345.83, std=144.56
[2025-12-04 08:31:24]   → Quantum vs METIS: cut improvement = -16.06%
[2025-12-04 08:31:24] 
  → Aggregate: cut=36961.19±273.71, balance=0.6387, time=0.20±0.00s

================================================================================
[2025-12-04 08:31:24] [172/900] Testing configuration:
  k_target: 32
  coarsen_limit: 80
  balance_weight: 0.5
  num_reads: 100
================================================================================
[2025-12-04 08:31:24]   Trial 1/3: ✓ cut=36245.51, balance=0.6444, time=0.31s
[2025-12-04 08:31:25]   Trial 2/3: ✓ cut=36610.94, balance=0.5373, time=0.31s
[2025-12-04 08:31:25]   Trial 3/3: ✓ cut=36783.18, balance=0.6738, time=0.32s
[2025-12-04 08:31:25] 
  Running METIS baseline...
[2025-12-04 08:31:25]   METIS baseline: cut=31846.33, balance=0.6548, time=0.05s
[2025-12-04 08:31:25]   METIS weights: min=1121.79, max=1713.11, avg=1345.83, std=144.56
[2025-12-04 08:31:25]   → Quantum vs METIS: cut improvement = -14.76%
[2025-12-04 08:31:25] 
  → Aggregate: cut=36546.54±224.18, balance=0.6185, time=0.31±0.00s

================================================================================
[2025-12-04 08:31:25] [173/900] Testing configuration:
  k_target: 32
  coarsen_limit: 80
  balance_weight: 0.5
  num_reads: 150
================================================================================
[2025-12-04 08:31:26]   Trial 1/3: ✓ cut=36502.49, balance=0.5598, time=0.41s
[2025-12-04 08:31:26]   Trial 2/3: ✓ cut=37024.17, balance=0.5549, time=0.41s
[2025-12-04 08:31:26]   Trial 3/3: ✓ cut=36837.91, balance=0.5307, time=0.41s
[2025-12-04 08:31:26] 
  Running METIS baseline...
[2025-12-04 08:31:26]   METIS baseline: cut=31846.33, balance=0.6548, time=0.05s
[2025-12-04 08:31:26]   METIS weights: min=1121.79, max=1713.11, avg=1345.83, std=144.56
[2025-12-04 08:31:26]   → Quantum vs METIS: cut improvement = -15.52%
[2025-12-04 08:31:26] 
  → Aggregate: cut=36788.19±215.86, balance=0.5485, time=0.41±0.00s

================================================================================
[2025-12-04 08:31:26] [174/900] Testing configuration:
  k_target: 32
  coarsen_limit: 80
  balance_weight: 0.5
  num_reads: 200
================================================================================
[2025-12-04 08:31:27]   Trial 1/3: ✓ cut=36975.30, balance=0.5851, time=0.51s
[2025-12-04 08:31:27]   Trial 2/3: ✓ cut=36718.71, balance=0.7209, time=0.52s
[2025-12-04 08:31:28]   Trial 3/3: ✓ cut=36632.35, balance=0.5852, time=0.53s
[2025-12-04 08:31:28] 
  Running METIS baseline...
[2025-12-04 08:31:28]   METIS baseline: cut=31846.33, balance=0.6548, time=0.05s
[2025-12-04 08:31:28]   METIS weights: min=1121.79, max=1713.11, avg=1345.83, std=144.56
[2025-12-04 08:31:28]   → Quantum vs METIS: cut improvement = -15.48%
[2025-12-04 08:31:28] 
  → Aggregate: cut=36775.45±145.65, balance=0.6304, time=0.52±0.01s

================================================================================
[2025-12-04 08:31:28] [175/900] Testing configuration:
  k_target: 32
  coarsen_limit: 80
  balance_weight: 0.5
  num_reads: 250
================================================================================
[2025-12-04 08:31:29]   Trial 1/3: ✓ cut=36042.80, balance=0.5596, time=0.63s
[2025-12-04 08:31:29]   Trial 2/3: ✓ cut=36643.63, balance=0.5857, time=0.70s
[2025-12-04 08:31:30]   Trial 3/3: ✓ cut=37369.75, balance=0.7133, time=0.62s
[2025-12-04 08:31:30] 
  Running METIS baseline...
[2025-12-04 08:31:30]   METIS baseline: cut=31846.33, balance=0.6548, time=0.05s
[2025-12-04 08:31:30]   METIS weights: min=1121.79, max=1713.11, avg=1345.83, std=144.56
[2025-12-04 08:31:30]   → Quantum vs METIS: cut improvement = -15.20%
[2025-12-04 08:31:30] 
  → Aggregate: cut=36685.39±542.53, balance=0.6195, time=0.65±0.03s

================================================================================
[2025-12-04 08:31:30] [176/900] Testing configuration:
  k_target: 32
  coarsen_limit: 80
  balance_weight: 0.5
  num_reads: 300
================================================================================
[2025-12-04 08:31:31]   Trial 1/3: ✓ cut=36791.70, balance=0.5169, time=0.73s
[2025-12-04 08:31:32]   Trial 2/3: ✓ cut=35830.88, balance=0.5610, time=0.73s
[2025-12-04 08:31:32]   Trial 3/3: ✓ cut=36354.15, balance=0.6441, time=0.72s
[2025-12-04 08:31:32] 
  Running METIS baseline...
[2025-12-04 08:31:32]   METIS baseline: cut=31846.33, balance=0.6548, time=0.05s
[2025-12-04 08:31:32]   METIS weights: min=1121.79, max=1713.11, avg=1345.83, std=144.56
[2025-12-04 08:31:32]   → Quantum vs METIS: cut improvement = -14.07%
[2025-12-04 08:31:32] 
  → Aggregate: cut=36325.58±392.77, balance=0.5740, time=0.73±0.00s

================================================================================
[2025-12-04 08:31:32] [177/900] Testing configuration:
  k_target: 32
  coarsen_limit: 80
  balance_weight: 0.5
  num_reads: 350
================================================================================
[2025-12-04 08:31:33]   Trial 1/3: ✓ cut=37552.23, balance=0.6096, time=0.84s
[2025-12-04 08:31:34]   Trial 2/3: ✓ cut=36699.56, balance=0.5539, time=0.85s
[2025-12-04 08:31:35]   Trial 3/3: ✓ cut=36473.72, balance=0.5169, time=0.84s
[2025-12-04 08:31:35] 
  Running METIS baseline...
[2025-12-04 08:31:35]   METIS baseline: cut=31846.33, balance=0.6548, time=0.05s
[2025-12-04 08:31:35]   METIS weights: min=1121.79, max=1713.11, avg=1345.83, std=144.56
[2025-12-04 08:31:35]   → Quantum vs METIS: cut improvement = -15.90%
[2025-12-04 08:31:35] 
  → Aggregate: cut=36908.50±464.42, balance=0.5601, time=0.84±0.00s

================================================================================
[2025-12-04 08:31:35] [178/900] Testing configuration:
  k_target: 32
  coarsen_limit: 80
  balance_weight: 0.5
  num_reads: 400
================================================================================
[2025-12-04 08:31:36]   Trial 1/3: ✓ cut=36765.58, balance=0.7103, time=0.94s
[2025-12-04 08:31:37]   Trial 2/3: ✓ cut=36240.81, balance=0.5494, time=0.94s
[2025-12-04 08:31:38]   Trial 3/3: ✓ cut=35455.32, balance=0.5464, time=0.95s
[2025-12-04 08:31:38] 
  Running METIS baseline...
[2025-12-04 08:31:38]   METIS baseline: cut=31846.33, balance=0.6548, time=0.05s
[2025-12-04 08:31:38]   METIS weights: min=1121.79, max=1713.11, avg=1345.83, std=144.56
[2025-12-04 08:31:38]   → Quantum vs METIS: cut improvement = -13.53%
[2025-12-04 08:31:38] 
  → Aggregate: cut=36153.90±538.43, balance=0.6020, time=0.94±0.01s

================================================================================
[2025-12-04 08:31:38] [179/900] Testing configuration:
  k_target: 32
  coarsen_limit: 80
  balance_weight: 0.5
  num_reads: 450
================================================================================
[2025-12-04 08:31:39]   Trial 1/3: ✓ cut=36390.20, balance=0.7643, time=1.07s
[2025-12-04 08:31:40]   Trial 2/3: ✓ cut=36527.36, balance=0.5708, time=1.08s
[2025-12-04 08:31:41]   Trial 3/3: ✓ cut=36485.24, balance=0.5081, time=1.08s
[2025-12-04 08:31:41] 
  Running METIS baseline...
[2025-12-04 08:31:41]   METIS baseline: cut=31846.33, balance=0.6548, time=0.13s
[2025-12-04 08:31:41]   METIS weights: min=1121.79, max=1713.11, avg=1345.83, std=144.56
[2025-12-04 08:31:41]   → Quantum vs METIS: cut improvement = -14.51%
[2025-12-04 08:31:41] 
  → Aggregate: cut=36467.60±57.37, balance=0.6144, time=1.08±0.00s

================================================================================
[2025-12-04 08:31:41] [180/900] Testing configuration:
  k_target: 32
  coarsen_limit: 80
  balance_weight: 0.5
  num_reads: 500
================================================================================
[2025-12-04 08:31:43]   Trial 1/3: ✓ cut=35884.83, balance=0.5876, time=1.15s
[2025-12-04 08:31:44]   Trial 2/3: ✓ cut=35601.52, balance=0.5169, time=1.17s
[2025-12-04 08:31:45]   Trial 3/3: ✓ cut=36934.70, balance=0.5876, time=1.16s
[2025-12-04 08:31:45] 
  Running METIS baseline...
[2025-12-04 08:31:45]   METIS baseline: cut=31846.33, balance=0.6548, time=0.05s
[2025-12-04 08:31:45]   METIS weights: min=1121.79, max=1713.11, avg=1345.83, std=144.56
[2025-12-04 08:31:45]   → Quantum vs METIS: cut improvement = -13.48%
[2025-12-04 08:31:45] 
  → Aggregate: cut=36140.35±573.47, balance=0.5640, time=1.16±0.01s

================================================================================
[2025-12-04 08:31:45] [181/900] Testing configuration:
  k_target: 32
  coarsen_limit: 80
  balance_weight: 0.7
  num_reads: 50
================================================================================
[2025-12-04 08:31:45]   Trial 1/3: ✓ cut=36628.67, balance=0.5638, time=0.20s
[2025-12-04 08:31:45]   Trial 2/3: ✓ cut=37062.87, balance=0.5615, time=0.20s
[2025-12-04 08:31:46]   Trial 3/3: ✓ cut=36681.90, balance=0.6505, time=0.21s
[2025-12-04 08:31:46] 
  Running METIS baseline...
[2025-12-04 08:31:46]   METIS baseline: cut=31846.33, balance=0.6548, time=0.05s
[2025-12-04 08:31:46]   METIS weights: min=1121.79, max=1713.11, avg=1345.83, std=144.56
[2025-12-04 08:31:46]   → Quantum vs METIS: cut improvement = -15.53%
[2025-12-04 08:31:46] 
  → Aggregate: cut=36791.15±193.36, balance=0.5919, time=0.20±0.00s

================================================================================
[2025-12-04 08:31:46] [182/900] Testing configuration:
  k_target: 32
  coarsen_limit: 80
  balance_weight: 0.7
  num_reads: 100
================================================================================
[2025-12-04 08:31:46]   Trial 1/3: ✓ cut=36988.01, balance=0.5550, time=0.31s
[2025-12-04 08:31:46]   Trial 2/3: ✓ cut=36844.14, balance=0.5412, time=0.30s
[2025-12-04 08:31:47]   Trial 3/3: ✓ cut=36779.50, balance=0.7553, time=0.31s
[2025-12-04 08:31:47] 
  Running METIS baseline...
[2025-12-04 08:31:47]   METIS baseline: cut=31846.33, balance=0.6548, time=0.05s
[2025-12-04 08:31:47]   METIS weights: min=1121.79, max=1713.11, avg=1345.83, std=144.56
[2025-12-04 08:31:47]   → Quantum vs METIS: cut improvement = -15.78%
[2025-12-04 08:31:47] 
  → Aggregate: cut=36870.55±87.15, balance=0.6172, time=0.31±0.00s

================================================================================
[2025-12-04 08:31:47] [183/900] Testing configuration:
  k_target: 32
  coarsen_limit: 80
  balance_weight: 0.7
  num_reads: 150
================================================================================
[2025-12-04 08:31:47]   Trial 1/3: ✓ cut=37720.18, balance=0.5774, time=0.41s
[2025-12-04 08:31:47]   Trial 2/3: ✓ cut=37037.13, balance=0.7518, time=0.41s
[2025-12-04 08:31:48]   Trial 3/3: ✓ cut=37067.66, balance=0.6213, time=0.41s
[2025-12-04 08:31:48] 
  Running METIS baseline...
[2025-12-04 08:31:48]   METIS baseline: cut=31846.33, balance=0.6548, time=0.05s
[2025-12-04 08:31:48]   METIS weights: min=1121.79, max=1713.11, avg=1345.83, std=144.56
[2025-12-04 08:31:48]   → Quantum vs METIS: cut improvement = -17.05%
[2025-12-04 08:31:48] 
  → Aggregate: cut=37274.99±315.04, balance=0.6502, time=0.41±0.00s

================================================================================
[2025-12-04 08:31:48] [184/900] Testing configuration:
  k_target: 32
  coarsen_limit: 80
  balance_weight: 0.7
  num_reads: 200
================================================================================
[2025-12-04 08:31:48]   Trial 1/3: ✓ cut=36912.92, balance=0.5169, time=0.53s
[2025-12-04 08:31:49]   Trial 2/3: ✓ cut=36270.58, balance=0.5594, time=0.53s
[2025-12-04 08:31:50]   Trial 3/3: ✓ cut=36499.67, balance=0.5919, time=0.62s
[2025-12-04 08:31:50] 
  Running METIS baseline...
[2025-12-04 08:31:50]   METIS baseline: cut=31846.33, balance=0.6548, time=0.05s
[2025-12-04 08:31:50]   METIS weights: min=1121.79, max=1713.11, avg=1345.83, std=144.56
[2025-12-04 08:31:50]   → Quantum vs METIS: cut improvement = -14.80%
[2025-12-04 08:31:50] 
  → Aggregate: cut=36561.06±265.80, balance=0.5561, time=0.56±0.04s

================================================================================
[2025-12-04 08:31:50] [185/900] Testing configuration:
  k_target: 32
  coarsen_limit: 80
  balance_weight: 0.7
  num_reads: 250
================================================================================
[2025-12-04 08:31:50]   Trial 1/3: ✓ cut=36586.20, balance=0.6174, time=0.62s
[2025-12-04 08:31:51]   Trial 2/3: ✓ cut=36987.99, balance=0.5416, time=0.62s
[2025-12-04 08:31:52]   Trial 3/3: ✓ cut=36386.01, balance=0.4993, time=0.63s
[2025-12-04 08:31:52] 
  Running METIS baseline...
[2025-12-04 08:31:52]   METIS baseline: cut=31846.33, balance=0.6548, time=0.05s
[2025-12-04 08:31:52]   METIS weights: min=1121.79, max=1713.11, avg=1345.83, std=144.56
[2025-12-04 08:31:52]   → Quantum vs METIS: cut improvement = -15.09%
[2025-12-04 08:31:52] 
  → Aggregate: cut=36653.40±250.31, balance=0.5528, time=0.62±0.00s

================================================================================
[2025-12-04 08:31:52] [186/900] Testing configuration:
  k_target: 32
  coarsen_limit: 80
  balance_weight: 0.7
  num_reads: 300
================================================================================
[2025-12-04 08:31:52]   Trial 1/3: ✓ cut=36806.16, balance=0.5373, time=0.72s
[2025-12-04 08:31:53]   Trial 2/3: ✓ cut=36408.14, balance=0.7324, time=0.73s
[2025-12-04 08:31:54]   Trial 3/3: ✓ cut=36591.99, balance=0.5643, time=0.74s
[2025-12-04 08:31:54] 
  Running METIS baseline...
[2025-12-04 08:31:54]   METIS baseline: cut=31846.33, balance=0.6548, time=0.05s
[2025-12-04 08:31:54]   METIS weights: min=1121.79, max=1713.11, avg=1345.83, std=144.56
[2025-12-04 08:31:54]   → Quantum vs METIS: cut improvement = -14.93%
[2025-12-04 08:31:54] 
  → Aggregate: cut=36602.10±162.65, balance=0.6113, time=0.73±0.01s

================================================================================
[2025-12-04 08:31:54] [187/900] Testing configuration:
  k_target: 32
  coarsen_limit: 80
  balance_weight: 0.7
  num_reads: 350
================================================================================
[2025-12-04 08:31:55]   Trial 1/3: ✓ cut=36516.98, balance=0.5876, time=0.86s
[2025-12-04 08:31:56]   Trial 2/3: ✓ cut=36716.42, balance=0.6147, time=0.85s
[2025-12-04 08:31:57]   Trial 3/3: ✓ cut=36693.35, balance=0.7131, time=0.83s
[2025-12-04 08:31:57] 
  Running METIS baseline...
[2025-12-04 08:31:57]   METIS baseline: cut=31846.33, balance=0.6548, time=0.05s
[2025-12-04 08:31:57]   METIS weights: min=1121.79, max=1713.11, avg=1345.83, std=144.56
[2025-12-04 08:31:57]   → Quantum vs METIS: cut improvement = -15.06%
[2025-12-04 08:31:57] 
  → Aggregate: cut=36642.25±89.08, balance=0.6385, time=0.85±0.01s

================================================================================
[2025-12-04 08:31:57] [188/900] Testing configuration:
  k_target: 32
  coarsen_limit: 80
  balance_weight: 0.7
  num_reads: 400
================================================================================
[2025-12-04 08:31:58]   Trial 1/3: ✓ cut=36895.12, balance=0.6742, time=0.93s
[2025-12-04 08:31:58]   Trial 2/3: ✓ cut=37491.59, balance=0.5760, time=0.94s
[2025-12-04 08:31:59]   Trial 3/3: ✓ cut=35820.16, balance=0.5857, time=0.94s
[2025-12-04 08:31:59] 
  Running METIS baseline...
[2025-12-04 08:31:59]   METIS baseline: cut=31846.33, balance=0.6548, time=0.05s
[2025-12-04 08:31:59]   METIS weights: min=1121.79, max=1713.11, avg=1345.83, std=144.56
[2025-12-04 08:31:59]   → Quantum vs METIS: cut improvement = -15.35%
[2025-12-04 08:31:59] 
  → Aggregate: cut=36735.62±691.61, balance=0.6120, time=0.94±0.00s

================================================================================
[2025-12-04 08:32:00] [189/900] Testing configuration:
  k_target: 32
  coarsen_limit: 80
  balance_weight: 0.7
  num_reads: 450
================================================================================
[2025-12-04 08:32:01]   Trial 1/3: ✓ cut=36248.50, balance=0.6741, time=1.06s
[2025-12-04 08:32:02]   Trial 2/3: ✓ cut=36134.62, balance=0.5368, time=1.12s
[2025-12-04 08:32:03]   Trial 3/3: ✓ cut=36172.65, balance=0.5955, time=1.18s
[2025-12-04 08:32:03] 
  Running METIS baseline...
[2025-12-04 08:32:03]   METIS baseline: cut=31846.33, balance=0.6548, time=0.05s
[2025-12-04 08:32:03]   METIS weights: min=1121.79, max=1713.11, avg=1345.83, std=144.56
[2025-12-04 08:32:03]   → Quantum vs METIS: cut improvement = -13.62%
[2025-12-04 08:32:03] 
  → Aggregate: cut=36185.26±47.34, balance=0.6021, time=1.12±0.05s

================================================================================
[2025-12-04 08:32:03] [190/900] Testing configuration:
  k_target: 32
  coarsen_limit: 80
  balance_weight: 0.7
  num_reads: 500
================================================================================
[2025-12-04 08:32:04]   Trial 1/3: ✓ cut=37082.19, balance=0.5454, time=1.20s
[2025-12-04 08:32:05]   Trial 2/3: ✓ cut=36103.18, balance=0.5760, time=1.25s
[2025-12-04 08:32:07]   Trial 3/3: ✓ cut=36410.30, balance=0.5169, time=1.22s
[2025-12-04 08:32:07] 
  Running METIS baseline...
[2025-12-04 08:32:07]   METIS baseline: cut=31846.33, balance=0.6548, time=0.05s
[2025-12-04 08:32:07]   METIS weights: min=1121.79, max=1713.11, avg=1345.83, std=144.56
[2025-12-04 08:32:07]   → Quantum vs METIS: cut improvement = -14.71%
[2025-12-04 08:32:07] 
  → Aggregate: cut=36531.89±408.82, balance=0.5461, time=1.23±0.02s

================================================================================
[2025-12-04 08:32:07] [191/900] Testing configuration:
  k_target: 32
  coarsen_limit: 80
  balance_weight: 0.9
  num_reads: 50
================================================================================
[2025-12-04 08:32:07]   Trial 1/3: ✓ cut=37337.44, balance=0.5483, time=0.21s
[2025-12-04 08:32:07]   Trial 2/3: ✓ cut=37696.46, balance=0.5494, time=0.22s
[2025-12-04 08:32:07]   Trial 3/3: ✓ cut=36935.48, balance=0.5483, time=0.22s
[2025-12-04 08:32:07] 
  Running METIS baseline...
[2025-12-04 08:32:07]   METIS baseline: cut=31846.33, balance=0.6548, time=0.05s
[2025-12-04 08:32:07]   METIS weights: min=1121.79, max=1713.11, avg=1345.83, std=144.56
[2025-12-04 08:32:07]   → Quantum vs METIS: cut improvement = -17.20%
[2025-12-04 08:32:07] 
  → Aggregate: cut=37323.12±310.83, balance=0.5487, time=0.22±0.00s

================================================================================
[2025-12-04 08:32:07] [192/900] Testing configuration:
  k_target: 32
  coarsen_limit: 80
  balance_weight: 0.9
  num_reads: 100
================================================================================
[2025-12-04 08:32:08]   Trial 1/3: ✓ cut=36262.67, balance=0.5955, time=0.33s
[2025-12-04 08:32:08]   Trial 2/3: ✓ cut=36504.75, balance=0.5945, time=0.33s
[2025-12-04 08:32:08]   Trial 3/3: ✓ cut=37842.85, balance=0.5580, time=0.33s
[2025-12-04 08:32:08] 
  Running METIS baseline...
[2025-12-04 08:32:09]   METIS baseline: cut=31846.33, balance=0.6548, time=0.05s
[2025-12-04 08:32:09]   METIS weights: min=1121.79, max=1713.11, avg=1345.83, std=144.56
[2025-12-04 08:32:09]   → Quantum vs METIS: cut improvement = -15.78%
[2025-12-04 08:32:09] 
  → Aggregate: cut=36870.09±694.91, balance=0.5827, time=0.33±0.00s

================================================================================
[2025-12-04 08:32:09] [193/900] Testing configuration:
  k_target: 32
  coarsen_limit: 80
  balance_weight: 0.9
  num_reads: 150
================================================================================
[2025-12-04 08:32:09]   Trial 1/3: ✓ cut=36106.62, balance=0.5836, time=0.46s
[2025-12-04 08:32:09]   Trial 2/3: ✓ cut=37083.62, balance=0.5565, time=0.44s
[2025-12-04 08:32:10]   Trial 3/3: ✓ cut=36822.03, balance=0.5921, time=0.45s
[2025-12-04 08:32:10] 
  Running METIS baseline...
[2025-12-04 08:32:10]   METIS baseline: cut=31846.33, balance=0.6548, time=0.05s
[2025-12-04 08:32:10]   METIS weights: min=1121.79, max=1713.11, avg=1345.83, std=144.56
[2025-12-04 08:32:10]   → Quantum vs METIS: cut improvement = -15.15%
[2025-12-04 08:32:10] 
  → Aggregate: cut=36670.76±412.95, balance=0.5774, time=0.45±0.01s

================================================================================
[2025-12-04 08:32:10] [194/900] Testing configuration:
  k_target: 32
  coarsen_limit: 80
  balance_weight: 0.9
  num_reads: 200
================================================================================
[2025-12-04 08:32:11]   Trial 1/3: ✓ cut=37148.17, balance=0.5797, time=0.55s
[2025-12-04 08:32:11]   Trial 2/3: ✓ cut=36710.27, balance=0.5373, time=0.63s
[2025-12-04 08:32:12]   Trial 3/3: ✓ cut=36713.40, balance=0.7492, time=0.52s
[2025-12-04 08:32:12] 
  Running METIS baseline...
[2025-12-04 08:32:12]   METIS baseline: cut=31846.33, balance=0.6548, time=0.05s
[2025-12-04 08:32:12]   METIS weights: min=1121.79, max=1713.11, avg=1345.83, std=144.56
[2025-12-04 08:32:12]   → Quantum vs METIS: cut improvement = -15.73%
[2025-12-04 08:32:12] 
  → Aggregate: cut=36857.28±205.69, balance=0.6221, time=0.57±0.05s

================================================================================
[2025-12-04 08:32:12] [195/900] Testing configuration:
  k_target: 32
  coarsen_limit: 80
  balance_weight: 0.9
  num_reads: 250
================================================================================
[2025-12-04 08:32:12]   Trial 1/3: ✓ cut=36307.63, balance=0.6140, time=0.62s
[2025-12-04 08:32:13]   Trial 2/3: ✓ cut=36810.37, balance=0.5792, time=0.63s
[2025-12-04 08:32:14]   Trial 3/3: ✓ cut=36577.23, balance=0.5876, time=0.64s
[2025-12-04 08:32:14] 
  Running METIS baseline...
[2025-12-04 08:32:14]   METIS baseline: cut=31846.33, balance=0.6548, time=0.05s
[2025-12-04 08:32:14]   METIS weights: min=1121.79, max=1713.11, avg=1345.83, std=144.56
[2025-12-04 08:32:14]   → Quantum vs METIS: cut improvement = -14.82%
[2025-12-04 08:32:14] 
  → Aggregate: cut=36565.07±205.42, balance=0.5936, time=0.63±0.01s

================================================================================
[2025-12-04 08:32:14] [196/900] Testing configuration:
  k_target: 32
  coarsen_limit: 80
  balance_weight: 0.9
  num_reads: 300
================================================================================
[2025-12-04 08:32:15]   Trial 1/3: ✓ cut=36183.15, balance=0.5876, time=0.73s
[2025-12-04 08:32:15]   Trial 2/3: ✓ cut=36129.41, balance=0.5918, time=0.74s
[2025-12-04 08:32:16]   Trial 3/3: ✓ cut=37183.47, balance=0.5995, time=0.74s
[2025-12-04 08:32:16] 
  Running METIS baseline...
[2025-12-04 08:32:16]   METIS baseline: cut=31846.33, balance=0.6548, time=0.05s
[2025-12-04 08:32:16]   METIS weights: min=1121.79, max=1713.11, avg=1345.83, std=144.56
[2025-12-04 08:32:16]   → Quantum vs METIS: cut improvement = -14.61%
[2025-12-04 08:32:16] 
  → Aggregate: cut=36498.68±484.72, balance=0.5930, time=0.74±0.00s

================================================================================
[2025-12-04 08:32:16] [197/900] Testing configuration:
  k_target: 32
  coarsen_limit: 80
  balance_weight: 0.9
  num_reads: 350
================================================================================
[2025-12-04 08:32:17]   Trial 1/3: ✓ cut=37091.90, balance=0.5876, time=0.84s
[2025-12-04 08:32:18]   Trial 2/3: ✓ cut=36082.68, balance=0.5677, time=0.83s
[2025-12-04 08:32:19]   Trial 3/3: ✓ cut=37104.09, balance=0.7499, time=0.83s
[2025-12-04 08:32:19] 
  Running METIS baseline...
[2025-12-04 08:32:19]   METIS baseline: cut=31846.33, balance=0.6548, time=0.05s
[2025-12-04 08:32:19]   METIS weights: min=1121.79, max=1713.11, avg=1345.83, std=144.56
[2025-12-04 08:32:19]   → Quantum vs METIS: cut improvement = -15.43%
[2025-12-04 08:32:19] 
  → Aggregate: cut=36759.56±478.65, balance=0.6351, time=0.83±0.00s

================================================================================
[2025-12-04 08:32:19] [198/900] Testing configuration:
  k_target: 32
  coarsen_limit: 80
  balance_weight: 0.9
  num_reads: 400
================================================================================
[2025-12-04 08:32:20]   Trial 1/3: ✓ cut=36836.56, balance=0.5903, time=0.95s
[2025-12-04 08:32:21]   Trial 2/3: ✓ cut=37040.87, balance=0.5786, time=0.93s
[2025-12-04 08:32:21]   Trial 3/3: ✓ cut=36416.14, balance=0.5945, time=0.93s
[2025-12-04 08:32:21] 
  Running METIS baseline...
[2025-12-04 08:32:22]   METIS baseline: cut=31846.33, balance=0.6548, time=0.05s
[2025-12-04 08:32:22]   METIS weights: min=1121.79, max=1713.11, avg=1345.83, std=144.56
[2025-12-04 08:32:22]   → Quantum vs METIS: cut improvement = -15.44%
[2025-12-04 08:32:22] 
  → Aggregate: cut=36764.52±260.08, balance=0.5878, time=0.94±0.01s

================================================================================
[2025-12-04 08:32:22] [199/900] Testing configuration:
  k_target: 32
  coarsen_limit: 80
  balance_weight: 0.9
  num_reads: 450
================================================================================
[2025-12-04 08:32:23]   Trial 1/3: ✓ cut=36962.02, balance=0.5598, time=1.13s
[2025-12-04 08:32:24]   Trial 2/3: ✓ cut=37721.62, balance=0.5767, time=1.05s
[2025-12-04 08:32:25]   Trial 3/3: ✓ cut=37279.61, balance=0.7582, time=1.06s
[2025-12-04 08:32:25] 
  Running METIS baseline...
[2025-12-04 08:32:25]   METIS baseline: cut=31846.33, balance=0.6548, time=0.05s
[2025-12-04 08:32:25]   METIS weights: min=1121.79, max=1713.11, avg=1345.83, std=144.56
[2025-12-04 08:32:25]   → Quantum vs METIS: cut improvement = -17.19%
[2025-12-04 08:32:25] 
  → Aggregate: cut=37321.08±311.49, balance=0.6316, time=1.08±0.04s

================================================================================
[2025-12-04 08:32:25] [200/900] Testing configuration:
  k_target: 32
  coarsen_limit: 80
  balance_weight: 0.9
  num_reads: 500
================================================================================
[2025-12-04 08:32:26]   Trial 1/3: ✓ cut=36267.25, balance=0.5479, time=1.14s
[2025-12-04 08:32:27]   Trial 2/3: ✓ cut=36791.02, balance=0.5590, time=1.15s
[2025-12-04 08:32:28]   Trial 3/3: ✓ cut=36334.51, balance=0.6613, time=1.16s
[2025-12-04 08:32:28] 
  Running METIS baseline...
[2025-12-04 08:32:28]   METIS baseline: cut=31846.33, balance=0.6548, time=0.05s
[2025-12-04 08:32:28]   METIS weights: min=1121.79, max=1713.11, avg=1345.83, std=144.56
[2025-12-04 08:32:28]   → Quantum vs METIS: cut improvement = -14.50%
[2025-12-04 08:32:28] 
  → Aggregate: cut=36464.26±232.68, balance=0.5894, time=1.15±0.01s

================================================================================
[2025-12-04 08:32:28] [201/900] Testing configuration:
  k_target: 32
  coarsen_limit: 80
  balance_weight: 1.1
  num_reads: 50
================================================================================
[2025-12-04 08:32:29]   Trial 1/3: ✓ cut=37717.00, balance=0.5923, time=0.20s
[2025-12-04 08:32:29]   Trial 2/3: ✓ cut=37589.03, balance=0.5654, time=0.21s
[2025-12-04 08:32:29]   Trial 3/3: ✓ cut=37116.57, balance=0.5828, time=0.20s
[2025-12-04 08:32:29] 
  Running METIS baseline...
[2025-12-04 08:32:29]   METIS baseline: cut=31846.33, balance=0.6548, time=0.05s
[2025-12-04 08:32:29]   METIS weights: min=1121.79, max=1713.11, avg=1345.83, std=144.56
[2025-12-04 08:32:29]   → Quantum vs METIS: cut improvement = -17.67%
[2025-12-04 08:32:29] 
  → Aggregate: cut=37474.20±258.22, balance=0.5801, time=0.21±0.00s

================================================================================
[2025-12-04 08:32:29] [202/900] Testing configuration:
  k_target: 32
  coarsen_limit: 80
  balance_weight: 1.1
  num_reads: 100
================================================================================
[2025-12-04 08:32:29]   Trial 1/3: ✓ cut=36913.95, balance=0.7474, time=0.31s
[2025-12-04 08:32:30]   Trial 2/3: ✓ cut=37293.78, balance=0.5501, time=0.31s
[2025-12-04 08:32:30]   Trial 3/3: ✓ cut=37359.74, balance=0.6260, time=0.31s
[2025-12-04 08:32:30] 
  Running METIS baseline...
[2025-12-04 08:32:30]   METIS baseline: cut=31846.33, balance=0.6548, time=0.05s
[2025-12-04 08:32:30]   METIS weights: min=1121.79, max=1713.11, avg=1345.83, std=144.56
[2025-12-04 08:32:30]   → Quantum vs METIS: cut improvement = -16.78%
[2025-12-04 08:32:30] 
  → Aggregate: cut=37189.15±196.46, balance=0.6412, time=0.31±0.00s

================================================================================
[2025-12-04 08:32:30] [203/900] Testing configuration:
  k_target: 32
  coarsen_limit: 80
  balance_weight: 1.1
  num_reads: 150
================================================================================
[2025-12-04 08:32:31]   Trial 1/3: ✓ cut=36408.71, balance=0.5996, time=0.41s
[2025-12-04 08:32:31]   Trial 2/3: ✓ cut=37698.79, balance=0.7538, time=0.41s
[2025-12-04 08:32:31]   Trial 3/3: ✓ cut=37254.98, balance=0.5836, time=0.41s
[2025-12-04 08:32:31] 
  Running METIS baseline...
[2025-12-04 08:32:32]   METIS baseline: cut=31846.33, balance=0.6548, time=0.13s
[2025-12-04 08:32:32]   METIS weights: min=1121.79, max=1713.11, avg=1345.83, std=144.56
[2025-12-04 08:32:32]   → Quantum vs METIS: cut improvement = -16.56%
[2025-12-04 08:32:32] 
  → Aggregate: cut=37120.83±535.15, balance=0.6457, time=0.41±0.00s

================================================================================
[2025-12-04 08:32:32] [204/900] Testing configuration:
  k_target: 32
  coarsen_limit: 80
  balance_weight: 1.1
  num_reads: 200
================================================================================
[2025-12-04 08:32:32]   Trial 1/3: ✓ cut=37463.71, balance=0.7294, time=0.51s
[2025-12-04 08:32:33]   Trial 2/3: ✓ cut=37696.28, balance=0.5673, time=0.53s
[2025-12-04 08:32:33]   Trial 3/3: ✓ cut=36749.53, balance=0.5200, time=0.53s
[2025-12-04 08:32:33] 
  Running METIS baseline...
[2025-12-04 08:32:33]   METIS baseline: cut=31846.33, balance=0.6548, time=0.05s
[2025-12-04 08:32:33]   METIS weights: min=1121.79, max=1713.11, avg=1345.83, std=144.56
[2025-12-04 08:32:33]   → Quantum vs METIS: cut improvement = -17.13%
[2025-12-04 08:32:33] 
  → Aggregate: cut=37303.17±402.84, balance=0.6056, time=0.52±0.01s

================================================================================
[2025-12-04 08:32:33] [205/900] Testing configuration:
  k_target: 32
  coarsen_limit: 80
  balance_weight: 1.1
  num_reads: 250
================================================================================
[2025-12-04 08:32:34]   Trial 1/3: ✓ cut=37608.53, balance=0.6531, time=0.62s
[2025-12-04 08:32:34]   Trial 2/3: ✓ cut=36320.57, balance=0.5786, time=0.62s
[2025-12-04 08:32:35]   Trial 3/3: ✓ cut=37130.20, balance=0.6351, time=0.63s
[2025-12-04 08:32:35] 
  Running METIS baseline...
[2025-12-04 08:32:35]   METIS baseline: cut=31846.33, balance=0.6548, time=0.05s
[2025-12-04 08:32:35]   METIS weights: min=1121.79, max=1713.11, avg=1345.83, std=144.56
[2025-12-04 08:32:35]   → Quantum vs METIS: cut improvement = -16.25%
[2025-12-04 08:32:35] 
  → Aggregate: cut=37019.77±531.57, balance=0.6223, time=0.63±0.01s

================================================================================
[2025-12-04 08:32:35] [206/900] Testing configuration:
  k_target: 32
  coarsen_limit: 80
  balance_weight: 1.1
  num_reads: 300
================================================================================
[2025-12-04 08:32:36]   Trial 1/3: ✓ cut=37277.18, balance=0.5677, time=0.73s
[2025-12-04 08:32:37]   Trial 2/3: ✓ cut=37296.12, balance=0.5662, time=0.73s
[2025-12-04 08:32:37]   Trial 3/3: ✓ cut=37303.55, balance=0.5508, time=0.73s
[2025-12-04 08:32:37] 
  Running METIS baseline...
[2025-12-04 08:32:37]   METIS baseline: cut=31846.33, balance=0.6548, time=0.05s
[2025-12-04 08:32:37]   METIS weights: min=1121.79, max=1713.11, avg=1345.83, std=144.56
[2025-12-04 08:32:37]   → Quantum vs METIS: cut improvement = -17.10%
[2025-12-04 08:32:37] 
  → Aggregate: cut=37292.28±11.10, balance=0.5616, time=0.73±0.00s

================================================================================
[2025-12-04 08:32:37] [207/900] Testing configuration:
  k_target: 32
  coarsen_limit: 80
  balance_weight: 1.1
  num_reads: 350
================================================================================
[2025-12-04 08:32:38]   Trial 1/3: ✓ cut=36665.41, balance=0.7834, time=0.83s
[2025-12-04 08:32:39]   Trial 2/3: ✓ cut=36621.37, balance=0.5856, time=0.84s
[2025-12-04 08:32:40]   Trial 3/3: ✓ cut=36925.24, balance=0.5677, time=0.85s
[2025-12-04 08:32:40] 
  Running METIS baseline...
[2025-12-04 08:32:40]   METIS baseline: cut=31846.33, balance=0.6548, time=0.05s
[2025-12-04 08:32:40]   METIS weights: min=1121.79, max=1713.11, avg=1345.83, std=144.56
[2025-12-04 08:32:40]   → Quantum vs METIS: cut improvement = -15.36%
[2025-12-04 08:32:40] 
  → Aggregate: cut=36737.34±134.07, balance=0.6456, time=0.84±0.01s

================================================================================
[2025-12-04 08:32:40] [208/900] Testing configuration:
  k_target: 32
  coarsen_limit: 80
  balance_weight: 1.1
  num_reads: 400
================================================================================
[2025-12-04 08:32:41]   Trial 1/3: ✓ cut=36777.01, balance=0.5494, time=0.95s
[2025-12-04 08:32:42]   Trial 2/3: ✓ cut=36859.10, balance=0.6813, time=0.94s
[2025-12-04 08:32:43]   Trial 3/3: ✓ cut=37094.02, balance=0.5930, time=0.94s
[2025-12-04 08:32:43] 
  Running METIS baseline...
[2025-12-04 08:32:43]   METIS baseline: cut=31846.33, balance=0.6548, time=0.13s
[2025-12-04 08:32:43]   METIS weights: min=1121.79, max=1713.11, avg=1345.83, std=144.56
[2025-12-04 08:32:43]   → Quantum vs METIS: cut improvement = -15.90%
[2025-12-04 08:32:43] 
  → Aggregate: cut=36910.04±134.34, balance=0.6079, time=0.94±0.00s

================================================================================
[2025-12-04 08:32:43] [209/900] Testing configuration:
  k_target: 32
  coarsen_limit: 80
  balance_weight: 1.1
  num_reads: 450
================================================================================
[2025-12-04 08:32:44]   Trial 1/3: ✓ cut=35825.98, balance=0.5373, time=1.04s
[2025-12-04 08:32:45]   Trial 2/3: ✓ cut=36525.32, balance=0.5169, time=1.04s
[2025-12-04 08:32:46]   Trial 3/3: ✓ cut=36903.13, balance=0.7221, time=1.04s
[2025-12-04 08:32:46] 
  Running METIS baseline...
[2025-12-04 08:32:46]   METIS baseline: cut=31846.33, balance=0.6548, time=0.05s
[2025-12-04 08:32:46]   METIS weights: min=1121.79, max=1713.11, avg=1345.83, std=144.56
[2025-12-04 08:32:46]   → Quantum vs METIS: cut improvement = -14.36%
[2025-12-04 08:32:46] 
  → Aggregate: cut=36418.14±446.23, balance=0.5921, time=1.04±0.00s

================================================================================
[2025-12-04 08:32:46] [210/900] Testing configuration:
  k_target: 32
  coarsen_limit: 80
  balance_weight: 1.1
  num_reads: 500
================================================================================
[2025-12-04 08:32:47]   Trial 1/3: ✓ cut=36372.07, balance=0.6000, time=1.14s
[2025-12-04 08:32:49]   Trial 2/3: ✓ cut=36506.62, balance=0.5876, time=1.14s
[2025-12-04 08:32:50]   Trial 3/3: ✓ cut=37406.66, balance=0.7881, time=1.16s
[2025-12-04 08:32:50] 
  Running METIS baseline...
[2025-12-04 08:32:50]   METIS baseline: cut=31846.33, balance=0.6548, time=0.05s
[2025-12-04 08:32:50]   METIS weights: min=1121.79, max=1713.11, avg=1345.83, std=144.56
[2025-12-04 08:32:50]   → Quantum vs METIS: cut improvement = -15.43%
[2025-12-04 08:32:50] 
  → Aggregate: cut=36761.78±459.29, balance=0.6585, time=1.15±0.01s

================================================================================
[2025-12-04 08:32:50] [211/900] Testing configuration:
  k_target: 32
  coarsen_limit: 80
  balance_weight: 1.3
  num_reads: 50
================================================================================
[2025-12-04 08:32:50]   Trial 1/3: ✓ cut=37586.50, balance=0.5563, time=0.20s
[2025-12-04 08:32:50]   Trial 2/3: ✓ cut=37863.01, balance=0.5350, time=0.20s
[2025-12-04 08:32:50]   Trial 3/3: ✓ cut=36701.16, balance=0.5454, time=0.20s
[2025-12-04 08:32:50] 
  Running METIS baseline...
[2025-12-04 08:32:50]   METIS baseline: cut=31846.33, balance=0.6548, time=0.05s
[2025-12-04 08:32:50]   METIS weights: min=1121.79, max=1713.11, avg=1345.83, std=144.56
[2025-12-04 08:32:50]   → Quantum vs METIS: cut improvement = -17.39%
[2025-12-04 08:32:50] 
  → Aggregate: cut=37383.56±495.56, balance=0.5456, time=0.20±0.00s

================================================================================
[2025-12-04 08:32:51] [212/900] Testing configuration:
  k_target: 32
  coarsen_limit: 80
  balance_weight: 1.3
  num_reads: 100
================================================================================
[2025-12-04 08:32:51]   Trial 1/3: ✓ cut=37161.89, balance=0.5928, time=0.30s
[2025-12-04 08:32:51]   Trial 2/3: ✓ cut=37002.68, balance=0.5523, time=0.31s
[2025-12-04 08:32:51]   Trial 3/3: ✓ cut=36234.19, balance=0.5677, time=0.30s
[2025-12-04 08:32:51] 
  Running METIS baseline...
[2025-12-04 08:32:51]   METIS baseline: cut=31846.33, balance=0.6548, time=0.05s
[2025-12-04 08:32:51]   METIS weights: min=1121.79, max=1713.11, avg=1345.83, std=144.56
[2025-12-04 08:32:51]   → Quantum vs METIS: cut improvement = -15.55%
[2025-12-04 08:32:51] 
  → Aggregate: cut=36799.59±405.04, balance=0.5709, time=0.31±0.00s

================================================================================
[2025-12-04 08:32:52] [213/900] Testing configuration:
  k_target: 32
  coarsen_limit: 80
  balance_weight: 1.3
  num_reads: 150
================================================================================
[2025-12-04 08:32:52]   Trial 1/3: ✓ cut=37051.05, balance=0.5708, time=0.41s
[2025-12-04 08:32:52]   Trial 2/3: ✓ cut=37269.54, balance=0.5930, time=0.41s
[2025-12-04 08:32:53]   Trial 3/3: ✓ cut=37560.04, balance=0.5588, time=0.42s
[2025-12-04 08:32:53] 
  Running METIS baseline...
[2025-12-04 08:32:53]   METIS baseline: cut=31846.33, balance=0.6548, time=0.13s
[2025-12-04 08:32:53]   METIS weights: min=1121.79, max=1713.11, avg=1345.83, std=144.56
[2025-12-04 08:32:53]   → Quantum vs METIS: cut improvement = -17.10%
[2025-12-04 08:32:53] 
  → Aggregate: cut=37293.54±208.49, balance=0.5742, time=0.41±0.00s

================================================================================
[2025-12-04 08:32:53] [214/900] Testing configuration:
  k_target: 32
  coarsen_limit: 80
  balance_weight: 1.3
  num_reads: 200
================================================================================
[2025-12-04 08:32:53]   Trial 1/3: ✓ cut=37417.61, balance=0.6780, time=0.52s
[2025-12-04 08:32:54]   Trial 2/3: ✓ cut=35999.74, balance=0.5412, time=0.52s
[2025-12-04 08:32:55]   Trial 3/3: ✓ cut=36707.24, balance=0.5643, time=0.53s
[2025-12-04 08:32:55] 
  Running METIS baseline...
[2025-12-04 08:32:55]   METIS baseline: cut=31846.33, balance=0.6548, time=0.05s
[2025-12-04 08:32:55]   METIS weights: min=1121.79, max=1713.11, avg=1345.83, std=144.56
[2025-12-04 08:32:55]   → Quantum vs METIS: cut improvement = -15.27%
[2025-12-04 08:32:55] 
  → Aggregate: cut=36708.20±578.84, balance=0.5945, time=0.52±0.01s

================================================================================
[2025-12-04 08:32:55] [215/900] Testing configuration:
  k_target: 32
  coarsen_limit: 80
  balance_weight: 1.3
  num_reads: 250
================================================================================
[2025-12-04 08:32:55]   Trial 1/3: ✓ cut=37148.56, balance=0.6012, time=0.64s
[2025-12-04 08:32:56]   Trial 2/3: ✓ cut=36867.51, balance=0.5930, time=0.62s
[2025-12-04 08:32:56]   Trial 3/3: ✓ cut=37779.71, balance=0.7626, time=0.62s
[2025-12-04 08:32:56] 
  Running METIS baseline...
[2025-12-04 08:32:57]   METIS baseline: cut=31846.33, balance=0.6548, time=0.05s
[2025-12-04 08:32:57]   METIS weights: min=1121.79, max=1713.11, avg=1345.83, std=144.56
[2025-12-04 08:32:57]   → Quantum vs METIS: cut improvement = -17.02%
[2025-12-04 08:32:57] 
  → Aggregate: cut=37265.26±381.44, balance=0.6523, time=0.63±0.01s

================================================================================
[2025-12-04 08:32:57] [216/900] Testing configuration:
  k_target: 32
  coarsen_limit: 80
  balance_weight: 1.3
  num_reads: 300
================================================================================
[2025-12-04 08:32:57]   Trial 1/3: ✓ cut=36614.86, balance=0.6104, time=0.72s
[2025-12-04 08:32:58]   Trial 2/3: ✓ cut=36888.34, balance=0.6537, time=0.72s
[2025-12-04 08:32:59]   Trial 3/3: ✓ cut=37754.23, balance=0.5786, time=0.73s
[2025-12-04 08:32:59] 
  Running METIS baseline...
[2025-12-04 08:32:59]   METIS baseline: cut=31846.33, balance=0.6548, time=0.05s
[2025-12-04 08:32:59]   METIS weights: min=1121.79, max=1713.11, avg=1345.83, std=144.56
[2025-12-04 08:32:59]   → Quantum vs METIS: cut improvement = -16.45%
[2025-12-04 08:32:59] 
  → Aggregate: cut=37085.81±485.65, balance=0.6142, time=0.72±0.00s

================================================================================
[2025-12-04 08:32:59] [217/900] Testing configuration:
  k_target: 32
  coarsen_limit: 80
  balance_weight: 1.3
  num_reads: 350
================================================================================
[2025-12-04 08:33:00]   Trial 1/3: ✓ cut=36431.14, balance=0.5860, time=0.84s
[2025-12-04 08:33:00]   Trial 2/3: ✓ cut=37447.49, balance=0.5711, time=0.84s
[2025-12-04 08:33:01]   Trial 3/3: ✓ cut=37220.08, balance=0.5416, time=0.91s
[2025-12-04 08:33:01] 
  Running METIS baseline...
[2025-12-04 08:33:01]   METIS baseline: cut=31846.33, balance=0.6548, time=0.05s
[2025-12-04 08:33:01]   METIS weights: min=1121.79, max=1713.11, avg=1345.83, std=144.56
[2025-12-04 08:33:01]   → Quantum vs METIS: cut improvement = -16.29%
[2025-12-04 08:33:01] 
  → Aggregate: cut=37032.90±435.52, balance=0.5663, time=0.86±0.03s

================================================================================
[2025-12-04 08:33:01] [218/900] Testing configuration:
  k_target: 32
  coarsen_limit: 80
  balance_weight: 1.3
  num_reads: 400
================================================================================
[2025-12-04 08:33:02]   Trial 1/3: ✓ cut=36517.16, balance=0.5713, time=0.95s
[2025-12-04 08:33:03]   Trial 2/3: ✓ cut=36422.15, balance=0.6181, time=0.98s
[2025-12-04 08:33:05]   Trial 3/3: ✓ cut=36301.82, balance=0.5876, time=1.07s
[2025-12-04 08:33:05] 
  Running METIS baseline...
[2025-12-04 08:33:05]   METIS baseline: cut=31846.33, balance=0.6548, time=0.05s
[2025-12-04 08:33:05]   METIS weights: min=1121.79, max=1713.11, avg=1345.83, std=144.56
[2025-12-04 08:33:05]   → Quantum vs METIS: cut improvement = -14.34%
[2025-12-04 08:33:05] 
  → Aggregate: cut=36413.71±88.11, balance=0.5923, time=1.00±0.05s

================================================================================
[2025-12-04 08:33:05] [219/900] Testing configuration:
  k_target: 32
  coarsen_limit: 80
  balance_weight: 1.3
  num_reads: 450
================================================================================
[2025-12-04 08:33:06]   Trial 1/3: ✓ cut=36615.21, balance=0.5876, time=1.09s
[2025-12-04 08:33:07]   Trial 2/3: ✓ cut=36561.63, balance=0.5930, time=1.04s
[2025-12-04 08:33:08]   Trial 3/3: ✓ cut=36629.29, balance=0.5692, time=1.11s
[2025-12-04 08:33:08] 
  Running METIS baseline...
[2025-12-04 08:33:08]   METIS baseline: cut=31846.33, balance=0.6548, time=0.05s
[2025-12-04 08:33:08]   METIS weights: min=1121.79, max=1713.11, avg=1345.83, std=144.56
[2025-12-04 08:33:08]   → Quantum vs METIS: cut improvement = -14.93%
[2025-12-04 08:33:08] 
  → Aggregate: cut=36602.05±29.15, balance=0.5833, time=1.08±0.03s

================================================================================
[2025-12-04 08:33:08] [220/900] Testing configuration:
  k_target: 32
  coarsen_limit: 80
  balance_weight: 1.3
  num_reads: 500
================================================================================
[2025-12-04 08:33:09]   Trial 1/3: ✓ cut=36114.76, balance=0.5692, time=1.24s
[2025-12-04 08:33:10]   Trial 2/3: ✓ cut=36740.43, balance=0.5836, time=1.21s
[2025-12-04 08:33:12]   Trial 3/3: ✓ cut=37063.65, balance=0.5252, time=1.18s
[2025-12-04 08:33:12] 
  Running METIS baseline...
[2025-12-04 08:33:12]   METIS baseline: cut=31846.33, balance=0.6548, time=0.05s
[2025-12-04 08:33:12]   METIS weights: min=1121.79, max=1713.11, avg=1345.83, std=144.56
[2025-12-04 08:33:12]   → Quantum vs METIS: cut improvement = -15.05%
[2025-12-04 08:33:12] 
  → Aggregate: cut=36639.61±393.89, balance=0.5593, time=1.21±0.03s

================================================================================
[2025-12-04 08:33:12] [221/900] Testing configuration:
  k_target: 32
  coarsen_limit: 80
  balance_weight: 1.5
  num_reads: 50
================================================================================
[2025-12-04 08:33:12]   Trial 1/3: ✓ cut=37336.29, balance=0.5000, time=0.21s
[2025-12-04 08:33:12]   Trial 2/3: ✓ cut=35830.22, balance=0.5692, time=0.20s
[2025-12-04 08:33:12]   Trial 3/3: ✓ cut=36796.49, balance=0.5876, time=0.20s
[2025-12-04 08:33:12] 
  Running METIS baseline...
[2025-12-04 08:33:12]   METIS baseline: cut=31846.33, balance=0.6548, time=0.05s
[2025-12-04 08:33:12]   METIS weights: min=1121.79, max=1713.11, avg=1345.83, std=144.56
[2025-12-04 08:33:12]   → Quantum vs METIS: cut improvement = -15.10%
[2025-12-04 08:33:12] 
  → Aggregate: cut=36654.34±623.01, balance=0.5523, time=0.20±0.00s

================================================================================
[2025-12-04 08:33:12] [222/900] Testing configuration:
  k_target: 32
  coarsen_limit: 80
  balance_weight: 1.5
  num_reads: 100
================================================================================
[2025-12-04 08:33:13]   Trial 1/3: ✓ cut=37083.53, balance=0.5588, time=0.31s
[2025-12-04 08:33:13]   Trial 2/3: ✓ cut=37263.97, balance=0.5954, time=0.31s
[2025-12-04 08:33:13]   Trial 3/3: ✓ cut=36707.87, balance=0.5860, time=0.31s
[2025-12-04 08:33:13] 
  Running METIS baseline...
[2025-12-04 08:33:13]   METIS baseline: cut=31846.33, balance=0.6548, time=0.05s
[2025-12-04 08:33:13]   METIS weights: min=1121.79, max=1713.11, avg=1345.83, std=144.56
[2025-12-04 08:33:13]   → Quantum vs METIS: cut improvement = -16.24%
[2025-12-04 08:33:13] 
  → Aggregate: cut=37018.46±231.64, balance=0.5801, time=0.31±0.00s

================================================================================
[2025-12-04 08:33:13] [223/900] Testing configuration:
  k_target: 32
  coarsen_limit: 80
  balance_weight: 1.5
  num_reads: 150
================================================================================
[2025-12-04 08:33:14]   Trial 1/3: ✓ cut=37705.46, balance=0.5501, time=0.42s
[2025-12-04 08:33:14]   Trial 2/3: ✓ cut=37403.82, balance=0.5728, time=0.41s
[2025-12-04 08:33:15]   Trial 3/3: ✓ cut=37496.39, balance=0.5091, time=0.51s
[2025-12-04 08:33:15] 
  Running METIS baseline...
[2025-12-04 08:33:15]   METIS baseline: cut=31846.33, balance=0.6548, time=0.05s
[2025-12-04 08:33:15]   METIS weights: min=1121.79, max=1713.11, avg=1345.83, std=144.56
[2025-12-04 08:33:15]   → Quantum vs METIS: cut improvement = -17.86%
[2025-12-04 08:33:15] 
  → Aggregate: cut=37535.22±126.17, balance=0.5440, time=0.45±0.04s

================================================================================
[2025-12-04 08:33:15] [224/900] Testing configuration:
  k_target: 32
  coarsen_limit: 80
  balance_weight: 1.5
  num_reads: 200
================================================================================
[2025-12-04 08:33:15]   Trial 1/3: ✓ cut=37564.64, balance=0.5660, time=0.53s
[2025-12-04 08:33:16]   Trial 2/3: ✓ cut=37248.19, balance=0.6876, time=0.52s
[2025-12-04 08:33:16]   Trial 3/3: ✓ cut=37925.07, balance=0.5951, time=0.51s
[2025-12-04 08:33:16] 
  Running METIS baseline...
[2025-12-04 08:33:16]   METIS baseline: cut=31846.33, balance=0.6548, time=0.05s
[2025-12-04 08:33:16]   METIS weights: min=1121.79, max=1713.11, avg=1345.83, std=144.56
[2025-12-04 08:33:16]   → Quantum vs METIS: cut improvement = -18.00%
[2025-12-04 08:33:16] 
  → Aggregate: cut=37579.30±276.53, balance=0.6163, time=0.52±0.01s

================================================================================
[2025-12-04 08:33:16] [225/900] Testing configuration:
  k_target: 32
  coarsen_limit: 80
  balance_weight: 1.5
  num_reads: 250
================================================================================
[2025-12-04 08:33:17]   Trial 1/3: ✓ cut=35863.13, balance=0.6047, time=0.61s
[2025-12-04 08:33:18]   Trial 2/3: ✓ cut=37452.73, balance=0.5944, time=0.62s
[2025-12-04 08:33:18]   Trial 3/3: ✓ cut=37267.75, balance=0.5643, time=0.62s
[2025-12-04 08:33:18] 
  Running METIS baseline...
[2025-12-04 08:33:18]   METIS baseline: cut=31846.33, balance=0.6548, time=0.05s
[2025-12-04 08:33:18]   METIS weights: min=1121.79, max=1713.11, avg=1345.83, std=144.56
[2025-12-04 08:33:18]   → Quantum vs METIS: cut improvement = -15.75%
[2025-12-04 08:33:18] 
  → Aggregate: cut=36861.20±709.77, balance=0.5878, time=0.62±0.00s

================================================================================
[2025-12-04 08:33:18] [226/900] Testing configuration:
  k_target: 32
  coarsen_limit: 80
  balance_weight: 1.5
  num_reads: 300
================================================================================
[2025-12-04 08:33:19]   Trial 1/3: ✓ cut=36219.92, balance=0.5852, time=0.73s
[2025-12-04 08:33:20]   Trial 2/3: ✓ cut=37038.82, balance=0.5523, time=0.73s
[2025-12-04 08:33:21]   Trial 3/3: ✓ cut=37309.56, balance=0.5705, time=0.73s
[2025-12-04 08:33:21] 
  Running METIS baseline...
[2025-12-04 08:33:21]   METIS baseline: cut=31846.33, balance=0.6548, time=0.05s
[2025-12-04 08:33:21]   METIS weights: min=1121.79, max=1713.11, avg=1345.83, std=144.56
[2025-12-04 08:33:21]   → Quantum vs METIS: cut improvement = -15.73%
[2025-12-04 08:33:21] 
  → Aggregate: cut=36856.10±463.22, balance=0.5693, time=0.73±0.00s

================================================================================
[2025-12-04 08:33:21] [227/900] Testing configuration:
  k_target: 32
  coarsen_limit: 80
  balance_weight: 1.5
  num_reads: 350
================================================================================
[2025-12-04 08:33:21]   Trial 1/3: ✓ cut=36641.19, balance=0.5169, time=0.83s
[2025-12-04 08:33:22]   Trial 2/3: ✓ cut=37452.00, balance=0.6111, time=0.83s
[2025-12-04 08:33:23]   Trial 3/3: ✓ cut=36576.36, balance=0.5897, time=0.84s
[2025-12-04 08:33:23] 
  Running METIS baseline...
[2025-12-04 08:33:23]   METIS baseline: cut=31846.33, balance=0.6548, time=0.05s
[2025-12-04 08:33:23]   METIS weights: min=1121.79, max=1713.11, avg=1345.83, std=144.56
[2025-12-04 08:33:23]   → Quantum vs METIS: cut improvement = -15.84%
[2025-12-04 08:33:23] 
  → Aggregate: cut=36889.85±398.38, balance=0.5725, time=0.84±0.00s

================================================================================
[2025-12-04 08:33:23] [228/900] Testing configuration:
  k_target: 32
  coarsen_limit: 80
  balance_weight: 1.5
  num_reads: 400
================================================================================
[2025-12-04 08:33:24]   Trial 1/3: ✓ cut=36496.27, balance=0.6010, time=0.95s
[2025-12-04 08:33:25]   Trial 2/3: ✓ cut=36727.55, balance=0.6533, time=1.04s
[2025-12-04 08:33:26]   Trial 3/3: ✓ cut=37039.63, balance=0.5930, time=0.94s
[2025-12-04 08:33:26] 
  Running METIS baseline...
[2025-12-04 08:33:26]   METIS baseline: cut=31846.33, balance=0.6548, time=0.05s
[2025-12-04 08:33:26]   METIS weights: min=1121.79, max=1713.11, avg=1345.83, std=144.56
[2025-12-04 08:33:26]   → Quantum vs METIS: cut improvement = -15.41%
[2025-12-04 08:33:26] 
  → Aggregate: cut=36754.48±222.64, balance=0.6158, time=0.98±0.05s

================================================================================
[2025-12-04 08:33:26] [229/900] Testing configuration:
  k_target: 32
  coarsen_limit: 80
  balance_weight: 1.5
  num_reads: 450
================================================================================
[2025-12-04 08:33:27]   Trial 1/3: ✓ cut=36596.98, balance=0.5955, time=1.04s
[2025-12-04 08:33:28]   Trial 2/3: ✓ cut=37520.04, balance=0.7322, time=1.05s
[2025-12-04 08:33:29]   Trial 3/3: ✓ cut=37366.78, balance=0.5692, time=1.04s
[2025-12-04 08:33:29] 
  Running METIS baseline...
[2025-12-04 08:33:29]   METIS baseline: cut=31846.33, balance=0.6548, time=0.05s
[2025-12-04 08:33:29]   METIS weights: min=1121.79, max=1713.11, avg=1345.83, std=144.56
[2025-12-04 08:33:29]   → Quantum vs METIS: cut improvement = -16.69%
[2025-12-04 08:33:29] 
  → Aggregate: cut=37161.27±403.89, balance=0.6323, time=1.04±0.01s

================================================================================
[2025-12-04 08:33:29] [230/900] Testing configuration:
  k_target: 32
  coarsen_limit: 80
  balance_weight: 1.5
  num_reads: 500
================================================================================
[2025-12-04 08:33:31]   Trial 1/3: ✓ cut=35684.09, balance=0.5860, time=1.16s
[2025-12-04 08:33:32]   Trial 2/3: ✓ cut=36865.42, balance=0.5828, time=1.16s
[2025-12-04 08:33:33]   Trial 3/3: ✓ cut=37162.51, balance=0.6057, time=1.16s
[2025-12-04 08:33:33] 
  Running METIS baseline...
[2025-12-04 08:33:33]   METIS baseline: cut=31846.33, balance=0.6548, time=0.05s
[2025-12-04 08:33:33]   METIS weights: min=1121.79, max=1713.11, avg=1345.83, std=144.56
[2025-12-04 08:33:33]   → Quantum vs METIS: cut improvement = -14.83%
[2025-12-04 08:33:33] 
  → Aggregate: cut=36570.68±638.53, balance=0.5915, time=1.16±0.00s

================================================================================
[2025-12-04 08:33:33] [231/900] Testing configuration:
  k_target: 32
  coarsen_limit: 80
  balance_weight: 1.7
  num_reads: 50
================================================================================
[2025-12-04 08:33:33]   Trial 1/3: ✓ cut=36904.68, balance=0.6518, time=0.20s
[2025-12-04 08:33:33]   Trial 2/3: ✓ cut=37256.70, balance=0.5163, time=0.20s
[2025-12-04 08:33:34]   Trial 3/3: ✓ cut=37328.15, balance=0.5828, time=0.20s
[2025-12-04 08:33:34] 
  Running METIS baseline...
[2025-12-04 08:33:34]   METIS baseline: cut=31846.33, balance=0.6548, time=0.05s
[2025-12-04 08:33:34]   METIS weights: min=1121.79, max=1713.11, avg=1345.83, std=144.56
[2025-12-04 08:33:34]   → Quantum vs METIS: cut improvement = -16.70%
[2025-12-04 08:33:34] 
  → Aggregate: cut=37163.18±185.10, balance=0.5836, time=0.20±0.00s

================================================================================
[2025-12-04 08:33:34] [232/900] Testing configuration:
  k_target: 32
  coarsen_limit: 80
  balance_weight: 1.7
  num_reads: 100
================================================================================
[2025-12-04 08:33:34]   Trial 1/3: ✓ cut=37282.17, balance=0.5760, time=0.31s
[2025-12-04 08:33:34]   Trial 2/3: ✓ cut=37084.49, balance=0.5501, time=0.31s
[2025-12-04 08:33:35]   Trial 3/3: ✓ cut=37563.86, balance=0.6444, time=0.31s
[2025-12-04 08:33:35] 
  Running METIS baseline...
[2025-12-04 08:33:35]   METIS baseline: cut=31846.33, balance=0.6548, time=0.05s
[2025-12-04 08:33:35]   METIS weights: min=1121.79, max=1713.11, avg=1345.83, std=144.56
[2025-12-04 08:33:35]   → Quantum vs METIS: cut improvement = -17.16%
[2025-12-04 08:33:35] 
  → Aggregate: cut=37310.17±196.70, balance=0.5902, time=0.31±0.00s

================================================================================
[2025-12-04 08:33:35] [233/900] Testing configuration:
  k_target: 32
  coarsen_limit: 80
  balance_weight: 1.7
  num_reads: 150
================================================================================
[2025-12-04 08:33:35]   Trial 1/3: ✓ cut=37009.90, balance=0.5921, time=0.53s
[2025-12-04 08:33:36]   Trial 2/3: ✓ cut=36980.05, balance=0.5483, time=0.42s
[2025-12-04 08:33:36]   Trial 3/3: ✓ cut=37595.60, balance=0.6713, time=0.41s
[2025-12-04 08:33:36] 
  Running METIS baseline...
[2025-12-04 08:33:36]   METIS baseline: cut=31846.33, balance=0.6548, time=0.05s
[2025-12-04 08:33:36]   METIS weights: min=1121.79, max=1713.11, avg=1345.83, std=144.56
[2025-12-04 08:33:36]   → Quantum vs METIS: cut improvement = -16.80%
[2025-12-04 08:33:36] 
  → Aggregate: cut=37195.18±283.40, balance=0.6039, time=0.45±0.05s

================================================================================
[2025-12-04 08:33:36] [234/900] Testing configuration:
  k_target: 32
  coarsen_limit: 80
  balance_weight: 1.7
  num_reads: 200
================================================================================
[2025-12-04 08:33:37]   Trial 1/3: ✓ cut=37137.75, balance=0.5483, time=0.51s
[2025-12-04 08:33:37]   Trial 2/3: ✓ cut=37212.44, balance=0.5930, time=0.51s
[2025-12-04 08:33:38]   Trial 3/3: ✓ cut=37400.67, balance=0.5975, time=0.51s
[2025-12-04 08:33:38] 
  Running METIS baseline...
[2025-12-04 08:33:38]   METIS baseline: cut=31846.33, balance=0.6548, time=0.05s
[2025-12-04 08:33:38]   METIS weights: min=1121.79, max=1713.11, avg=1345.83, std=144.56
[2025-12-04 08:33:38]   → Quantum vs METIS: cut improvement = -16.97%
[2025-12-04 08:33:38] 
  → Aggregate: cut=37250.29±110.63, balance=0.5796, time=0.51±0.00s

================================================================================
[2025-12-04 08:33:38] [235/900] Testing configuration:
  k_target: 32
  coarsen_limit: 80
  balance_weight: 1.7
  num_reads: 250
================================================================================
[2025-12-04 08:33:38]   Trial 1/3: ✓ cut=37397.66, balance=0.5598, time=0.62s
[2025-12-04 08:33:39]   Trial 2/3: ✓ cut=37730.10, balance=0.6444, time=0.62s
[2025-12-04 08:33:40]   Trial 3/3: ✓ cut=36844.43, balance=0.7579, time=0.64s
[2025-12-04 08:33:40] 
  Running METIS baseline...
[2025-12-04 08:33:40]   METIS baseline: cut=31846.33, balance=0.6548, time=0.05s
[2025-12-04 08:33:40]   METIS weights: min=1121.79, max=1713.11, avg=1345.83, std=144.56
[2025-12-04 08:33:40]   → Quantum vs METIS: cut improvement = -17.20%
[2025-12-04 08:33:40] 
  → Aggregate: cut=37324.06±365.30, balance=0.6541, time=0.63±0.01s

================================================================================
[2025-12-04 08:33:40] [236/900] Testing configuration:
  k_target: 32
  coarsen_limit: 80
  balance_weight: 1.7
  num_reads: 300
================================================================================
[2025-12-04 08:33:40]   Trial 1/3: ✓ cut=36269.97, balance=0.5169, time=0.72s
[2025-12-04 08:33:41]   Trial 2/3: ✓ cut=36677.87, balance=0.7329, time=0.72s
[2025-12-04 08:33:42]   Trial 3/3: ✓ cut=36633.42, balance=0.5595, time=0.72s
[2025-12-04 08:33:42] 
  Running METIS baseline...
[2025-12-04 08:33:42]   METIS baseline: cut=31846.33, balance=0.6548, time=0.05s
[2025-12-04 08:33:42]   METIS weights: min=1121.79, max=1713.11, avg=1345.83, std=144.56
[2025-12-04 08:33:42]   → Quantum vs METIS: cut improvement = -14.70%
[2025-12-04 08:33:42] 
  → Aggregate: cut=36527.09±182.71, balance=0.6031, time=0.72±0.00s

================================================================================
[2025-12-04 08:33:42] [237/900] Testing configuration:
  k_target: 32
  coarsen_limit: 80
  balance_weight: 1.7
  num_reads: 350
================================================================================
[2025-12-04 08:33:43]   Trial 1/3: ✓ cut=36541.62, balance=0.7221, time=0.84s
[2025-12-04 08:33:44]   Trial 2/3: ✓ cut=36685.60, balance=0.7630, time=0.83s
[2025-12-04 08:33:45]   Trial 3/3: ✓ cut=37696.78, balance=0.7542, time=0.83s
[2025-12-04 08:33:45] 
  Running METIS baseline...
[2025-12-04 08:33:45]   METIS baseline: cut=31846.33, balance=0.6548, time=0.13s
[2025-12-04 08:33:45]   METIS weights: min=1121.79, max=1713.11, avg=1345.83, std=144.56
[2025-12-04 08:33:45]   → Quantum vs METIS: cut improvement = -16.10%
[2025-12-04 08:33:45] 
  → Aggregate: cut=36974.67±513.98, balance=0.7464, time=0.83±0.00s

================================================================================
[2025-12-04 08:33:45] [238/900] Testing configuration:
  k_target: 32
  coarsen_limit: 80
  balance_weight: 1.7
  num_reads: 400
================================================================================
[2025-12-04 08:33:46]   Trial 1/3: ✓ cut=36789.14, balance=0.5786, time=0.94s
[2025-12-04 08:33:47]   Trial 2/3: ✓ cut=36942.53, balance=0.5876, time=0.93s
[2025-12-04 08:33:48]   Trial 3/3: ✓ cut=36757.10, balance=0.5459, time=0.93s
[2025-12-04 08:33:48] 
  Running METIS baseline...
[2025-12-04 08:33:48]   METIS baseline: cut=31846.33, balance=0.6548, time=0.05s
[2025-12-04 08:33:48]   METIS weights: min=1121.79, max=1713.11, avg=1345.83, std=144.56
[2025-12-04 08:33:48]   → Quantum vs METIS: cut improvement = -15.65%
[2025-12-04 08:33:48] 
  → Aggregate: cut=36829.59±80.93, balance=0.5707, time=0.93±0.01s

================================================================================
[2025-12-04 08:33:48] [239/900] Testing configuration:
  k_target: 32
  coarsen_limit: 80
  balance_weight: 1.7
  num_reads: 450
================================================================================
[2025-12-04 08:33:49]   Trial 1/3: ✓ cut=37809.51, balance=0.5501, time=1.06s
[2025-12-04 08:33:50]   Trial 2/3: ✓ cut=37257.45, balance=0.5252, time=1.04s
[2025-12-04 08:33:51]   Trial 3/3: ✓ cut=36719.67, balance=0.5596, time=1.05s
[2025-12-04 08:33:51] 
  Running METIS baseline...
[2025-12-04 08:33:51]   METIS baseline: cut=31846.33, balance=0.6548, time=0.05s
[2025-12-04 08:33:51]   METIS weights: min=1121.79, max=1713.11, avg=1345.83, std=144.56
[2025-12-04 08:33:51]   → Quantum vs METIS: cut improvement = -17.01%
[2025-12-04 08:33:51] 
  → Aggregate: cut=37262.21±444.94, balance=0.5450, time=1.05±0.01s

================================================================================
[2025-12-04 08:33:51] [240/900] Testing configuration:
  k_target: 32
  coarsen_limit: 80
  balance_weight: 1.7
  num_reads: 500
================================================================================
[2025-12-04 08:33:52]   Trial 1/3: ✓ cut=37090.07, balance=0.5955, time=1.13s
[2025-12-04 08:33:53]   Trial 2/3: ✓ cut=37410.58, balance=0.5880, time=1.15s
[2025-12-04 08:33:54]   Trial 3/3: ✓ cut=37139.86, balance=0.5497, time=1.16s
[2025-12-04 08:33:54] 
  Running METIS baseline...
[2025-12-04 08:33:54]   METIS baseline: cut=31846.33, balance=0.6548, time=0.05s
[2025-12-04 08:33:54]   METIS weights: min=1121.79, max=1713.11, avg=1345.83, std=144.56
[2025-12-04 08:33:54]   → Quantum vs METIS: cut improvement = -16.85%
[2025-12-04 08:33:54] 
  → Aggregate: cut=37213.51±140.83, balance=0.5777, time=1.15±0.01s

================================================================================
[2025-12-04 08:33:54] [241/900] Testing configuration:
  k_target: 32
  coarsen_limit: 80
  balance_weight: 1.9
  num_reads: 50
================================================================================
[2025-12-04 08:33:55]   Trial 1/3: ✓ cut=37956.96, balance=0.6607, time=0.21s
[2025-12-04 08:33:55]   Trial 2/3: ✓ cut=37555.68, balance=0.5975, time=0.21s
[2025-12-04 08:33:55]   Trial 3/3: ✓ cut=37151.52, balance=0.5386, time=0.21s
[2025-12-04 08:33:55] 
  Running METIS baseline...
[2025-12-04 08:33:55]   METIS baseline: cut=31846.33, balance=0.6548, time=0.05s
[2025-12-04 08:33:55]   METIS weights: min=1121.79, max=1713.11, avg=1345.83, std=144.56
[2025-12-04 08:33:55]   → Quantum vs METIS: cut improvement = -17.92%
[2025-12-04 08:33:55] 
  → Aggregate: cut=37554.72±328.82, balance=0.5989, time=0.21±0.00s

================================================================================
[2025-12-04 08:33:55] [242/900] Testing configuration:
  k_target: 32
  coarsen_limit: 80
  balance_weight: 1.9
  num_reads: 100
================================================================================
[2025-12-04 08:33:55]   Trial 1/3: ✓ cut=37229.93, balance=0.5890, time=0.31s
[2025-12-04 08:33:56]   Trial 2/3: ✓ cut=36936.84, balance=0.5862, time=0.31s
[2025-12-04 08:33:56]   Trial 3/3: ✓ cut=36972.14, balance=0.7484, time=0.39s
[2025-12-04 08:33:56] 
  Running METIS baseline...
[2025-12-04 08:33:56]   METIS baseline: cut=31846.33, balance=0.6548, time=0.05s
[2025-12-04 08:33:56]   METIS weights: min=1121.79, max=1713.11, avg=1345.83, std=144.56
[2025-12-04 08:33:56]   → Quantum vs METIS: cut improvement = -16.33%
[2025-12-04 08:33:56] 
  → Aggregate: cut=37046.30±130.64, balance=0.6412, time=0.33±0.04s

================================================================================
[2025-12-04 08:33:56] [243/900] Testing configuration:
  k_target: 32
  coarsen_limit: 80
  balance_weight: 1.9
  num_reads: 150
================================================================================
[2025-12-04 08:33:57]   Trial 1/3: ✓ cut=37301.49, balance=0.7396, time=0.41s
[2025-12-04 08:33:57]   Trial 2/3: ✓ cut=36634.46, balance=0.6229, time=0.41s
[2025-12-04 08:33:57]   Trial 3/3: ✓ cut=37349.45, balance=0.5677, time=0.41s
[2025-12-04 08:33:57] 
  Running METIS baseline...
[2025-12-04 08:33:57]   METIS baseline: cut=31846.33, balance=0.6548, time=0.05s
[2025-12-04 08:33:57]   METIS weights: min=1121.79, max=1713.11, avg=1345.83, std=144.56
[2025-12-04 08:33:57]   → Quantum vs METIS: cut improvement = -16.48%
[2025-12-04 08:33:57] 
  → Aggregate: cut=37095.13±326.33, balance=0.6434, time=0.41±0.00s

================================================================================
[2025-12-04 08:33:57] [244/900] Testing configuration:
  k_target: 32
  coarsen_limit: 80
  balance_weight: 1.9
  num_reads: 200
================================================================================
[2025-12-04 08:33:58]   Trial 1/3: ✓ cut=37065.46, balance=0.5945, time=0.52s
[2025-12-04 08:33:59]   Trial 2/3: ✓ cut=37037.48, balance=0.5497, time=0.51s
[2025-12-04 08:33:59]   Trial 3/3: ✓ cut=37052.01, balance=0.7410, time=0.51s
[2025-12-04 08:33:59] 
  Running METIS baseline...
[2025-12-04 08:33:59]   METIS baseline: cut=31846.33, balance=0.6548, time=0.05s
[2025-12-04 08:33:59]   METIS weights: min=1121.79, max=1713.11, avg=1345.83, std=144.56
[2025-12-04 08:33:59]   → Quantum vs METIS: cut improvement = -16.35%
[2025-12-04 08:33:59] 
  → Aggregate: cut=37051.65±11.43, balance=0.6284, time=0.51±0.00s

================================================================================
[2025-12-04 08:33:59] [245/900] Testing configuration:
  k_target: 32
  coarsen_limit: 80
  balance_weight: 1.9
  num_reads: 250
================================================================================
[2025-12-04 08:34:00]   Trial 1/3: ✓ cut=37129.75, balance=0.7594, time=0.63s
[2025-12-04 08:34:00]   Trial 2/3: ✓ cut=37685.28, balance=0.5590, time=0.63s
[2025-12-04 08:34:01]   Trial 3/3: ✓ cut=36959.68, balance=0.6074, time=0.65s
[2025-12-04 08:34:01] 
  Running METIS baseline...
[2025-12-04 08:34:01]   METIS baseline: cut=31846.33, balance=0.6548, time=0.06s
[2025-12-04 08:34:01]   METIS weights: min=1121.79, max=1713.11, avg=1345.83, std=144.56
[2025-12-04 08:34:01]   → Quantum vs METIS: cut improvement = -16.99%
[2025-12-04 08:34:01] 
  → Aggregate: cut=37258.24±309.84, balance=0.6419, time=0.63±0.01s

================================================================================
[2025-12-04 08:34:01] [246/900] Testing configuration:
  k_target: 32
  coarsen_limit: 80
  balance_weight: 1.9
  num_reads: 300
================================================================================
[2025-12-04 08:34:02]   Trial 1/3: ✓ cut=36693.29, balance=0.5169, time=0.80s
[2025-12-04 08:34:03]   Trial 2/3: ✓ cut=37012.83, balance=0.5169, time=0.78s
[2025-12-04 08:34:04]   Trial 3/3: ✓ cut=36998.02, balance=0.5897, time=0.79s
[2025-12-04 08:34:04] 
  Running METIS baseline...
[2025-12-04 08:34:04]   METIS baseline: cut=31846.33, balance=0.6548, time=0.05s
[2025-12-04 08:34:04]   METIS weights: min=1121.79, max=1713.11, avg=1345.83, std=144.56
[2025-12-04 08:34:04]   → Quantum vs METIS: cut improvement = -15.87%
[2025-12-04 08:34:04] 
  → Aggregate: cut=36901.38±147.27, balance=0.5411, time=0.79±0.01s

================================================================================
[2025-12-04 08:34:04] [247/900] Testing configuration:
  k_target: 32
  coarsen_limit: 80
  balance_weight: 1.9
  num_reads: 350
================================================================================
[2025-12-04 08:34:04]   Trial 1/3: ✓ cut=36900.85, balance=0.6716, time=0.89s
[2025-12-04 08:34:05]   Trial 2/3: ✓ cut=36865.30, balance=0.5169, time=0.90s
[2025-12-04 08:34:06]   Trial 3/3: ✓ cut=38142.11, balance=0.5856, time=0.94s
[2025-12-04 08:34:06] 
  Running METIS baseline...
[2025-12-04 08:34:06]   METIS baseline: cut=31846.33, balance=0.6548, time=0.05s
[2025-12-04 08:34:06]   METIS weights: min=1121.79, max=1713.11, avg=1345.83, std=144.56
[2025-12-04 08:34:06]   → Quantum vs METIS: cut improvement = -17.13%
[2025-12-04 08:34:06] 
  → Aggregate: cut=37302.75±593.69, balance=0.5914, time=0.91±0.02s

================================================================================
[2025-12-04 08:34:06] [248/900] Testing configuration:
  k_target: 32
  coarsen_limit: 80
  balance_weight: 1.9
  num_reads: 400
================================================================================
[2025-12-04 08:34:07]   Trial 1/3: ✓ cut=37142.96, balance=0.6047, time=1.01s
[2025-12-04 08:34:08]   Trial 2/3: ✓ cut=37426.36, balance=0.5667, time=1.01s
[2025-12-04 08:34:09]   Trial 3/3: ✓ cut=36536.72, balance=0.5979, time=1.01s
[2025-12-04 08:34:09] 
  Running METIS baseline...
[2025-12-04 08:34:10]   METIS baseline: cut=31846.33, balance=0.6548, time=0.05s
[2025-12-04 08:34:10]   METIS weights: min=1121.79, max=1713.11, avg=1345.83, std=144.56
[2025-12-04 08:34:10]   → Quantum vs METIS: cut improvement = -16.29%
[2025-12-04 08:34:10] 
  → Aggregate: cut=37035.35±371.08, balance=0.5898, time=1.01±0.00s

================================================================================
[2025-12-04 08:34:10] [249/900] Testing configuration:
  k_target: 32
  coarsen_limit: 80
  balance_weight: 1.9
  num_reads: 450
================================================================================
[2025-12-04 08:34:11]   Trial 1/3: ✓ cut=36496.76, balance=0.5015, time=1.10s
[2025-12-04 08:34:12]   Trial 2/3: ✓ cut=36623.20, balance=0.6120, time=1.10s
[2025-12-04 08:34:13]   Trial 3/3: ✓ cut=37036.81, balance=0.5786, time=1.05s
[2025-12-04 08:34:13] 
  Running METIS baseline...
[2025-12-04 08:34:13]   METIS baseline: cut=31846.33, balance=0.6548, time=0.05s
[2025-12-04 08:34:13]   METIS weights: min=1121.79, max=1713.11, avg=1345.83, std=144.56
[2025-12-04 08:34:13]   → Quantum vs METIS: cut improvement = -15.30%
[2025-12-04 08:34:13] 
  → Aggregate: cut=36718.92±230.63, balance=0.5640, time=1.09±0.02s

================================================================================
[2025-12-04 08:34:13] [250/900] Testing configuration:
  k_target: 32
  coarsen_limit: 80
  balance_weight: 1.9
  num_reads: 500
================================================================================
[2025-12-04 08:34:14]   Trial 1/3: ✓ cut=36717.58, balance=0.4893, time=1.18s
[2025-12-04 08:34:15]   Trial 2/3: ✓ cut=36989.85, balance=0.5596, time=1.17s
[2025-12-04 08:34:16]   Trial 3/3: ✓ cut=36924.44, balance=0.5212, time=1.15s
[2025-12-04 08:34:16] 
  Running METIS baseline...
[2025-12-04 08:34:16]   METIS baseline: cut=31846.33, balance=0.6548, time=0.05s
[2025-12-04 08:34:16]   METIS weights: min=1121.79, max=1713.11, avg=1345.83, std=144.56
[2025-12-04 08:34:16]   → Quantum vs METIS: cut improvement = -15.80%
[2025-12-04 08:34:16] 
  → Aggregate: cut=36877.29±116.05, balance=0.5233, time=1.17±0.01s

================================================================================
[2025-12-04 08:34:16] [251/900] Testing configuration:
  k_target: 32
  coarsen_limit: 80
  balance_weight: 2.1
  num_reads: 50
================================================================================
[2025-12-04 08:34:17]   Trial 1/3: ✓ cut=36461.89, balance=0.5454, time=0.20s
[2025-12-04 08:34:17]   Trial 2/3: ✓ cut=37705.64, balance=0.5897, time=0.20s
[2025-12-04 08:34:17]   Trial 3/3: ✓ cut=37469.30, balance=0.7594, time=0.20s
[2025-12-04 08:34:17] 
  Running METIS baseline...
[2025-12-04 08:34:17]   METIS baseline: cut=31846.33, balance=0.6548, time=0.05s
[2025-12-04 08:34:17]   METIS weights: min=1121.79, max=1713.11, avg=1345.83, std=144.56
[2025-12-04 08:34:17]   → Quantum vs METIS: cut improvement = -16.85%
[2025-12-04 08:34:17] 
  → Aggregate: cut=37212.28±539.30, balance=0.6315, time=0.20±0.00s

================================================================================
[2025-12-04 08:34:17] [252/900] Testing configuration:
  k_target: 32
  coarsen_limit: 80
  balance_weight: 2.1
  num_reads: 100
================================================================================
[2025-12-04 08:34:17]   Trial 1/3: ✓ cut=37201.99, balance=0.7157, time=0.31s
[2025-12-04 08:34:18]   Trial 2/3: ✓ cut=37992.32, balance=0.5451, time=0.39s
[2025-12-04 08:34:18]   Trial 3/3: ✓ cut=36627.80, balance=0.5876, time=0.31s
[2025-12-04 08:34:18] 
  Running METIS baseline...
[2025-12-04 08:34:18]   METIS baseline: cut=31846.33, balance=0.6548, time=0.05s
[2025-12-04 08:34:18]   METIS weights: min=1121.79, max=1713.11, avg=1345.83, std=144.56
[2025-12-04 08:34:18]   → Quantum vs METIS: cut improvement = -17.04%
[2025-12-04 08:34:18] 
  → Aggregate: cut=37274.04±559.39, balance=0.6161, time=0.34±0.04s

================================================================================
[2025-12-04 08:34:18] [253/900] Testing configuration:
  k_target: 32
  coarsen_limit: 80
  balance_weight: 2.1
  num_reads: 150
================================================================================
[2025-12-04 08:34:19]   Trial 1/3: ✓ cut=36299.30, balance=0.5436, time=0.42s
[2025-12-04 08:34:19]   Trial 2/3: ✓ cut=37565.56, balance=0.6044, time=0.42s
[2025-12-04 08:34:20]   Trial 3/3: ✓ cut=37163.92, balance=0.5162, time=0.42s
[2025-12-04 08:34:20] 
  Running METIS baseline...
[2025-12-04 08:34:20]   METIS baseline: cut=31846.33, balance=0.6548, time=0.05s
[2025-12-04 08:34:20]   METIS weights: min=1121.79, max=1713.11, avg=1345.83, std=144.56
[2025-12-04 08:34:20]   → Quantum vs METIS: cut improvement = -16.21%
[2025-12-04 08:34:20] 
  → Aggregate: cut=37009.59±528.34, balance=0.5547, time=0.42±0.00s

================================================================================
[2025-12-04 08:34:20] [254/900] Testing configuration:
  k_target: 32
  coarsen_limit: 80
  balance_weight: 2.1
  num_reads: 200
================================================================================
[2025-12-04 08:34:20]   Trial 1/3: ✓ cut=37173.45, balance=0.6444, time=0.53s
[2025-12-04 08:34:21]   Trial 2/3: ✓ cut=36898.62, balance=0.5451, time=0.52s
[2025-12-04 08:34:21]   Trial 3/3: ✓ cut=37291.13, balance=0.5876, time=0.52s
[2025-12-04 08:34:21] 
  Running METIS baseline...
[2025-12-04 08:34:21]   METIS baseline: cut=31846.33, balance=0.6548, time=0.05s
[2025-12-04 08:34:21]   METIS weights: min=1121.79, max=1713.11, avg=1345.83, std=144.56
[2025-12-04 08:34:21]   → Quantum vs METIS: cut improvement = -16.56%
[2025-12-04 08:34:21] 
  → Aggregate: cut=37121.07±164.47, balance=0.5924, time=0.52±0.00s

================================================================================
[2025-12-04 08:34:21] [255/900] Testing configuration:
  k_target: 32
  coarsen_limit: 80
  balance_weight: 2.1
  num_reads: 250
================================================================================
[2025-12-04 08:34:22]   Trial 1/3: ✓ cut=37641.61, balance=0.6571, time=0.63s
[2025-12-04 08:34:23]   Trial 2/3: ✓ cut=36871.07, balance=0.5627, time=0.63s
[2025-12-04 08:34:23]   Trial 3/3: ✓ cut=36876.86, balance=0.5307, time=0.63s
[2025-12-04 08:34:23] 
  Running METIS baseline...
[2025-12-04 08:34:23]   METIS baseline: cut=31846.33, balance=0.6548, time=0.05s
[2025-12-04 08:34:23]   METIS weights: min=1121.79, max=1713.11, avg=1345.83, std=144.56
[2025-12-04 08:34:23]   → Quantum vs METIS: cut improvement = -16.59%
[2025-12-04 08:34:23] 
  → Aggregate: cut=37129.85±361.88, balance=0.5835, time=0.63±0.00s

================================================================================
[2025-12-04 08:34:23] [256/900] Testing configuration:
  k_target: 32
  coarsen_limit: 80
  balance_weight: 2.1
  num_reads: 300
================================================================================
[2025-12-04 08:34:24]   Trial 1/3: ✓ cut=37163.66, balance=0.7661, time=0.75s
[2025-12-04 08:34:25]   Trial 2/3: ✓ cut=37237.55, balance=0.7454, time=0.75s
[2025-12-04 08:34:26]   Trial 3/3: ✓ cut=37331.34, balance=0.6172, time=0.74s
[2025-12-04 08:34:26] 
  Running METIS baseline...
[2025-12-04 08:34:26]   METIS baseline: cut=31846.33, balance=0.6548, time=0.05s
[2025-12-04 08:34:26]   METIS weights: min=1121.79, max=1713.11, avg=1345.83, std=144.56
[2025-12-04 08:34:26]   → Quantum vs METIS: cut improvement = -16.95%
[2025-12-04 08:34:26] 
  → Aggregate: cut=37244.18±68.62, balance=0.7096, time=0.75±0.00s

================================================================================
[2025-12-04 08:34:26] [257/900] Testing configuration:
  k_target: 32
  coarsen_limit: 80
  balance_weight: 2.1
  num_reads: 350
================================================================================
[2025-12-04 08:34:26]   Trial 1/3: ✓ cut=36192.58, balance=0.5412, time=0.84s
[2025-12-04 08:34:27]   Trial 2/3: ✓ cut=35517.00, balance=0.5971, time=0.92s
[2025-12-04 08:34:28]   Trial 3/3: ✓ cut=37426.92, balance=0.5849, time=0.84s
[2025-12-04 08:34:28] 
  Running METIS baseline...
[2025-12-04 08:34:28]   METIS baseline: cut=31846.33, balance=0.6548, time=0.05s
[2025-12-04 08:34:28]   METIS weights: min=1121.79, max=1713.11, avg=1345.83, std=144.56
[2025-12-04 08:34:28]   → Quantum vs METIS: cut improvement = -14.23%
[2025-12-04 08:34:28] 
  → Aggregate: cut=36378.83±790.77, balance=0.5744, time=0.87±0.04s

================================================================================
[2025-12-04 08:34:28] [258/900] Testing configuration:
  k_target: 32
  coarsen_limit: 80
  balance_weight: 2.1
  num_reads: 400
================================================================================
[2025-12-04 08:34:29]   Trial 1/3: ✓ cut=37127.18, balance=0.5933, time=0.96s
[2025-12-04 08:34:30]   Trial 2/3: ✓ cut=36688.29, balance=0.5618, time=0.95s
[2025-12-04 08:34:31]   Trial 3/3: ✓ cut=36835.54, balance=0.5930, time=0.95s
[2025-12-04 08:34:31] 
  Running METIS baseline...
[2025-12-04 08:34:31]   METIS baseline: cut=31846.33, balance=0.6548, time=0.05s
[2025-12-04 08:34:31]   METIS weights: min=1121.79, max=1713.11, avg=1345.83, std=144.56
[2025-12-04 08:34:31]   → Quantum vs METIS: cut improvement = -15.82%
[2025-12-04 08:34:31] 
  → Aggregate: cut=36883.67±182.38, balance=0.5827, time=0.95±0.00s

================================================================================
[2025-12-04 08:34:31] [259/900] Testing configuration:
  k_target: 32
  coarsen_limit: 80
  balance_weight: 2.1
  num_reads: 450
================================================================================
[2025-12-04 08:34:32]   Trial 1/3: ✓ cut=37183.07, balance=0.5890, time=1.04s
[2025-12-04 08:34:33]   Trial 2/3: ✓ cut=37755.69, balance=0.6174, time=1.05s
[2025-12-04 08:34:34]   Trial 3/3: ✓ cut=36883.59, balance=0.5876, time=1.05s
[2025-12-04 08:34:34] 
  Running METIS baseline...
[2025-12-04 08:34:34]   METIS baseline: cut=31846.33, balance=0.6548, time=0.05s
[2025-12-04 08:34:34]   METIS weights: min=1121.79, max=1713.11, avg=1345.83, std=144.56
[2025-12-04 08:34:34]   → Quantum vs METIS: cut improvement = -17.04%
[2025-12-04 08:34:34] 
  → Aggregate: cut=37274.12±361.81, balance=0.5980, time=1.05±0.01s

================================================================================
[2025-12-04 08:34:34] [260/900] Testing configuration:
  k_target: 32
  coarsen_limit: 80
  balance_weight: 2.1
  num_reads: 500
================================================================================
[2025-12-04 08:34:36]   Trial 1/3: ✓ cut=37236.27, balance=0.5493, time=1.18s
[2025-12-04 08:34:37]   Trial 2/3: ✓ cut=36375.97, balance=0.5851, time=1.17s
[2025-12-04 08:34:38]   Trial 3/3: ✓ cut=37258.38, balance=0.5588, time=1.18s
[2025-12-04 08:34:38] 
  Running METIS baseline...
[2025-12-04 08:34:38]   METIS baseline: cut=31846.33, balance=0.6548, time=0.05s
[2025-12-04 08:34:38]   METIS weights: min=1121.79, max=1713.11, avg=1345.83, std=144.56
[2025-12-04 08:34:38]   → Quantum vs METIS: cut improvement = -16.05%
[2025-12-04 08:34:38] 
  → Aggregate: cut=36956.87±410.86, balance=0.5644, time=1.18±0.01s

================================================================================
[2025-12-04 08:34:38] [261/900] Testing configuration:
  k_target: 32
  coarsen_limit: 80
  balance_weight: 2.3
  num_reads: 50
================================================================================
[2025-12-04 08:34:38]   Trial 1/3: ✓ cut=37852.31, balance=0.5791, time=0.20s
[2025-12-04 08:34:38]   Trial 2/3: ✓ cut=37144.80, balance=0.7582, time=0.20s
[2025-12-04 08:34:39]   Trial 3/3: ✓ cut=37480.83, balance=0.5779, time=0.20s
[2025-12-04 08:34:39] 
  Running METIS baseline...
[2025-12-04 08:34:39]   METIS baseline: cut=31846.33, balance=0.6548, time=0.05s
[2025-12-04 08:34:39]   METIS weights: min=1121.79, max=1713.11, avg=1345.83, std=144.56
[2025-12-04 08:34:39]   → Quantum vs METIS: cut improvement = -17.73%
[2025-12-04 08:34:39] 
  → Aggregate: cut=37492.65±288.96, balance=0.6384, time=0.20±0.00s

================================================================================
[2025-12-04 08:34:39] [262/900] Testing configuration:
  k_target: 32
  coarsen_limit: 80
  balance_weight: 2.3
  num_reads: 100
================================================================================
[2025-12-04 08:34:39]   Trial 1/3: ✓ cut=36294.87, balance=0.5523, time=0.39s
[2025-12-04 08:34:39]   Trial 2/3: ✓ cut=37889.73, balance=0.5904, time=0.32s
[2025-12-04 08:34:40]   Trial 3/3: ✓ cut=36801.79, balance=0.5643, time=0.31s
[2025-12-04 08:34:40] 
  Running METIS baseline...
[2025-12-04 08:34:40]   METIS baseline: cut=31846.33, balance=0.6548, time=0.05s
[2025-12-04 08:34:40]   METIS weights: min=1121.79, max=1713.11, avg=1345.83, std=144.56
[2025-12-04 08:34:40]   → Quantum vs METIS: cut improvement = -16.17%
[2025-12-04 08:34:40] 
  → Aggregate: cut=36995.46±665.35, balance=0.5690, time=0.34±0.03s

================================================================================
[2025-12-04 08:34:40] [263/900] Testing configuration:
  k_target: 32
  coarsen_limit: 80
  balance_weight: 2.3
  num_reads: 150
================================================================================
[2025-12-04 08:34:40]   Trial 1/3: ✓ cut=36928.21, balance=0.6058, time=0.41s
[2025-12-04 08:34:41]   Trial 2/3: ✓ cut=37514.44, balance=0.6019, time=0.42s
[2025-12-04 08:34:41]   Trial 3/3: ✓ cut=37073.71, balance=0.6740, time=0.41s
[2025-12-04 08:34:41] 
  Running METIS baseline...
[2025-12-04 08:34:41]   METIS baseline: cut=31846.33, balance=0.6548, time=0.05s
[2025-12-04 08:34:41]   METIS weights: min=1121.79, max=1713.11, avg=1345.83, std=144.56
[2025-12-04 08:34:41]   → Quantum vs METIS: cut improvement = -16.72%
[2025-12-04 08:34:41] 
  → Aggregate: cut=37172.12±249.24, balance=0.6273, time=0.41±0.00s

================================================================================
[2025-12-04 08:34:41] [264/900] Testing configuration:
  k_target: 32
  coarsen_limit: 80
  balance_weight: 2.3
  num_reads: 200
================================================================================
[2025-12-04 08:34:42]   Trial 1/3: ✓ cut=36976.70, balance=0.6793, time=0.51s
[2025-12-04 08:34:42]   Trial 2/3: ✓ cut=37280.36, balance=0.5928, time=0.51s
[2025-12-04 08:34:43]   Trial 3/3: ✓ cut=37600.78, balance=0.5851, time=0.52s
[2025-12-04 08:34:43] 
  Running METIS baseline...
[2025-12-04 08:34:43]   METIS baseline: cut=31846.33, balance=0.6548, time=0.05s
[2025-12-04 08:34:43]   METIS weights: min=1121.79, max=1713.11, avg=1345.83, std=144.56
[2025-12-04 08:34:43]   → Quantum vs METIS: cut improvement = -17.08%
[2025-12-04 08:34:43] 
  → Aggregate: cut=37285.95±254.81, balance=0.6191, time=0.51±0.01s

================================================================================
[2025-12-04 08:34:43] [265/900] Testing configuration:
  k_target: 32
  coarsen_limit: 80
  balance_weight: 2.3
  num_reads: 250
================================================================================
[2025-12-04 08:34:43]   Trial 1/3: ✓ cut=37598.37, balance=0.5919, time=0.62s
[2025-12-04 08:34:44]   Trial 2/3: ✓ cut=36598.98, balance=0.5979, time=0.62s
[2025-12-04 08:34:45]   Trial 3/3: ✓ cut=37362.25, balance=0.5627, time=0.63s
[2025-12-04 08:34:45] 
  Running METIS baseline...
[2025-12-04 08:34:45]   METIS baseline: cut=31846.33, balance=0.6548, time=0.05s
[2025-12-04 08:34:45]   METIS weights: min=1121.79, max=1713.11, avg=1345.83, std=144.56
[2025-12-04 08:34:45]   → Quantum vs METIS: cut improvement = -16.77%
[2025-12-04 08:34:45] 
  → Aggregate: cut=37186.53±426.50, balance=0.5842, time=0.62±0.00s

================================================================================
[2025-12-04 08:34:45] [266/900] Testing configuration:
  k_target: 32
  coarsen_limit: 80
  balance_weight: 2.3
  num_reads: 300
================================================================================
[2025-12-04 08:34:46]   Trial 1/3: ✓ cut=37294.57, balance=0.5373, time=0.74s
[2025-12-04 08:34:46]   Trial 2/3: ✓ cut=36617.32, balance=0.5877, time=0.72s
[2025-12-04 08:34:47]   Trial 3/3: ✓ cut=37072.11, balance=0.5169, time=0.71s
[2025-12-04 08:34:47] 
  Running METIS baseline...
[2025-12-04 08:34:47]   METIS baseline: cut=31846.33, balance=0.6548, time=0.13s
[2025-12-04 08:34:47]   METIS weights: min=1121.79, max=1713.11, avg=1345.83, std=144.56
[2025-12-04 08:34:47]   → Quantum vs METIS: cut improvement = -16.17%
[2025-12-04 08:34:47] 
  → Aggregate: cut=36994.66±281.86, balance=0.5473, time=0.72±0.01s

================================================================================
[2025-12-04 08:34:47] [267/900] Testing configuration:
  k_target: 32
  coarsen_limit: 80
  balance_weight: 2.3
  num_reads: 350
================================================================================
[2025-12-04 08:34:48]   Trial 1/3: ✓ cut=36770.46, balance=0.6160, time=0.82s
[2025-12-04 08:34:49]   Trial 2/3: ✓ cut=37426.03, balance=0.5494, time=0.82s
[2025-12-04 08:34:50]   Trial 3/3: ✓ cut=36686.04, balance=0.5169, time=0.83s
[2025-12-04 08:34:50] 
  Running METIS baseline...
[2025-12-04 08:34:50]   METIS baseline: cut=31846.33, balance=0.6548, time=0.05s
[2025-12-04 08:34:50]   METIS weights: min=1121.79, max=1713.11, avg=1345.83, std=144.56
[2025-12-04 08:34:50]   → Quantum vs METIS: cut improvement = -16.06%
[2025-12-04 08:34:50] 
  → Aggregate: cut=36960.84±330.74, balance=0.5608, time=0.82±0.00s

================================================================================
[2025-12-04 08:34:50] [268/900] Testing configuration:
  k_target: 32
  coarsen_limit: 80
  balance_weight: 2.3
  num_reads: 400
================================================================================
[2025-12-04 08:34:51]   Trial 1/3: ✓ cut=36693.82, balance=0.5993, time=0.94s
[2025-12-04 08:34:52]   Trial 2/3: ✓ cut=37044.83, balance=0.5079, time=0.93s
[2025-12-04 08:34:52]   Trial 3/3: ✓ cut=37170.08, balance=0.5942, time=0.93s
[2025-12-04 08:34:52] 
  Running METIS baseline...
[2025-12-04 08:34:53]   METIS baseline: cut=31846.33, balance=0.6548, time=0.05s
[2025-12-04 08:34:53]   METIS weights: min=1121.79, max=1713.11, avg=1345.83, std=144.56
[2025-12-04 08:34:53]   → Quantum vs METIS: cut improvement = -16.09%
[2025-12-04 08:34:53] 
  → Aggregate: cut=36969.58±201.58, balance=0.5671, time=0.93±0.00s

================================================================================
[2025-12-04 08:34:53] [269/900] Testing configuration:
  k_target: 32
  coarsen_limit: 80
  balance_weight: 2.3
  num_reads: 450
================================================================================
[2025-12-04 08:34:54]   Trial 1/3: ✓ cut=37017.57, balance=0.5955, time=1.03s
[2025-12-04 08:34:55]   Trial 2/3: ✓ cut=36651.47, balance=0.5836, time=1.06s
[2025-12-04 08:34:56]   Trial 3/3: ✓ cut=36516.16, balance=0.5350, time=1.06s
[2025-12-04 08:34:56] 
  Running METIS baseline...
[2025-12-04 08:34:56]   METIS baseline: cut=31846.33, balance=0.6548, time=0.05s
[2025-12-04 08:34:56]   METIS weights: min=1121.79, max=1713.11, avg=1345.83, std=144.56
[2025-12-04 08:34:56]   → Quantum vs METIS: cut improvement = -15.33%
[2025-12-04 08:34:56] 
  → Aggregate: cut=36728.40±211.80, balance=0.5713, time=1.05±0.01s

================================================================================
[2025-12-04 08:34:56] [270/900] Testing configuration:
  k_target: 32
  coarsen_limit: 80
  balance_weight: 2.3
  num_reads: 500
================================================================================
[2025-12-04 08:34:57]   Trial 1/3: ✓ cut=37520.70, balance=0.5169, time=1.13s
[2025-12-04 08:34:58]   Trial 2/3: ✓ cut=36590.08, balance=0.5454, time=1.14s
[2025-12-04 08:34:59]   Trial 3/3: ✓ cut=36819.59, balance=0.5598, time=1.15s
[2025-12-04 08:34:59] 
  Running METIS baseline...
[2025-12-04 08:34:59]   METIS baseline: cut=31846.33, balance=0.6548, time=0.05s
[2025-12-04 08:34:59]   METIS weights: min=1121.79, max=1713.11, avg=1345.83, std=144.56
[2025-12-04 08:34:59]   → Quantum vs METIS: cut improvement = -16.11%
[2025-12-04 08:34:59] 
  → Aggregate: cut=36976.79±395.85, balance=0.5407, time=1.14±0.01s

================================================================================
[2025-12-04 08:34:59] [271/900] Testing configuration:
  k_target: 32
  coarsen_limit: 80
  balance_weight: 2.5
  num_reads: 50
================================================================================
[2025-12-04 08:35:00]   Trial 1/3: ✓ cut=37772.39, balance=0.6510, time=0.21s
[2025-12-04 08:35:00]   Trial 2/3: ✓ cut=37622.75, balance=0.6655, time=0.21s
[2025-12-04 08:35:00]   Trial 3/3: ✓ cut=36791.81, balance=0.7285, time=0.29s
[2025-12-04 08:35:00] 
  Running METIS baseline...
[2025-12-04 08:35:00]   METIS baseline: cut=31846.33, balance=0.6548, time=0.05s
[2025-12-04 08:35:00]   METIS weights: min=1121.79, max=1713.11, avg=1345.83, std=144.56
[2025-12-04 08:35:00]   → Quantum vs METIS: cut improvement = -17.43%
[2025-12-04 08:35:00] 
  → Aggregate: cut=37395.65±431.33, balance=0.6817, time=0.24±0.04s

================================================================================
[2025-12-04 08:35:00] [272/900] Testing configuration:
  k_target: 32
  coarsen_limit: 80
  balance_weight: 2.5
  num_reads: 100
================================================================================
[2025-12-04 08:35:00]   Trial 1/3: ✓ cut=37124.61, balance=0.7577, time=0.32s
[2025-12-04 08:35:01]   Trial 2/3: ✓ cut=36966.92, balance=0.5618, time=0.33s
[2025-12-04 08:35:01]   Trial 3/3: ✓ cut=37429.12, balance=0.7476, time=0.31s
[2025-12-04 08:35:01] 
  Running METIS baseline...
[2025-12-04 08:35:01]   METIS baseline: cut=31846.33, balance=0.6548, time=0.05s
[2025-12-04 08:35:01]   METIS weights: min=1121.79, max=1713.11, avg=1345.83, std=144.56
[2025-12-04 08:35:01]   → Quantum vs METIS: cut improvement = -16.73%
[2025-12-04 08:35:01] 
  → Aggregate: cut=37173.55±191.84, balance=0.6891, time=0.32±0.01s

================================================================================
[2025-12-04 08:35:01] [273/900] Testing configuration:
  k_target: 32
  coarsen_limit: 80
  balance_weight: 2.5
  num_reads: 150
================================================================================
[2025-12-04 08:35:02]   Trial 1/3: ✓ cut=36848.13, balance=0.6024, time=0.45s
[2025-12-04 08:35:02]   Trial 2/3: ✓ cut=37321.53, balance=0.6384, time=0.46s
[2025-12-04 08:35:03]   Trial 3/3: ✓ cut=36820.30, balance=0.6041, time=0.45s
[2025-12-04 08:35:03] 
  Running METIS baseline...
[2025-12-04 08:35:03]   METIS baseline: cut=31846.33, balance=0.6548, time=0.05s
[2025-12-04 08:35:03]   METIS weights: min=1121.79, max=1713.11, avg=1345.83, std=144.56
[2025-12-04 08:35:03]   → Quantum vs METIS: cut improvement = -16.17%
[2025-12-04 08:35:03] 
  → Aggregate: cut=36996.65±230.00, balance=0.6150, time=0.45±0.01s

================================================================================
[2025-12-04 08:35:03] [274/900] Testing configuration:
  k_target: 32
  coarsen_limit: 80
  balance_weight: 2.5
  num_reads: 200
================================================================================
[2025-12-04 08:35:03]   Trial 1/3: ✓ cut=37006.36, balance=0.5731, time=0.56s
[2025-12-04 08:35:04]   Trial 2/3: ✓ cut=37255.00, balance=0.5928, time=0.56s
[2025-12-04 08:35:04]   Trial 3/3: ✓ cut=36609.31, balance=0.6104, time=0.54s
[2025-12-04 08:35:04] 
  Running METIS baseline...
[2025-12-04 08:35:04]   METIS baseline: cut=31846.33, balance=0.6548, time=0.05s
[2025-12-04 08:35:04]   METIS weights: min=1121.79, max=1713.11, avg=1345.83, std=144.56
[2025-12-04 08:35:04]   → Quantum vs METIS: cut improvement = -16.05%
[2025-12-04 08:35:04] 
  → Aggregate: cut=36956.89±265.91, balance=0.5921, time=0.55±0.01s

================================================================================
[2025-12-04 08:35:04] [275/900] Testing configuration:
  k_target: 32
  coarsen_limit: 80
  balance_weight: 2.5
  num_reads: 250
================================================================================
[2025-12-04 08:35:05]   Trial 1/3: ✓ cut=37555.81, balance=0.5971, time=0.68s
[2025-12-04 08:35:06]   Trial 2/3: ✓ cut=36668.12, balance=0.5250, time=0.66s
[2025-12-04 08:35:06]   Trial 3/3: ✓ cut=37358.90, balance=0.7382, time=0.67s
[2025-12-04 08:35:06] 
  Running METIS baseline...
[2025-12-04 08:35:06]   METIS baseline: cut=31846.33, balance=0.6548, time=0.05s
[2025-12-04 08:35:06]   METIS weights: min=1121.79, max=1713.11, avg=1345.83, std=144.56
[2025-12-04 08:35:06]   → Quantum vs METIS: cut improvement = -16.79%
[2025-12-04 08:35:06] 
  → Aggregate: cut=37194.27±380.63, balance=0.6201, time=0.67±0.01s

================================================================================
[2025-12-04 08:35:06] [276/900] Testing configuration:
  k_target: 32
  coarsen_limit: 80
  balance_weight: 2.5
  num_reads: 300
================================================================================
[2025-12-04 08:35:07]   Trial 1/3: ✓ cut=37387.89, balance=0.5897, time=0.79s
[2025-12-04 08:35:08]   Trial 2/3: ✓ cut=36749.64, balance=0.6012, time=0.87s
[2025-12-04 08:35:09]   Trial 3/3: ✓ cut=36111.37, balance=0.5786, time=0.76s
[2025-12-04 08:35:09] 
  Running METIS baseline...
[2025-12-04 08:35:09]   METIS baseline: cut=31846.33, balance=0.6548, time=0.05s
[2025-12-04 08:35:09]   METIS weights: min=1121.79, max=1713.11, avg=1345.83, std=144.56
[2025-12-04 08:35:09]   → Quantum vs METIS: cut improvement = -15.40%
[2025-12-04 08:35:09] 
  → Aggregate: cut=36749.63±521.14, balance=0.5898, time=0.81±0.04s

================================================================================
[2025-12-04 08:35:09] [277/900] Testing configuration:
  k_target: 32
  coarsen_limit: 80
  balance_weight: 2.5
  num_reads: 350
================================================================================
[2025-12-04 08:35:10]   Trial 1/3: ✓ cut=37278.62, balance=0.5649, time=0.91s
[2025-12-04 08:35:11]   Trial 2/3: ✓ cut=37626.55, balance=0.5868, time=0.89s
[2025-12-04 08:35:12]   Trial 3/3: ✓ cut=37080.25, balance=0.5834, time=0.85s
[2025-12-04 08:35:12] 
  Running METIS baseline...
[2025-12-04 08:35:12]   METIS baseline: cut=31846.33, balance=0.6548, time=0.05s
[2025-12-04 08:35:12]   METIS weights: min=1121.79, max=1713.11, avg=1345.83, std=144.56
[2025-12-04 08:35:12]   → Quantum vs METIS: cut improvement = -17.21%
[2025-12-04 08:35:12] 
  → Aggregate: cut=37328.47±225.80, balance=0.5784, time=0.88±0.02s

================================================================================
[2025-12-04 08:35:12] [278/900] Testing configuration:
  k_target: 32
  coarsen_limit: 80
  balance_weight: 2.5
  num_reads: 400
================================================================================
[2025-12-04 08:35:13]   Trial 1/3: ✓ cut=37250.17, balance=0.6761, time=0.95s
[2025-12-04 08:35:14]   Trial 2/3: ✓ cut=37032.55, balance=0.5623, time=0.96s
[2025-12-04 08:35:15]   Trial 3/3: ✓ cut=36977.83, balance=0.6047, time=0.97s
[2025-12-04 08:35:15] 
  Running METIS baseline...
[2025-12-04 08:35:15]   METIS baseline: cut=31846.33, balance=0.6548, time=0.05s
[2025-12-04 08:35:15]   METIS weights: min=1121.79, max=1713.11, avg=1345.83, std=144.56
[2025-12-04 08:35:15]   → Quantum vs METIS: cut improvement = -16.46%
[2025-12-04 08:35:15] 
  → Aggregate: cut=37086.85±117.62, balance=0.6144, time=0.96±0.01s

================================================================================
[2025-12-04 08:35:15] [279/900] Testing configuration:
  k_target: 32
  coarsen_limit: 80
  balance_weight: 2.5
  num_reads: 450
================================================================================
[2025-12-04 08:35:16]   Trial 1/3: ✓ cut=37330.39, balance=0.5539, time=1.06s
[2025-12-04 08:35:17]   Trial 2/3: ✓ cut=37571.50, balance=0.5605, time=1.05s
[2025-12-04 08:35:18]   Trial 3/3: ✓ cut=37335.16, balance=0.5501, time=1.05s
[2025-12-04 08:35:18] 
  Running METIS baseline...
[2025-12-04 08:35:18]   METIS baseline: cut=31846.33, balance=0.6548, time=0.05s
[2025-12-04 08:35:18]   METIS weights: min=1121.79, max=1713.11, avg=1345.83, std=144.56
[2025-12-04 08:35:18]   → Quantum vs METIS: cut improvement = -17.48%
[2025-12-04 08:35:18] 
  → Aggregate: cut=37412.35±112.55, balance=0.5548, time=1.05±0.01s

================================================================================
[2025-12-04 08:35:18] [280/900] Testing configuration:
  k_target: 32
  coarsen_limit: 80
  balance_weight: 2.5
  num_reads: 500
================================================================================
[2025-12-04 08:35:19]   Trial 1/3: ✓ cut=36631.46, balance=0.5501, time=1.14s
[2025-12-04 08:35:20]   Trial 2/3: ✓ cut=36739.89, balance=0.5836, time=1.17s
[2025-12-04 08:35:21]   Trial 3/3: ✓ cut=37306.43, balance=0.7404, time=1.17s
[2025-12-04 08:35:21] 
  Running METIS baseline...
[2025-12-04 08:35:22]   METIS baseline: cut=31846.33, balance=0.6548, time=0.05s
[2025-12-04 08:35:22]   METIS weights: min=1121.79, max=1713.11, avg=1345.83, std=144.56
[2025-12-04 08:35:22]   → Quantum vs METIS: cut improvement = -15.85%
[2025-12-04 08:35:22] 
  → Aggregate: cut=36892.59±295.95, balance=0.6247, time=1.16±0.01s

================================================================================
[2025-12-04 08:35:22] [281/900] Testing configuration:
  k_target: 32
  coarsen_limit: 80
  balance_weight: 2.7
  num_reads: 50
================================================================================
[2025-12-04 08:35:22]   Trial 1/3: ✓ cut=37925.50, balance=0.6057, time=0.20s
[2025-12-04 08:35:22]   Trial 2/3: ✓ cut=37560.17, balance=0.5979, time=0.28s
[2025-12-04 08:35:22]   Trial 3/3: ✓ cut=37863.50, balance=0.5373, time=0.20s
[2025-12-04 08:35:22] 
  Running METIS baseline...
[2025-12-04 08:35:22]   METIS baseline: cut=31846.33, balance=0.6548, time=0.05s
[2025-12-04 08:35:22]   METIS weights: min=1121.79, max=1713.11, avg=1345.83, std=144.56
[2025-12-04 08:35:22]   → Quantum vs METIS: cut improvement = -18.64%
[2025-12-04 08:35:22] 
  → Aggregate: cut=37783.06±159.62, balance=0.5803, time=0.23±0.04s

================================================================================
[2025-12-04 08:35:22] [282/900] Testing configuration:
  k_target: 32
  coarsen_limit: 80
  balance_weight: 2.7
  num_reads: 100
================================================================================
[2025-12-04 08:35:23]   Trial 1/3: ✓ cut=37624.71, balance=0.6752, time=0.31s
[2025-12-04 08:35:23]   Trial 2/3: ✓ cut=37973.14, balance=0.5008, time=0.31s
[2025-12-04 08:35:23]   Trial 3/3: ✓ cut=37016.33, balance=0.5989, time=0.31s
[2025-12-04 08:35:23] 
  Running METIS baseline...
[2025-12-04 08:35:23]   METIS baseline: cut=31846.33, balance=0.6548, time=0.05s
[2025-12-04 08:35:23]   METIS weights: min=1121.79, max=1713.11, avg=1345.83, std=144.56
[2025-12-04 08:35:23]   → Quantum vs METIS: cut improvement = -17.87%
[2025-12-04 08:35:23] 
  → Aggregate: cut=37538.06±395.39, balance=0.5916, time=0.31±0.00s

================================================================================
[2025-12-04 08:35:23] [283/900] Testing configuration:
  k_target: 32
  coarsen_limit: 80
  balance_weight: 2.7
  num_reads: 150
================================================================================
[2025-12-04 08:35:24]   Trial 1/3: ✓ cut=37891.06, balance=0.5777, time=0.42s
[2025-12-04 08:35:24]   Trial 2/3: ✓ cut=37367.62, balance=0.5189, time=0.41s
[2025-12-04 08:35:25]   Trial 3/3: ✓ cut=37019.73, balance=0.5921, time=0.43s
[2025-12-04 08:35:25] 
  Running METIS baseline...
[2025-12-04 08:35:25]   METIS baseline: cut=31846.33, balance=0.6548, time=0.05s
[2025-12-04 08:35:25]   METIS weights: min=1121.79, max=1713.11, avg=1345.83, std=144.56
[2025-12-04 08:35:25]   → Quantum vs METIS: cut improvement = -17.52%
[2025-12-04 08:35:25] 
  → Aggregate: cut=37426.14±358.12, balance=0.5629, time=0.42±0.01s

================================================================================
[2025-12-04 08:35:25] [284/900] Testing configuration:
  k_target: 32
  coarsen_limit: 80
  balance_weight: 2.7
  num_reads: 200
================================================================================
[2025-12-04 08:35:25]   Trial 1/3: ✓ cut=37141.62, balance=0.5169, time=0.53s
[2025-12-04 08:35:26]   Trial 2/3: ✓ cut=37274.01, balance=0.5618, time=0.52s
[2025-12-04 08:35:26]   Trial 3/3: ✓ cut=36764.11, balance=0.5776, time=0.51s
[2025-12-04 08:35:26] 
  Running METIS baseline...
[2025-12-04 08:35:26]   METIS baseline: cut=31846.33, balance=0.6548, time=0.05s
[2025-12-04 08:35:26]   METIS weights: min=1121.79, max=1713.11, avg=1345.83, std=144.56
[2025-12-04 08:35:26]   → Quantum vs METIS: cut improvement = -16.37%
[2025-12-04 08:35:26] 
  → Aggregate: cut=37059.92±216.03, balance=0.5521, time=0.52±0.01s

================================================================================
[2025-12-04 08:35:26] [285/900] Testing configuration:
  k_target: 32
  coarsen_limit: 80
  balance_weight: 2.7
  num_reads: 250
================================================================================
[2025-12-04 08:35:27]   Trial 1/3: ✓ cut=35872.72, balance=0.5169, time=0.62s
[2025-12-04 08:35:28]   Trial 2/3: ✓ cut=37725.46, balance=0.7666, time=0.62s
[2025-12-04 08:35:28]   Trial 3/3: ✓ cut=36936.00, balance=0.7381, time=0.62s
[2025-12-04 08:35:28] 
  Running METIS baseline...
[2025-12-04 08:35:28]   METIS baseline: cut=31846.33, balance=0.6548, time=0.05s
[2025-12-04 08:35:28]   METIS weights: min=1121.79, max=1713.11, avg=1345.83, std=144.56
[2025-12-04 08:35:28]   → Quantum vs METIS: cut improvement = -15.70%
[2025-12-04 08:35:28] 
  → Aggregate: cut=36844.73±759.13, balance=0.6739, time=0.62±0.00s

================================================================================
[2025-12-04 08:35:28] [286/900] Testing configuration:
  k_target: 32
  coarsen_limit: 80
  balance_weight: 2.7
  num_reads: 300
================================================================================
[2025-12-04 08:35:29]   Trial 1/3: ✓ cut=37484.80, balance=0.6668, time=0.73s
[2025-12-04 08:35:30]   Trial 2/3: ✓ cut=36641.23, balance=0.5930, time=0.82s
[2025-12-04 08:35:31]   Trial 3/3: ✓ cut=37495.42, balance=0.7531, time=0.73s
[2025-12-04 08:35:31] 
  Running METIS baseline...
[2025-12-04 08:35:31]   METIS baseline: cut=31846.33, balance=0.6548, time=0.05s
[2025-12-04 08:35:31]   METIS weights: min=1121.79, max=1713.11, avg=1345.83, std=144.56
[2025-12-04 08:35:31]   → Quantum vs METIS: cut improvement = -16.83%
[2025-12-04 08:35:31] 
  → Aggregate: cut=37207.15±400.19, balance=0.6710, time=0.76±0.04s

================================================================================
[2025-12-04 08:35:31] [287/900] Testing configuration:
  k_target: 32
  coarsen_limit: 80
  balance_weight: 2.7
  num_reads: 350
================================================================================
[2025-12-04 08:35:31]   Trial 1/3: ✓ cut=36901.29, balance=0.5494, time=0.84s
[2025-12-04 08:35:32]   Trial 2/3: ✓ cut=36889.21, balance=0.5756, time=0.83s
[2025-12-04 08:35:33]   Trial 3/3: ✓ cut=36143.31, balance=0.5598, time=0.83s
[2025-12-04 08:35:33] 
  Running METIS baseline...
[2025-12-04 08:35:33]   METIS baseline: cut=31846.33, balance=0.6548, time=0.05s
[2025-12-04 08:35:33]   METIS weights: min=1121.79, max=1713.11, avg=1345.83, std=144.56
[2025-12-04 08:35:33]   → Quantum vs METIS: cut improvement = -15.07%
[2025-12-04 08:35:33] 
  → Aggregate: cut=36644.61±354.50, balance=0.5616, time=0.84±0.00s

================================================================================
[2025-12-04 08:35:33] [288/900] Testing configuration:
  k_target: 32
  coarsen_limit: 80
  balance_weight: 2.7
  num_reads: 400
================================================================================
[2025-12-04 08:35:34]   Trial 1/3: ✓ cut=37591.34, balance=0.5876, time=0.96s
[2025-12-04 08:35:35]   Trial 2/3: ✓ cut=36896.76, balance=0.5921, time=0.95s
[2025-12-04 08:35:36]   Trial 3/3: ✓ cut=36907.22, balance=0.5899, time=0.95s
[2025-12-04 08:35:36] 
  Running METIS baseline...
[2025-12-04 08:35:36]   METIS baseline: cut=31846.33, balance=0.6548, time=0.05s
[2025-12-04 08:35:36]   METIS weights: min=1121.79, max=1713.11, avg=1345.83, std=144.56
[2025-12-04 08:35:36]   → Quantum vs METIS: cut improvement = -16.60%
[2025-12-04 08:35:36] 
  → Aggregate: cut=37131.77±324.99, balance=0.5899, time=0.95±0.00s

================================================================================
[2025-12-04 08:35:36] [289/900] Testing configuration:
  k_target: 32
  coarsen_limit: 80
  balance_weight: 2.7
  num_reads: 450
================================================================================
[2025-12-04 08:35:37]   Trial 1/3: ✓ cut=38133.63, balance=0.5930, time=1.05s
[2025-12-04 08:35:38]   Trial 2/3: ✓ cut=36776.12, balance=0.6058, time=1.04s
[2025-12-04 08:35:39]   Trial 3/3: ✓ cut=37669.33, balance=0.6627, time=1.06s
[2025-12-04 08:35:39] 
  Running METIS baseline...
[2025-12-04 08:35:39]   METIS baseline: cut=31846.33, balance=0.6548, time=0.05s
[2025-12-04 08:35:39]   METIS weights: min=1121.79, max=1713.11, avg=1345.83, std=144.56
[2025-12-04 08:35:39]   → Quantum vs METIS: cut improvement = -17.84%
[2025-12-04 08:35:39] 
  → Aggregate: cut=37526.36±563.35, balance=0.6205, time=1.05±0.01s

================================================================================
[2025-12-04 08:35:39] [290/900] Testing configuration:
  k_target: 32
  coarsen_limit: 80
  balance_weight: 2.7
  num_reads: 500
================================================================================
[2025-12-04 08:35:41]   Trial 1/3: ✓ cut=36981.37, balance=0.5373, time=1.16s
[2025-12-04 08:35:42]   Trial 2/3: ✓ cut=37433.01, balance=0.5955, time=1.15s
[2025-12-04 08:35:43]   Trial 3/3: ✓ cut=36733.79, balance=0.5876, time=1.15s
[2025-12-04 08:35:43] 
  Running METIS baseline...
[2025-12-04 08:35:43]   METIS baseline: cut=31846.33, balance=0.6548, time=0.05s
[2025-12-04 08:35:43]   METIS weights: min=1121.79, max=1713.11, avg=1345.83, std=144.56
[2025-12-04 08:35:43]   → Quantum vs METIS: cut improvement = -16.34%
[2025-12-04 08:35:43] 
  → Aggregate: cut=37049.39±289.48, balance=0.5734, time=1.15±0.00s

================================================================================
[2025-12-04 08:35:43] [291/900] Testing configuration:
  k_target: 32
  coarsen_limit: 80
  balance_weight: 2.9
  num_reads: 50
================================================================================
[2025-12-04 08:35:43]   Trial 1/3: ✓ cut=37038.60, balance=0.5373, time=0.28s
[2025-12-04 08:35:43]   Trial 2/3: ✓ cut=37755.92, balance=0.6889, time=0.20s
[2025-12-04 08:35:44]   Trial 3/3: ✓ cut=37944.49, balance=0.5839, time=0.20s
[2025-12-04 08:35:44] 
  Running METIS baseline...
[2025-12-04 08:35:44]   METIS baseline: cut=31846.33, balance=0.6548, time=0.05s
[2025-12-04 08:35:44]   METIS weights: min=1121.79, max=1713.11, avg=1345.83, std=144.56
[2025-12-04 08:35:44]   → Quantum vs METIS: cut improvement = -18.00%
[2025-12-04 08:35:44] 
  → Aggregate: cut=37579.67±390.26, balance=0.6034, time=0.23±0.04s

================================================================================
[2025-12-04 08:35:44] [292/900] Testing configuration:
  k_target: 32
  coarsen_limit: 80
  balance_weight: 2.9
  num_reads: 100
================================================================================
[2025-12-04 08:35:44]   Trial 1/3: ✓ cut=37344.49, balance=0.5842, time=0.30s
[2025-12-04 08:35:44]   Trial 2/3: ✓ cut=37233.90, balance=0.5876, time=0.31s
[2025-12-04 08:35:45]   Trial 3/3: ✓ cut=37306.18, balance=0.5999, time=0.31s
[2025-12-04 08:35:45] 
  Running METIS baseline...
[2025-12-04 08:35:45]   METIS baseline: cut=31846.33, balance=0.6548, time=0.05s
[2025-12-04 08:35:45]   METIS weights: min=1121.79, max=1713.11, avg=1345.83, std=144.56
[2025-12-04 08:35:45]   → Quantum vs METIS: cut improvement = -17.11%
[2025-12-04 08:35:45] 
  → Aggregate: cut=37294.86±45.86, balance=0.5905, time=0.31±0.00s

================================================================================
[2025-12-04 08:35:45] [293/900] Testing configuration:
  k_target: 32
  coarsen_limit: 80
  balance_weight: 2.9
  num_reads: 150
================================================================================
[2025-12-04 08:35:45]   Trial 1/3: ✓ cut=37966.95, balance=0.7613, time=0.42s
[2025-12-04 08:35:46]   Trial 2/3: ✓ cut=37816.23, balance=0.5986, time=0.41s
[2025-12-04 08:35:46]   Trial 3/3: ✓ cut=37176.13, balance=0.6623, time=0.41s
[2025-12-04 08:35:46] 
  Running METIS baseline...
[2025-12-04 08:35:46]   METIS baseline: cut=31846.33, balance=0.6548, time=0.05s
[2025-12-04 08:35:46]   METIS weights: min=1121.79, max=1713.11, avg=1345.83, std=144.56
[2025-12-04 08:35:46]   → Quantum vs METIS: cut improvement = -18.23%
[2025-12-04 08:35:46] 
  → Aggregate: cut=37653.10±342.84, balance=0.6741, time=0.42±0.00s

================================================================================
[2025-12-04 08:35:46] [294/900] Testing configuration:
  k_target: 32
  coarsen_limit: 80
  balance_weight: 2.9
  num_reads: 200
================================================================================
[2025-12-04 08:35:47]   Trial 1/3: ✓ cut=37135.93, balance=0.6012, time=0.52s
[2025-12-04 08:35:47]   Trial 2/3: ✓ cut=37291.33, balance=0.7610, time=0.52s
[2025-12-04 08:35:48]   Trial 3/3: ✓ cut=36575.18, balance=0.5786, time=0.52s
[2025-12-04 08:35:48] 
  Running METIS baseline...
[2025-12-04 08:35:48]   METIS baseline: cut=31846.33, balance=0.6548, time=0.05s
[2025-12-04 08:35:48]   METIS weights: min=1121.79, max=1713.11, avg=1345.83, std=144.56
[2025-12-04 08:35:48]   → Quantum vs METIS: cut improvement = -16.19%
[2025-12-04 08:35:48] 
  → Aggregate: cut=37000.81±307.58, balance=0.6469, time=0.52±0.00s

================================================================================
[2025-12-04 08:35:48] [295/900] Testing configuration:
  k_target: 32
  coarsen_limit: 80
  balance_weight: 2.9
  num_reads: 250
================================================================================
[2025-12-04 08:35:48]   Trial 1/3: ✓ cut=36480.45, balance=0.5501, time=0.63s
[2025-12-04 08:35:49]   Trial 2/3: ✓ cut=36657.41, balance=0.5928, time=0.63s
[2025-12-04 08:35:50]   Trial 3/3: ✓ cut=36646.50, balance=0.5776, time=0.63s
[2025-12-04 08:35:50] 
  Running METIS baseline...
[2025-12-04 08:35:50]   METIS baseline: cut=31846.33, balance=0.6548, time=0.13s
[2025-12-04 08:35:50]   METIS weights: min=1121.79, max=1713.11, avg=1345.83, std=144.56
[2025-12-04 08:35:50]   → Quantum vs METIS: cut improvement = -14.91%
[2025-12-04 08:35:50] 
  → Aggregate: cut=36594.79±80.97, balance=0.5735, time=0.63±0.00s

================================================================================
[2025-12-04 08:35:50] [296/900] Testing configuration:
  k_target: 32
  coarsen_limit: 80
  balance_weight: 2.9
  num_reads: 300
================================================================================
[2025-12-04 08:35:51]   Trial 1/3: ✓ cut=37046.31, balance=0.5182, time=0.73s
[2025-12-04 08:35:51]   Trial 2/3: ✓ cut=37013.13, balance=0.5692, time=0.73s
[2025-12-04 08:35:52]   Trial 3/3: ✓ cut=36594.35, balance=0.5494, time=0.75s
[2025-12-04 08:35:52] 
  Running METIS baseline...
[2025-12-04 08:35:52]   METIS baseline: cut=31846.33, balance=0.6548, time=0.05s
[2025-12-04 08:35:52]   METIS weights: min=1121.79, max=1713.11, avg=1345.83, std=144.56
[2025-12-04 08:35:52]   → Quantum vs METIS: cut improvement = -15.82%
[2025-12-04 08:35:52] 
  → Aggregate: cut=36884.59±205.68, balance=0.5456, time=0.74±0.01s

================================================================================
[2025-12-04 08:35:52] [297/900] Testing configuration:
  k_target: 32
  coarsen_limit: 80
  balance_weight: 2.9
  num_reads: 350
================================================================================
[2025-12-04 08:35:53]   Trial 1/3: ✓ cut=36988.88, balance=0.7434, time=0.84s
[2025-12-04 08:35:54]   Trial 2/3: ✓ cut=37003.62, balance=0.5692, time=0.85s
[2025-12-04 08:35:55]   Trial 3/3: ✓ cut=36801.04, balance=0.5597, time=0.86s
[2025-12-04 08:35:55] 
  Running METIS baseline...
[2025-12-04 08:35:55]   METIS baseline: cut=31846.33, balance=0.6548, time=0.05s
[2025-12-04 08:35:55]   METIS weights: min=1121.79, max=1713.11, avg=1345.83, std=144.56
[2025-12-04 08:35:55]   → Quantum vs METIS: cut improvement = -15.97%
[2025-12-04 08:35:55] 
  → Aggregate: cut=36931.18±92.22, balance=0.6241, time=0.85±0.01s

================================================================================
[2025-12-04 08:35:55] [298/900] Testing configuration:
  k_target: 32
  coarsen_limit: 80
  balance_weight: 2.9
  num_reads: 400
================================================================================
[2025-12-04 08:35:56]   Trial 1/3: ✓ cut=37282.95, balance=0.5430, time=0.96s
[2025-12-04 08:35:57]   Trial 2/3: ✓ cut=36777.60, balance=0.5350, time=0.94s
[2025-12-04 08:35:58]   Trial 3/3: ✓ cut=37500.75, balance=0.6942, time=0.93s
[2025-12-04 08:35:58] 
  Running METIS baseline...
[2025-12-04 08:35:58]   METIS baseline: cut=31846.33, balance=0.6548, time=0.05s
[2025-12-04 08:35:58]   METIS weights: min=1121.79, max=1713.11, avg=1345.83, std=144.56
[2025-12-04 08:35:58]   → Quantum vs METIS: cut improvement = -16.77%
[2025-12-04 08:35:58] 
  → Aggregate: cut=37187.10±302.91, balance=0.5907, time=0.94±0.01s

================================================================================
[2025-12-04 08:35:58] [299/900] Testing configuration:
  k_target: 32
  coarsen_limit: 80
  balance_weight: 2.9
  num_reads: 450
================================================================================
[2025-12-04 08:35:59]   Trial 1/3: ✓ cut=36955.98, balance=0.6104, time=1.05s
[2025-12-04 08:36:00]   Trial 2/3: ✓ cut=37104.39, balance=0.7629, time=1.05s
[2025-12-04 08:36:01]   Trial 3/3: ✓ cut=36779.52, balance=0.5483, time=1.05s
[2025-12-04 08:36:01] 
  Running METIS baseline...
[2025-12-04 08:36:01]   METIS baseline: cut=31846.33, balance=0.6548, time=0.05s
[2025-12-04 08:36:01]   METIS weights: min=1121.79, max=1713.11, avg=1345.83, std=144.56
[2025-12-04 08:36:01]   → Quantum vs METIS: cut improvement = -16.02%
[2025-12-04 08:36:01] 
  → Aggregate: cut=36946.63±132.79, balance=0.6405, time=1.05±0.00s

================================================================================
[2025-12-04 08:36:01] [300/900] Testing configuration:
  k_target: 32
  coarsen_limit: 80
  balance_weight: 2.9
  num_reads: 500
================================================================================
[2025-12-04 08:36:02]   Trial 1/3: ✓ cut=35852.96, balance=0.5606, time=1.23s
[2025-12-04 08:36:03]   Trial 2/3: ✓ cut=37235.96, balance=0.5373, time=1.18s
[2025-12-04 08:36:05]   Trial 3/3: ✓ cut=36684.35, balance=0.7285, time=1.27s
[2025-12-04 08:36:05] 
  Running METIS baseline...
[2025-12-04 08:36:05]   METIS baseline: cut=31846.33, balance=0.6548, time=0.05s
[2025-12-04 08:36:05]   METIS weights: min=1121.79, max=1713.11, avg=1345.83, std=144.56
[2025-12-04 08:36:05]   → Quantum vs METIS: cut improvement = -14.90%
[2025-12-04 08:36:05] 
  → Aggregate: cut=36591.09±568.45, balance=0.6088, time=1.22±0.04s

================================================================================
[2025-12-04 08:36:05] [301/900] Testing configuration:
  k_target: 32
  coarsen_limit: 110
  balance_weight: 0.1
  num_reads: 50
================================================================================
[2025-12-04 08:36:05]   Trial 1/3: ✓ cut=36323.86, balance=0.5786, time=0.22s
[2025-12-04 08:36:05]   Trial 2/3: ✓ cut=36448.98, balance=0.5250, time=0.20s
[2025-12-04 08:36:05]   Trial 3/3: ✓ cut=36392.95, balance=0.5897, time=0.21s
[2025-12-04 08:36:05] 
  Running METIS baseline...
[2025-12-04 08:36:05]   METIS baseline: cut=31846.33, balance=0.6548, time=0.05s
[2025-12-04 08:36:05]   METIS weights: min=1121.79, max=1713.11, avg=1345.83, std=144.56
[2025-12-04 08:36:05]   → Quantum vs METIS: cut improvement = -14.26%
[2025-12-04 08:36:05] 
  → Aggregate: cut=36388.60±51.17, balance=0.5644, time=0.21±0.01s

================================================================================
[2025-12-04 08:36:05] [302/900] Testing configuration:
  k_target: 32
  coarsen_limit: 110
  balance_weight: 0.1
  num_reads: 100
================================================================================
[2025-12-04 08:36:06]   Trial 1/3: ✓ cut=35683.35, balance=0.5677, time=0.31s
[2025-12-04 08:36:06]   Trial 2/3: ✓ cut=35894.53, balance=0.5684, time=0.31s
[2025-12-04 08:36:06]   Trial 3/3: ✓ cut=36354.50, balance=0.5643, time=0.31s
[2025-12-04 08:36:06] 
  Running METIS baseline...
[2025-12-04 08:36:06]   METIS baseline: cut=31846.33, balance=0.6548, time=0.05s
[2025-12-04 08:36:06]   METIS weights: min=1121.79, max=1713.11, avg=1345.83, std=144.56
[2025-12-04 08:36:06]   → Quantum vs METIS: cut improvement = -12.97%
[2025-12-04 08:36:06] 
  → Aggregate: cut=35977.46±280.20, balance=0.5668, time=0.31±0.00s

================================================================================
[2025-12-04 08:36:06] [303/900] Testing configuration:
  k_target: 32
  coarsen_limit: 110
  balance_weight: 0.1
  num_reads: 150
================================================================================
[2025-12-04 08:36:07]   Trial 1/3: ✓ cut=36080.52, balance=0.5523, time=0.41s
[2025-12-04 08:36:07]   Trial 2/3: ✓ cut=36920.00, balance=0.7146, time=0.42s
[2025-12-04 08:36:08]   Trial 3/3: ✓ cut=35515.43, balance=0.5598, time=0.42s
[2025-12-04 08:36:08] 
  Running METIS baseline...
[2025-12-04 08:36:08]   METIS baseline: cut=31846.33, balance=0.6548, time=0.05s
[2025-12-04 08:36:08]   METIS weights: min=1121.79, max=1713.11, avg=1345.83, std=144.56
[2025-12-04 08:36:08]   → Quantum vs METIS: cut improvement = -13.58%
[2025-12-04 08:36:08] 
  → Aggregate: cut=36171.98±577.05, balance=0.6089, time=0.42±0.00s

================================================================================
[2025-12-04 08:36:08] [304/900] Testing configuration:
  k_target: 32
  coarsen_limit: 110
  balance_weight: 0.1
  num_reads: 200
================================================================================
[2025-12-04 08:36:08]   Trial 1/3: ✓ cut=36051.70, balance=0.5350, time=0.52s
[2025-12-04 08:36:09]   Trial 2/3: ✓ cut=36340.46, balance=0.5547, time=0.55s
[2025-12-04 08:36:09]   Trial 3/3: ✓ cut=36179.49, balance=0.5081, time=0.54s
[2025-12-04 08:36:09] 
  Running METIS baseline...
[2025-12-04 08:36:09]   METIS baseline: cut=31846.33, balance=0.6548, time=0.05s
[2025-12-04 08:36:09]   METIS weights: min=1121.79, max=1713.11, avg=1345.83, std=144.56
[2025-12-04 08:36:09]   → Quantum vs METIS: cut improvement = -13.64%
[2025-12-04 08:36:09] 
  → Aggregate: cut=36190.55±118.14, balance=0.5326, time=0.53±0.01s

================================================================================
[2025-12-04 08:36:09] [305/900] Testing configuration:
  k_target: 32
  coarsen_limit: 110
  balance_weight: 0.1
  num_reads: 250
================================================================================
[2025-12-04 08:36:10]   Trial 1/3: ✓ cut=35744.13, balance=0.6343, time=0.71s
[2025-12-04 08:36:11]   Trial 2/3: ✓ cut=35787.32, balance=0.5588, time=0.63s
[2025-12-04 08:36:11]   Trial 3/3: ✓ cut=36508.92, balance=0.5714, time=0.66s
[2025-12-04 08:36:11] 
  Running METIS baseline...
[2025-12-04 08:36:12]   METIS baseline: cut=31846.33, balance=0.6548, time=0.06s
[2025-12-04 08:36:12]   METIS weights: min=1121.79, max=1713.11, avg=1345.83, std=144.56
[2025-12-04 08:36:12]   → Quantum vs METIS: cut improvement = -13.09%
[2025-12-04 08:36:12] 
  → Aggregate: cut=36013.46±350.79, balance=0.5881, time=0.67±0.03s

================================================================================
[2025-12-04 08:36:12] [306/900] Testing configuration:
  k_target: 32
  coarsen_limit: 110
  balance_weight: 0.1
  num_reads: 300
================================================================================
[2025-12-04 08:36:12]   Trial 1/3: ✓ cut=36219.00, balance=0.6058, time=0.74s
[2025-12-04 08:36:13]   Trial 2/3: ✓ cut=35912.43, balance=0.6096, time=0.72s
[2025-12-04 08:36:14]   Trial 3/3: ✓ cut=35767.37, balance=0.6099, time=0.74s
[2025-12-04 08:36:14] 
  Running METIS baseline...
[2025-12-04 08:36:14]   METIS baseline: cut=31846.33, balance=0.6548, time=0.05s
[2025-12-04 08:36:14]   METIS weights: min=1121.79, max=1713.11, avg=1345.83, std=144.56
[2025-12-04 08:36:14]   → Quantum vs METIS: cut improvement = -12.94%
[2025-12-04 08:36:14] 
  → Aggregate: cut=35966.27±188.27, balance=0.6084, time=0.74±0.01s

================================================================================
[2025-12-04 08:36:14] [307/900] Testing configuration:
  k_target: 32
  coarsen_limit: 110
  balance_weight: 0.1
  num_reads: 350
================================================================================
[2025-12-04 08:36:15]   Trial 1/3: ✓ cut=35951.83, balance=0.6141, time=0.84s
[2025-12-04 08:36:16]   Trial 2/3: ✓ cut=35632.43, balance=0.5795, time=0.85s
[2025-12-04 08:36:16]   Trial 3/3: ✓ cut=36286.74, balance=0.6000, time=0.83s
[2025-12-04 08:36:16] 
  Running METIS baseline...
[2025-12-04 08:36:16]   METIS baseline: cut=31846.33, balance=0.6548, time=0.05s
[2025-12-04 08:36:16]   METIS weights: min=1121.79, max=1713.11, avg=1345.83, std=144.56
[2025-12-04 08:36:16]   → Quantum vs METIS: cut improvement = -12.91%
[2025-12-04 08:36:16] 
  → Aggregate: cut=35957.00±267.14, balance=0.5979, time=0.84±0.01s

================================================================================
[2025-12-04 08:36:16] [308/900] Testing configuration:
  k_target: 32
  coarsen_limit: 110
  balance_weight: 0.1
  num_reads: 400
================================================================================
[2025-12-04 08:36:17]   Trial 1/3: ✓ cut=36024.14, balance=0.6039, time=0.94s
[2025-12-04 08:36:18]   Trial 2/3: ✓ cut=36314.49, balance=0.5758, time=0.95s
[2025-12-04 08:36:19]   Trial 3/3: ✓ cut=35810.84, balance=0.5856, time=0.95s
[2025-12-04 08:36:19] 
  Running METIS baseline...
[2025-12-04 08:36:19]   METIS baseline: cut=31846.33, balance=0.6548, time=0.05s
[2025-12-04 08:36:19]   METIS weights: min=1121.79, max=1713.11, avg=1345.83, std=144.56
[2025-12-04 08:36:19]   → Quantum vs METIS: cut improvement = -13.20%
[2025-12-04 08:36:19] 
  → Aggregate: cut=36049.82±206.41, balance=0.5885, time=0.94±0.01s

================================================================================
[2025-12-04 08:36:19] [309/900] Testing configuration:
  k_target: 32
  coarsen_limit: 110
  balance_weight: 0.1
  num_reads: 450
================================================================================
[2025-12-04 08:36:20]   Trial 1/3: ✓ cut=36444.89, balance=0.5473, time=1.05s
[2025-12-04 08:36:22]   Trial 2/3: ✓ cut=35381.45, balance=0.6099, time=1.06s
[2025-12-04 08:36:23]   Trial 3/3: ✓ cut=35189.05, balance=0.5483, time=1.05s
[2025-12-04 08:36:23] 
  Running METIS baseline...
[2025-12-04 08:36:23]   METIS baseline: cut=31846.33, balance=0.6548, time=0.13s
[2025-12-04 08:36:23]   METIS weights: min=1121.79, max=1713.11, avg=1345.83, std=144.56
[2025-12-04 08:36:23]   → Quantum vs METIS: cut improvement = -12.01%
[2025-12-04 08:36:23] 
  → Aggregate: cut=35671.80±552.27, balance=0.5685, time=1.06±0.00s

================================================================================
[2025-12-04 08:36:23] [310/900] Testing configuration:
  k_target: 32
  coarsen_limit: 110
  balance_weight: 0.1
  num_reads: 500
================================================================================
[2025-12-04 08:36:24]   Trial 1/3: ✓ cut=35686.91, balance=0.5955, time=1.16s
[2025-12-04 08:36:25]   Trial 2/3: ✓ cut=35989.04, balance=0.5955, time=1.18s
[2025-12-04 08:36:26]   Trial 3/3: ✓ cut=35870.11, balance=0.6586, time=1.15s
[2025-12-04 08:36:26] 
  Running METIS baseline...
[2025-12-04 08:36:26]   METIS baseline: cut=31846.33, balance=0.6548, time=0.05s
[2025-12-04 08:36:26]   METIS weights: min=1121.79, max=1713.11, avg=1345.83, std=144.56
[2025-12-04 08:36:26]   → Quantum vs METIS: cut improvement = -12.57%
[2025-12-04 08:36:26] 
  → Aggregate: cut=35848.68±124.27, balance=0.6165, time=1.16±0.01s

================================================================================
[2025-12-04 08:36:26] [311/900] Testing configuration:
  k_target: 32
  coarsen_limit: 110
  balance_weight: 0.3
  num_reads: 50
================================================================================
[2025-12-04 08:36:27]   Trial 1/3: ✓ cut=36041.54, balance=0.5412, time=0.20s
[2025-12-04 08:36:27]   Trial 2/3: ✓ cut=36498.52, balance=0.5638, time=0.20s
[2025-12-04 08:36:27]   Trial 3/3: ✓ cut=37183.82, balance=0.7323, time=0.20s
[2025-12-04 08:36:27] 
  Running METIS baseline...
[2025-12-04 08:36:27]   METIS baseline: cut=31846.33, balance=0.6548, time=0.05s
[2025-12-04 08:36:27]   METIS weights: min=1121.79, max=1713.11, avg=1345.83, std=144.56
[2025-12-04 08:36:27]   → Quantum vs METIS: cut improvement = -14.85%
[2025-12-04 08:36:27] 
  → Aggregate: cut=36574.62±469.43, balance=0.6124, time=0.20±0.00s

================================================================================
[2025-12-04 08:36:27] [312/900] Testing configuration:
  k_target: 32
  coarsen_limit: 110
  balance_weight: 0.3
  num_reads: 100
================================================================================
[2025-12-04 08:36:27]   Trial 1/3: ✓ cut=35715.64, balance=0.6952, time=0.31s
[2025-12-04 08:36:28]   Trial 2/3: ✓ cut=36500.80, balance=0.5350, time=0.31s
[2025-12-04 08:36:28]   Trial 3/3: ✓ cut=36807.17, balance=0.5991, time=0.31s
[2025-12-04 08:36:28] 
  Running METIS baseline...
[2025-12-04 08:36:28]   METIS baseline: cut=31846.33, balance=0.6548, time=0.05s
[2025-12-04 08:36:28]   METIS weights: min=1121.79, max=1713.11, avg=1345.83, std=144.56
[2025-12-04 08:36:28]   → Quantum vs METIS: cut improvement = -14.11%
[2025-12-04 08:36:28] 
  → Aggregate: cut=36341.20±459.68, balance=0.6098, time=0.31±0.00s

================================================================================
[2025-12-04 08:36:28] [313/900] Testing configuration:
  k_target: 32
  coarsen_limit: 110
  balance_weight: 0.3
  num_reads: 150
================================================================================
[2025-12-04 08:36:28]   Trial 1/3: ✓ cut=36541.23, balance=0.6171, time=0.42s
[2025-12-04 08:36:29]   Trial 2/3: ✓ cut=36088.80, balance=0.5313, time=0.42s
[2025-12-04 08:36:29]   Trial 3/3: ✓ cut=36126.28, balance=0.5836, time=0.41s
[2025-12-04 08:36:29] 
  Running METIS baseline...
[2025-12-04 08:36:29]   METIS baseline: cut=31846.33, balance=0.6548, time=0.05s
[2025-12-04 08:36:29]   METIS weights: min=1121.79, max=1713.11, avg=1345.83, std=144.56
[2025-12-04 08:36:29]   → Quantum vs METIS: cut improvement = -13.83%
[2025-12-04 08:36:29] 
  → Aggregate: cut=36252.10±205.02, balance=0.5773, time=0.42±0.00s

================================================================================
[2025-12-04 08:36:29] [314/900] Testing configuration:
  k_target: 32
  coarsen_limit: 110
  balance_weight: 0.3
  num_reads: 200
================================================================================
[2025-12-04 08:36:30]   Trial 1/3: ✓ cut=36294.18, balance=0.5677, time=0.52s
[2025-12-04 08:36:30]   Trial 2/3: ✓ cut=36927.45, balance=0.7403, time=0.52s
[2025-12-04 08:36:31]   Trial 3/3: ✓ cut=36588.84, balance=0.7400, time=0.60s
[2025-12-04 08:36:31] 
  Running METIS baseline...
[2025-12-04 08:36:31]   METIS baseline: cut=31846.33, balance=0.6548, time=0.05s
[2025-12-04 08:36:31]   METIS weights: min=1121.79, max=1713.11, avg=1345.83, std=144.56
[2025-12-04 08:36:31]   → Quantum vs METIS: cut improvement = -14.94%
[2025-12-04 08:36:31] 
  → Aggregate: cut=36603.49±258.74, balance=0.6827, time=0.55±0.04s

================================================================================
[2025-12-04 08:36:31] [315/900] Testing configuration:
  k_target: 32
  coarsen_limit: 110
  balance_weight: 0.3
  num_reads: 250
================================================================================
[2025-12-04 08:36:32]   Trial 1/3: ✓ cut=37099.44, balance=0.5876, time=0.63s
[2025-12-04 08:36:32]   Trial 2/3: ✓ cut=36097.93, balance=0.5818, time=0.63s
[2025-12-04 08:36:33]   Trial 3/3: ✓ cut=36342.71, balance=0.5954, time=0.64s
[2025-12-04 08:36:33] 
  Running METIS baseline...
[2025-12-04 08:36:33]   METIS baseline: cut=31846.33, balance=0.6548, time=0.05s
[2025-12-04 08:36:33]   METIS weights: min=1121.79, max=1713.11, avg=1345.83, std=144.56
[2025-12-04 08:36:33]   → Quantum vs METIS: cut improvement = -14.65%
[2025-12-04 08:36:33] 
  → Aggregate: cut=36513.36±426.30, balance=0.5883, time=0.63±0.00s

================================================================================
[2025-12-04 08:36:33] [316/900] Testing configuration:
  k_target: 32
  coarsen_limit: 110
  balance_weight: 0.3
  num_reads: 300
================================================================================
[2025-12-04 08:36:34]   Trial 1/3: ✓ cut=36752.47, balance=0.5677, time=0.74s
[2025-12-04 08:36:35]   Trial 2/3: ✓ cut=36904.88, balance=0.5955, time=0.73s
[2025-12-04 08:36:35]   Trial 3/3: ✓ cut=36992.01, balance=0.6533, time=0.74s
[2025-12-04 08:36:35] 
  Running METIS baseline...
[2025-12-04 08:36:35]   METIS baseline: cut=31846.33, balance=0.6548, time=0.05s
[2025-12-04 08:36:35]   METIS weights: min=1121.79, max=1713.11, avg=1345.83, std=144.56
[2025-12-04 08:36:35]   → Quantum vs METIS: cut improvement = -15.82%
[2025-12-04 08:36:35] 
  → Aggregate: cut=36883.12±98.99, balance=0.6055, time=0.74±0.00s

================================================================================
[2025-12-04 08:36:35] [317/900] Testing configuration:
  k_target: 32
  coarsen_limit: 110
  balance_weight: 0.3
  num_reads: 350
================================================================================
[2025-12-04 08:36:36]   Trial 1/3: ✓ cut=35966.30, balance=0.5709, time=0.86s
[2025-12-04 08:36:37]   Trial 2/3: ✓ cut=36571.07, balance=0.7221, time=0.85s
[2025-12-04 08:36:38]   Trial 3/3: ✓ cut=36224.74, balance=0.7884, time=0.83s
[2025-12-04 08:36:38] 
  Running METIS baseline...
[2025-12-04 08:36:38]   METIS baseline: cut=31846.33, balance=0.6548, time=0.05s
[2025-12-04 08:36:38]   METIS weights: min=1121.79, max=1713.11, avg=1345.83, std=144.56
[2025-12-04 08:36:38]   → Quantum vs METIS: cut improvement = -13.84%
[2025-12-04 08:36:38] 
  → Aggregate: cut=36254.04±247.76, balance=0.6938, time=0.85±0.01s

================================================================================
[2025-12-04 08:36:38] [318/900] Testing configuration:
  k_target: 32
  coarsen_limit: 110
  balance_weight: 0.3
  num_reads: 400
================================================================================
[2025-12-04 08:36:39]   Trial 1/3: ✓ cut=36880.41, balance=0.6015, time=0.94s
[2025-12-04 08:36:40]   Trial 2/3: ✓ cut=36303.39, balance=0.5545, time=0.96s
[2025-12-04 08:36:41]   Trial 3/3: ✓ cut=36344.32, balance=0.5412, time=0.95s
[2025-12-04 08:36:41] 
  Running METIS baseline...
[2025-12-04 08:36:41]   METIS baseline: cut=31846.33, balance=0.6548, time=0.05s
[2025-12-04 08:36:41]   METIS weights: min=1121.79, max=1713.11, avg=1345.83, std=144.56
[2025-12-04 08:36:41]   → Quantum vs METIS: cut improvement = -14.64%
[2025-12-04 08:36:41] 
  → Aggregate: cut=36509.38±262.90, balance=0.5657, time=0.95±0.01s

================================================================================
[2025-12-04 08:36:41] [319/900] Testing configuration:
  k_target: 32
  coarsen_limit: 110
  balance_weight: 0.3
  num_reads: 450
================================================================================
[2025-12-04 08:36:42]   Trial 1/3: ✓ cut=36475.97, balance=0.5933, time=1.05s
[2025-12-04 08:36:43]   Trial 2/3: ✓ cut=36556.46, balance=0.5416, time=1.17s
[2025-12-04 08:36:44]   Trial 3/3: ✓ cut=35928.38, balance=0.5618, time=1.06s
[2025-12-04 08:36:44] 
  Running METIS baseline...
[2025-12-04 08:36:44]   METIS baseline: cut=31846.33, balance=0.6548, time=0.05s
[2025-12-04 08:36:44]   METIS weights: min=1121.79, max=1713.11, avg=1345.83, std=144.56
[2025-12-04 08:36:44]   → Quantum vs METIS: cut improvement = -14.05%
[2025-12-04 08:36:44] 
  → Aggregate: cut=36320.27±279.05, balance=0.5656, time=1.09±0.05s

================================================================================
[2025-12-04 08:36:44] [320/900] Testing configuration:
  k_target: 32
  coarsen_limit: 110
  balance_weight: 0.3
  num_reads: 500
================================================================================
[2025-12-04 08:36:46]   Trial 1/3: ✓ cut=36545.04, balance=0.5169, time=1.17s
[2025-12-04 08:36:47]   Trial 2/3: ✓ cut=36946.02, balance=0.5498, time=1.15s
[2025-12-04 08:36:48]   Trial 3/3: ✓ cut=36846.59, balance=0.5479, time=1.15s
[2025-12-04 08:36:48] 
  Running METIS baseline...
[2025-12-04 08:36:48]   METIS baseline: cut=31846.33, balance=0.6548, time=0.05s
[2025-12-04 08:36:48]   METIS weights: min=1121.79, max=1713.11, avg=1345.83, std=144.56
[2025-12-04 08:36:48]   → Quantum vs METIS: cut improvement = -15.49%
[2025-12-04 08:36:48] 
  → Aggregate: cut=36779.22±170.49, balance=0.5382, time=1.15±0.01s

================================================================================
[2025-12-04 08:36:48] [321/900] Testing configuration:
  k_target: 32
  coarsen_limit: 110
  balance_weight: 0.5
  num_reads: 50
================================================================================
[2025-12-04 08:36:48]   Trial 1/3: ✓ cut=36806.33, balance=0.6015, time=0.20s
[2025-12-04 08:36:48]   Trial 2/3: ✓ cut=36525.15, balance=0.6253, time=0.20s
[2025-12-04 08:36:49]   Trial 3/3: ✓ cut=37215.79, balance=0.5804, time=0.20s
[2025-12-04 08:36:49] 
  Running METIS baseline...
[2025-12-04 08:36:49]   METIS baseline: cut=31846.33, balance=0.6548, time=0.05s
[2025-12-04 08:36:49]   METIS weights: min=1121.79, max=1713.11, avg=1345.83, std=144.56
[2025-12-04 08:36:49]   → Quantum vs METIS: cut improvement = -15.71%
[2025-12-04 08:36:49] 
  → Aggregate: cut=36849.09±283.57, balance=0.6024, time=0.20±0.00s

================================================================================
[2025-12-04 08:36:49] [322/900] Testing configuration:
  k_target: 32
  coarsen_limit: 110
  balance_weight: 0.5
  num_reads: 100
================================================================================
[2025-12-04 08:36:49]   Trial 1/3: ✓ cut=37285.62, balance=0.7040, time=0.32s
[2025-12-04 08:36:49]   Trial 2/3: ✓ cut=37159.86, balance=0.6039, time=0.31s
[2025-12-04 08:36:50]   Trial 3/3: ✓ cut=36764.09, balance=0.6214, time=0.31s
[2025-12-04 08:36:50] 
  Running METIS baseline...
[2025-12-04 08:36:50]   METIS baseline: cut=31846.33, balance=0.6548, time=0.05s
[2025-12-04 08:36:50]   METIS weights: min=1121.79, max=1713.11, avg=1345.83, std=144.56
[2025-12-04 08:36:50]   → Quantum vs METIS: cut improvement = -16.40%
[2025-12-04 08:36:50] 
  → Aggregate: cut=37069.85±222.22, balance=0.6431, time=0.32±0.00s

================================================================================
[2025-12-04 08:36:50] [323/900] Testing configuration:
  k_target: 32
  coarsen_limit: 110
  balance_weight: 0.5
  num_reads: 150
================================================================================
[2025-12-04 08:36:50]   Trial 1/3: ✓ cut=37338.22, balance=0.5856, time=0.42s
[2025-12-04 08:36:51]   Trial 2/3: ✓ cut=37304.60, balance=0.5701, time=0.42s
[2025-12-04 08:36:51]   Trial 3/3: ✓ cut=36973.58, balance=0.6796, time=0.43s
[2025-12-04 08:36:51] 
  Running METIS baseline...
[2025-12-04 08:36:51]   METIS baseline: cut=31846.33, balance=0.6548, time=0.05s
[2025-12-04 08:36:51]   METIS weights: min=1121.79, max=1713.11, avg=1345.83, std=144.56
[2025-12-04 08:36:51]   → Quantum vs METIS: cut improvement = -16.83%
[2025-12-04 08:36:51] 
  → Aggregate: cut=37205.47±164.54, balance=0.6118, time=0.42±0.00s

================================================================================
[2025-12-04 08:36:51] [324/900] Testing configuration:
  k_target: 32
  coarsen_limit: 110
  balance_weight: 0.5
  num_reads: 200
================================================================================
[2025-12-04 08:36:52]   Trial 1/3: ✓ cut=36914.46, balance=0.6839, time=0.60s
[2025-12-04 08:36:52]   Trial 2/3: ✓ cut=36762.76, balance=0.6022, time=0.53s
[2025-12-04 08:36:53]   Trial 3/3: ✓ cut=36702.37, balance=0.5876, time=0.52s
[2025-12-04 08:36:53] 
  Running METIS baseline...
[2025-12-04 08:36:53]   METIS baseline: cut=31846.33, balance=0.6548, time=0.05s
[2025-12-04 08:36:53]   METIS weights: min=1121.79, max=1713.11, avg=1345.83, std=144.56
[2025-12-04 08:36:53]   → Quantum vs METIS: cut improvement = -15.53%
[2025-12-04 08:36:53] 
  → Aggregate: cut=36793.20±89.22, balance=0.6245, time=0.55±0.04s

================================================================================
[2025-12-04 08:36:53] [325/900] Testing configuration:
  k_target: 32
  coarsen_limit: 110
  balance_weight: 0.5
  num_reads: 250
================================================================================
[2025-12-04 08:36:53]   Trial 1/3: ✓ cut=36959.81, balance=0.5497, time=0.64s
[2025-12-04 08:36:54]   Trial 2/3: ✓ cut=35832.51, balance=0.5637, time=0.63s
[2025-12-04 08:36:55]   Trial 3/3: ✓ cut=36649.35, balance=0.6411, time=0.64s
[2025-12-04 08:36:55] 
  Running METIS baseline...
[2025-12-04 08:36:55]   METIS baseline: cut=31846.33, balance=0.6548, time=0.05s
[2025-12-04 08:36:55]   METIS weights: min=1121.79, max=1713.11, avg=1345.83, std=144.56
[2025-12-04 08:36:55]   → Quantum vs METIS: cut improvement = -14.55%
[2025-12-04 08:36:55] 
  → Aggregate: cut=36480.55±475.44, balance=0.5848, time=0.63±0.01s

================================================================================
[2025-12-04 08:36:55] [326/900] Testing configuration:
  k_target: 32
  coarsen_limit: 110
  balance_weight: 0.5
  num_reads: 300
================================================================================
[2025-12-04 08:36:56]   Trial 1/3: ✓ cut=36865.98, balance=0.5876, time=0.74s
[2025-12-04 08:36:56]   Trial 2/3: ✓ cut=36721.40, balance=0.5971, time=0.73s
[2025-12-04 08:36:57]   Trial 3/3: ✓ cut=36987.96, balance=0.5852, time=0.73s
[2025-12-04 08:36:57] 
  Running METIS baseline...
[2025-12-04 08:36:57]   METIS baseline: cut=31846.33, balance=0.6548, time=0.05s
[2025-12-04 08:36:57]   METIS weights: min=1121.79, max=1713.11, avg=1345.83, std=144.56
[2025-12-04 08:36:57]   → Quantum vs METIS: cut improvement = -15.74%
[2025-12-04 08:36:57] 
  → Aggregate: cut=36858.45±108.96, balance=0.5899, time=0.73±0.00s

================================================================================
[2025-12-04 08:36:57] [327/900] Testing configuration:
  k_target: 32
  coarsen_limit: 110
  balance_weight: 0.5
  num_reads: 350
================================================================================
[2025-12-04 08:36:58]   Trial 1/3: ✓ cut=36945.70, balance=0.6068, time=0.82s
[2025-12-04 08:36:59]   Trial 2/3: ✓ cut=36288.51, balance=0.5223, time=0.84s
[2025-12-04 08:37:00]   Trial 3/3: ✓ cut=36730.03, balance=0.5955, time=0.84s
[2025-12-04 08:37:00] 
  Running METIS baseline...
[2025-12-04 08:37:00]   METIS baseline: cut=31846.33, balance=0.6548, time=0.05s
[2025-12-04 08:37:00]   METIS weights: min=1121.79, max=1713.11, avg=1345.83, std=144.56
[2025-12-04 08:37:00]   → Quantum vs METIS: cut improvement = -15.10%
[2025-12-04 08:37:00] 
  → Aggregate: cut=36654.75±273.53, balance=0.5749, time=0.84±0.01s

================================================================================
[2025-12-04 08:37:00] [328/900] Testing configuration:
  k_target: 32
  coarsen_limit: 110
  balance_weight: 0.5
  num_reads: 400
================================================================================
[2025-12-04 08:37:01]   Trial 1/3: ✓ cut=36218.75, balance=0.5523, time=0.94s
[2025-12-04 08:37:02]   Trial 2/3: ✓ cut=36617.40, balance=0.5692, time=0.98s
[2025-12-04 08:37:03]   Trial 3/3: ✓ cut=36877.66, balance=0.5955, time=1.02s
[2025-12-04 08:37:03] 
  Running METIS baseline...
[2025-12-04 08:37:03]   METIS baseline: cut=31846.33, balance=0.6548, time=0.14s
[2025-12-04 08:37:03]   METIS weights: min=1121.79, max=1713.11, avg=1345.83, std=144.56
[2025-12-04 08:37:03]   → Quantum vs METIS: cut improvement = -14.84%
[2025-12-04 08:37:03] 
  → Aggregate: cut=36571.27±270.97, balance=0.5723, time=0.98±0.03s

================================================================================
[2025-12-04 08:37:03] [329/900] Testing configuration:
  k_target: 32
  coarsen_limit: 110
  balance_weight: 0.5
  num_reads: 450
================================================================================
[2025-12-04 08:37:04]   Trial 1/3: ✓ cut=36985.26, balance=0.6631, time=1.10s
[2025-12-04 08:37:05]   Trial 2/3: ✓ cut=36005.41, balance=0.5890, time=1.09s
[2025-12-04 08:37:06]   Trial 3/3: ✓ cut=36540.32, balance=0.5786, time=1.14s
[2025-12-04 08:37:06] 
  Running METIS baseline...
[2025-12-04 08:37:06]   METIS baseline: cut=31846.33, balance=0.6548, time=0.05s
[2025-12-04 08:37:06]   METIS weights: min=1121.79, max=1713.11, avg=1345.83, std=144.56
[2025-12-04 08:37:06]   → Quantum vs METIS: cut improvement = -14.65%
[2025-12-04 08:37:06] 
  → Aggregate: cut=36510.33±400.59, balance=0.6102, time=1.11±0.02s

================================================================================
[2025-12-04 08:37:06] [330/900] Testing configuration:
  k_target: 32
  coarsen_limit: 110
  balance_weight: 0.5
  num_reads: 500
================================================================================
[2025-12-04 08:37:07]   Trial 1/3: ✓ cut=35904.26, balance=0.6058, time=1.23s
[2025-12-04 08:37:09]   Trial 2/3: ✓ cut=36689.01, balance=0.5169, time=1.19s
[2025-12-04 08:37:10]   Trial 3/3: ✓ cut=37245.58, balance=0.7597, time=1.24s
[2025-12-04 08:37:10] 
  Running METIS baseline...
[2025-12-04 08:37:10]   METIS baseline: cut=31846.33, balance=0.6548, time=0.05s
[2025-12-04 08:37:10]   METIS weights: min=1121.79, max=1713.11, avg=1345.83, std=144.56
[2025-12-04 08:37:10]   → Quantum vs METIS: cut improvement = -14.97%
[2025-12-04 08:37:10] 
  → Aggregate: cut=36612.95±550.23, balance=0.6275, time=1.22±0.02s

================================================================================
[2025-12-04 08:37:10] [331/900] Testing configuration:
  k_target: 32
  coarsen_limit: 110
  balance_weight: 0.7
  num_reads: 50
================================================================================
[2025-12-04 08:37:10]   Trial 1/3: ✓ cut=37094.97, balance=0.5163, time=0.22s
[2025-12-04 08:37:10]   Trial 2/3: ✓ cut=36994.53, balance=0.6041, time=0.22s
[2025-12-04 08:37:11]   Trial 3/3: ✓ cut=37238.00, balance=0.5290, time=0.20s
[2025-12-04 08:37:11] 
  Running METIS baseline...
[2025-12-04 08:37:11]   METIS baseline: cut=31846.33, balance=0.6548, time=0.05s
[2025-12-04 08:37:11]   METIS weights: min=1121.79, max=1713.11, avg=1345.83, std=144.56
[2025-12-04 08:37:11]   → Quantum vs METIS: cut improvement = -16.53%
[2025-12-04 08:37:11] 
  → Aggregate: cut=37109.17±99.90, balance=0.5498, time=0.21±0.01s

================================================================================
[2025-12-04 08:37:11] [332/900] Testing configuration:
  k_target: 32
  coarsen_limit: 110
  balance_weight: 0.7
  num_reads: 100
================================================================================
[2025-12-04 08:37:11]   Trial 1/3: ✓ cut=36708.80, balance=0.5876, time=0.33s
[2025-12-04 08:37:11]   Trial 2/3: ✓ cut=36750.40, balance=0.5641, time=0.33s
[2025-12-04 08:37:12]   Trial 3/3: ✓ cut=37210.40, balance=0.6752, time=0.33s
[2025-12-04 08:37:12] 
  Running METIS baseline...
[2025-12-04 08:37:12]   METIS baseline: cut=31846.33, balance=0.6548, time=0.05s
[2025-12-04 08:37:12]   METIS weights: min=1121.79, max=1713.11, avg=1345.83, std=144.56
[2025-12-04 08:37:12]   → Quantum vs METIS: cut improvement = -15.84%
[2025-12-04 08:37:12] 
  → Aggregate: cut=36889.87±227.29, balance=0.6090, time=0.33±0.00s

================================================================================
[2025-12-04 08:37:12] [333/900] Testing configuration:
  k_target: 32
  coarsen_limit: 110
  balance_weight: 0.7
  num_reads: 150
================================================================================
[2025-12-04 08:37:12]   Trial 1/3: ✓ cut=36997.48, balance=0.5944, time=0.44s
[2025-12-04 08:37:13]   Trial 2/3: ✓ cut=36584.93, balance=0.7463, time=0.42s
[2025-12-04 08:37:13]   Trial 3/3: ✓ cut=37694.86, balance=0.6105, time=0.41s
[2025-12-04 08:37:13] 
  Running METIS baseline...
[2025-12-04 08:37:13]   METIS baseline: cut=31846.33, balance=0.6548, time=0.14s
[2025-12-04 08:37:13]   METIS weights: min=1121.79, max=1713.11, avg=1345.83, std=144.56
[2025-12-04 08:37:13]   → Quantum vs METIS: cut improvement = -16.47%
[2025-12-04 08:37:13] 
  → Aggregate: cut=37092.43±458.07, balance=0.6504, time=0.42±0.01s

================================================================================
[2025-12-04 08:37:13] [334/900] Testing configuration:
  k_target: 32
  coarsen_limit: 110
  balance_weight: 0.7
  num_reads: 200
================================================================================
[2025-12-04 08:37:14]   Trial 1/3: ✓ cut=36517.31, balance=0.5419, time=0.53s
[2025-12-04 08:37:14]   Trial 2/3: ✓ cut=36393.50, balance=0.5742, time=0.52s
[2025-12-04 08:37:15]   Trial 3/3: ✓ cut=36536.72, balance=0.5169, time=0.53s
[2025-12-04 08:37:15] 
  Running METIS baseline...
[2025-12-04 08:37:15]   METIS baseline: cut=31846.33, balance=0.6548, time=0.05s
[2025-12-04 08:37:15]   METIS weights: min=1121.79, max=1713.11, avg=1345.83, std=144.56
[2025-12-04 08:37:15]   → Quantum vs METIS: cut improvement = -14.56%
[2025-12-04 08:37:15] 
  → Aggregate: cut=36482.51±63.44, balance=0.5443, time=0.53±0.00s

================================================================================
[2025-12-04 08:37:15] [335/900] Testing configuration:
  k_target: 32
  coarsen_limit: 110
  balance_weight: 0.7
  num_reads: 250
================================================================================
[2025-12-04 08:37:16]   Trial 1/3: ✓ cut=36623.09, balance=0.5876, time=0.62s
[2025-12-04 08:37:16]   Trial 2/3: ✓ cut=36184.73, balance=0.6648, time=0.63s
[2025-12-04 08:37:17]   Trial 3/3: ✓ cut=36349.21, balance=0.5169, time=0.63s
[2025-12-04 08:37:17] 
  Running METIS baseline...
[2025-12-04 08:37:17]   METIS baseline: cut=31846.33, balance=0.6548, time=0.05s
[2025-12-04 08:37:17]   METIS weights: min=1121.79, max=1713.11, avg=1345.83, std=144.56
[2025-12-04 08:37:17]   → Quantum vs METIS: cut improvement = -14.25%
[2025-12-04 08:37:17] 
  → Aggregate: cut=36385.68±180.81, balance=0.5897, time=0.63±0.00s

================================================================================
[2025-12-04 08:37:17] [336/900] Testing configuration:
  k_target: 32
  coarsen_limit: 110
  balance_weight: 0.7
  num_reads: 300
================================================================================
[2025-12-04 08:37:18]   Trial 1/3: ✓ cut=35991.44, balance=0.5836, time=0.72s
[2025-12-04 08:37:18]   Trial 2/3: ✓ cut=36244.34, balance=0.5945, time=0.73s
[2025-12-04 08:37:19]   Trial 3/3: ✓ cut=35983.51, balance=0.5190, time=0.73s
[2025-12-04 08:37:19] 
  Running METIS baseline...
[2025-12-04 08:37:19]   METIS baseline: cut=31846.33, balance=0.6548, time=0.05s
[2025-12-04 08:37:19]   METIS weights: min=1121.79, max=1713.11, avg=1345.83, std=144.56
[2025-12-04 08:37:19]   → Quantum vs METIS: cut improvement = -13.27%
[2025-12-04 08:37:19] 
  → Aggregate: cut=36073.10±121.13, balance=0.5657, time=0.73±0.00s

================================================================================
[2025-12-04 08:37:19] [337/900] Testing configuration:
  k_target: 32
  coarsen_limit: 110
  balance_weight: 0.7
  num_reads: 350
================================================================================
[2025-12-04 08:37:20]   Trial 1/3: ✓ cut=36856.32, balance=0.5455, time=0.84s
[2025-12-04 08:37:21]   Trial 2/3: ✓ cut=36280.42, balance=0.5933, time=0.83s
[2025-12-04 08:37:22]   Trial 3/3: ✓ cut=36682.78, balance=0.7144, time=0.84s
[2025-12-04 08:37:22] 
  Running METIS baseline...
[2025-12-04 08:37:22]   METIS baseline: cut=31846.33, balance=0.6548, time=0.05s
[2025-12-04 08:37:22]   METIS weights: min=1121.79, max=1713.11, avg=1345.83, std=144.56
[2025-12-04 08:37:22]   → Quantum vs METIS: cut improvement = -14.95%
[2025-12-04 08:37:22] 
  → Aggregate: cut=36606.50±241.22, balance=0.6178, time=0.84±0.00s

================================================================================
[2025-12-04 08:37:22] [338/900] Testing configuration:
  k_target: 32
  coarsen_limit: 110
  balance_weight: 0.7
  num_reads: 400
================================================================================
[2025-12-04 08:37:23]   Trial 1/3: ✓ cut=36606.85, balance=0.5483, time=0.94s
[2025-12-04 08:37:24]   Trial 2/3: ✓ cut=36747.06, balance=0.7133, time=1.04s
[2025-12-04 08:37:25]   Trial 3/3: ✓ cut=36035.51, balance=0.5709, time=0.96s
[2025-12-04 08:37:25] 
  Running METIS baseline...
[2025-12-04 08:37:25]   METIS baseline: cut=31846.33, balance=0.6548, time=0.05s
[2025-12-04 08:37:25]   METIS weights: min=1121.79, max=1713.11, avg=1345.83, std=144.56
[2025-12-04 08:37:25]   → Quantum vs METIS: cut improvement = -14.50%
[2025-12-04 08:37:25] 
  → Aggregate: cut=36463.14±307.75, balance=0.6108, time=0.98±0.04s

================================================================================
[2025-12-04 08:37:25] [339/900] Testing configuration:
  k_target: 32
  coarsen_limit: 110
  balance_weight: 0.7
  num_reads: 450
================================================================================
[2025-12-04 08:37:26]   Trial 1/3: ✓ cut=35898.81, balance=0.5274, time=1.05s
[2025-12-04 08:37:27]   Trial 2/3: ✓ cut=36446.97, balance=0.5223, time=1.04s
[2025-12-04 08:37:28]   Trial 3/3: ✓ cut=37185.05, balance=0.5501, time=1.04s
[2025-12-04 08:37:28] 
  Running METIS baseline...
[2025-12-04 08:37:28]   METIS baseline: cut=31846.33, balance=0.6548, time=0.05s
[2025-12-04 08:37:28]   METIS weights: min=1121.79, max=1713.11, avg=1345.83, std=144.56
[2025-12-04 08:37:28]   → Quantum vs METIS: cut improvement = -14.65%
[2025-12-04 08:37:28] 
  → Aggregate: cut=36510.28±527.01, balance=0.5332, time=1.04±0.00s

================================================================================
[2025-12-04 08:37:28] [340/900] Testing configuration:
  k_target: 32
  coarsen_limit: 110
  balance_weight: 0.7
  num_reads: 500
================================================================================
[2025-12-04 08:37:29]   Trial 1/3: ✓ cut=35743.41, balance=0.5263, time=1.18s
[2025-12-04 08:37:30]   Trial 2/3: ✓ cut=36784.44, balance=0.7221, time=1.16s
[2025-12-04 08:37:32]   Trial 3/3: ✓ cut=36667.62, balance=0.5921, time=1.16s
[2025-12-04 08:37:32] 
  Running METIS baseline...
[2025-12-04 08:37:32]   METIS baseline: cut=31846.33, balance=0.6548, time=0.05s
[2025-12-04 08:37:32]   METIS weights: min=1121.79, max=1713.11, avg=1345.83, std=144.56
[2025-12-04 08:37:32]   → Quantum vs METIS: cut improvement = -14.29%
[2025-12-04 08:37:32] 
  → Aggregate: cut=36398.49±465.66, balance=0.6135, time=1.16±0.01s

================================================================================
[2025-12-04 08:37:32] [341/900] Testing configuration:
  k_target: 32
  coarsen_limit: 110
  balance_weight: 0.9
  num_reads: 50
================================================================================
[2025-12-04 08:37:32]   Trial 1/3: ✓ cut=37003.23, balance=0.5263, time=0.20s
[2025-12-04 08:37:32]   Trial 2/3: ✓ cut=36616.07, balance=0.5635, time=0.20s
[2025-12-04 08:37:32]   Trial 3/3: ✓ cut=38149.35, balance=0.7418, time=0.20s
[2025-12-04 08:37:32] 
  Running METIS baseline...
[2025-12-04 08:37:32]   METIS baseline: cut=31846.33, balance=0.6548, time=0.05s
[2025-12-04 08:37:32]   METIS weights: min=1121.79, max=1713.11, avg=1345.83, std=144.56
[2025-12-04 08:37:32]   → Quantum vs METIS: cut improvement = -16.99%
[2025-12-04 08:37:32] 
  → Aggregate: cut=37256.21±651.02, balance=0.6105, time=0.20±0.00s

================================================================================
[2025-12-04 08:37:32] [342/900] Testing configuration:
  k_target: 32
  coarsen_limit: 110
  balance_weight: 0.9
  num_reads: 100
================================================================================
[2025-12-04 08:37:33]   Trial 1/3: ✓ cut=37313.04, balance=0.7765, time=0.32s
[2025-12-04 08:37:33]   Trial 2/3: ✓ cut=37655.69, balance=0.6897, time=0.31s
[2025-12-04 08:37:33]   Trial 3/3: ✓ cut=36492.36, balance=0.5876, time=0.31s
[2025-12-04 08:37:33] 
  Running METIS baseline...
[2025-12-04 08:37:33]   METIS baseline: cut=31846.33, balance=0.6548, time=0.05s
[2025-12-04 08:37:33]   METIS weights: min=1121.79, max=1713.11, avg=1345.83, std=144.56
[2025-12-04 08:37:33]   → Quantum vs METIS: cut improvement = -16.67%
[2025-12-04 08:37:33] 
  → Aggregate: cut=37153.70±488.11, balance=0.6846, time=0.31±0.01s

================================================================================
[2025-12-04 08:37:33] [343/900] Testing configuration:
  k_target: 32
  coarsen_limit: 110
  balance_weight: 0.9
  num_reads: 150
================================================================================
[2025-12-04 08:37:34]   Trial 1/3: ✓ cut=37433.17, balance=0.6015, time=0.42s
[2025-12-04 08:37:34]   Trial 2/3: ✓ cut=37691.56, balance=0.5849, time=0.50s
[2025-12-04 08:37:35]   Trial 3/3: ✓ cut=37383.42, balance=0.5156, time=0.42s
[2025-12-04 08:37:35] 
  Running METIS baseline...
[2025-12-04 08:37:35]   METIS baseline: cut=31846.33, balance=0.6548, time=0.05s
[2025-12-04 08:37:35]   METIS weights: min=1121.79, max=1713.11, avg=1345.83, std=144.56
[2025-12-04 08:37:35]   → Quantum vs METIS: cut improvement = -17.76%
[2025-12-04 08:37:35] 
  → Aggregate: cut=37502.72±135.07, balance=0.5673, time=0.45±0.04s

================================================================================
[2025-12-04 08:37:35] [344/900] Testing configuration:
  k_target: 32
  coarsen_limit: 110
  balance_weight: 0.9
  num_reads: 200
================================================================================
[2025-12-04 08:37:35]   Trial 1/3: ✓ cut=37246.69, balance=0.5955, time=0.53s
[2025-12-04 08:37:36]   Trial 2/3: ✓ cut=37731.72, balance=0.7264, time=0.52s
[2025-12-04 08:37:36]   Trial 3/3: ✓ cut=36763.41, balance=0.5851, time=0.52s
[2025-12-04 08:37:36] 
  Running METIS baseline...
[2025-12-04 08:37:36]   METIS baseline: cut=31846.33, balance=0.6548, time=0.05s
[2025-12-04 08:37:36]   METIS weights: min=1121.79, max=1713.11, avg=1345.83, std=144.56
[2025-12-04 08:37:36]   → Quantum vs METIS: cut improvement = -16.96%
[2025-12-04 08:37:36] 
  → Aggregate: cut=37247.27±395.31, balance=0.6356, time=0.52±0.00s

================================================================================
[2025-12-04 08:37:36] [345/900] Testing configuration:
  k_target: 32
  coarsen_limit: 110
  balance_weight: 0.9
  num_reads: 250
================================================================================
[2025-12-04 08:37:37]   Trial 1/3: ✓ cut=36559.08, balance=0.5921, time=0.62s
[2025-12-04 08:37:38]   Trial 2/3: ✓ cut=36732.13, balance=0.5999, time=0.62s
[2025-12-04 08:37:38]   Trial 3/3: ✓ cut=37321.78, balance=0.5968, time=0.62s
[2025-12-04 08:37:38] 
  Running METIS baseline...
[2025-12-04 08:37:38]   METIS baseline: cut=31846.33, balance=0.6548, time=0.05s
[2025-12-04 08:37:38]   METIS weights: min=1121.79, max=1713.11, avg=1345.83, std=144.56
[2025-12-04 08:37:38]   → Quantum vs METIS: cut improvement = -15.78%
[2025-12-04 08:37:38] 
  → Aggregate: cut=36871.00±326.49, balance=0.5963, time=0.62±0.00s

================================================================================
[2025-12-04 08:37:38] [346/900] Testing configuration:
  k_target: 32
  coarsen_limit: 110
  balance_weight: 0.9
  num_reads: 300
================================================================================
[2025-12-04 08:37:39]   Trial 1/3: ✓ cut=36614.33, balance=0.5945, time=0.74s
[2025-12-04 08:37:40]   Trial 2/3: ✓ cut=36900.42, balance=0.5876, time=0.75s
[2025-12-04 08:37:41]   Trial 3/3: ✓ cut=37028.19, balance=0.5876, time=0.73s
[2025-12-04 08:37:41] 
  Running METIS baseline...
[2025-12-04 08:37:41]   METIS baseline: cut=31846.33, balance=0.6548, time=0.05s
[2025-12-04 08:37:41]   METIS weights: min=1121.79, max=1713.11, avg=1345.83, std=144.56
[2025-12-04 08:37:41]   → Quantum vs METIS: cut improvement = -15.70%
[2025-12-04 08:37:41] 
  → Aggregate: cut=36847.65±173.03, balance=0.5899, time=0.74±0.01s

================================================================================
[2025-12-04 08:37:41] [347/900] Testing configuration:
  k_target: 32
  coarsen_limit: 110
  balance_weight: 0.9
  num_reads: 350
================================================================================
[2025-12-04 08:37:42]   Trial 1/3: ✓ cut=36708.75, balance=0.5828, time=0.82s
[2025-12-04 08:37:42]   Trial 2/3: ✓ cut=36529.38, balance=0.7582, time=0.83s
[2025-12-04 08:37:43]   Trial 3/3: ✓ cut=36507.27, balance=0.5921, time=0.84s
[2025-12-04 08:37:43] 
  Running METIS baseline...
[2025-12-04 08:37:43]   METIS baseline: cut=31846.33, balance=0.6548, time=0.05s
[2025-12-04 08:37:43]   METIS weights: min=1121.79, max=1713.11, avg=1345.83, std=144.56
[2025-12-04 08:37:43]   → Quantum vs METIS: cut improvement = -14.87%
[2025-12-04 08:37:43] 
  → Aggregate: cut=36581.80±90.22, balance=0.6444, time=0.83±0.01s

================================================================================
[2025-12-04 08:37:43] [348/900] Testing configuration:
  k_target: 32
  coarsen_limit: 110
  balance_weight: 0.9
  num_reads: 400
================================================================================
[2025-12-04 08:37:44]   Trial 1/3: ✓ cut=37139.40, balance=0.6057, time=0.95s
[2025-12-04 08:37:45]   Trial 2/3: ✓ cut=36494.53, balance=0.5501, time=1.05s
[2025-12-04 08:37:46]   Trial 3/3: ✓ cut=35920.96, balance=0.7235, time=0.94s
[2025-12-04 08:37:46] 
  Running METIS baseline...
[2025-12-04 08:37:46]   METIS baseline: cut=31846.33, balance=0.6548, time=0.05s
[2025-12-04 08:37:46]   METIS weights: min=1121.79, max=1713.11, avg=1345.83, std=144.56
[2025-12-04 08:37:46]   → Quantum vs METIS: cut improvement = -14.67%
[2025-12-04 08:37:46] 
  → Aggregate: cut=36518.29±497.71, balance=0.6264, time=0.98±0.05s

================================================================================
[2025-12-04 08:37:46] [349/900] Testing configuration:
  k_target: 32
  coarsen_limit: 110
  balance_weight: 0.9
  num_reads: 450
================================================================================
[2025-12-04 08:37:47]   Trial 1/3: ✓ cut=36637.96, balance=0.7400, time=1.04s
[2025-12-04 08:37:48]   Trial 2/3: ✓ cut=37386.31, balance=0.5952, time=1.05s
[2025-12-04 08:37:50]   Trial 3/3: ✓ cut=36435.62, balance=0.5242, time=1.06s
[2025-12-04 08:37:50] 
  Running METIS baseline...
[2025-12-04 08:37:50]   METIS baseline: cut=31846.33, balance=0.6548, time=0.05s
[2025-12-04 08:37:50]   METIS weights: min=1121.79, max=1713.11, avg=1345.83, std=144.56
[2025-12-04 08:37:50]   → Quantum vs METIS: cut improvement = -15.62%
[2025-12-04 08:37:50] 
  → Aggregate: cut=36819.97±408.90, balance=0.6198, time=1.05±0.01s

================================================================================
[2025-12-04 08:37:50] [350/900] Testing configuration:
  k_target: 32
  coarsen_limit: 110
  balance_weight: 0.9
  num_reads: 500
================================================================================
[2025-12-04 08:37:51]   Trial 1/3: ✓ cut=37040.23, balance=0.5169, time=1.16s
[2025-12-04 08:37:52]   Trial 2/3: ✓ cut=37041.26, balance=0.5390, time=1.17s
[2025-12-04 08:37:53]   Trial 3/3: ✓ cut=37081.63, balance=0.5938, time=1.17s
[2025-12-04 08:37:53] 
  Running METIS baseline...
[2025-12-04 08:37:53]   METIS baseline: cut=31846.33, balance=0.6548, time=0.05s
[2025-12-04 08:37:53]   METIS weights: min=1121.79, max=1713.11, avg=1345.83, std=144.56
[2025-12-04 08:37:53]   → Quantum vs METIS: cut improvement = -16.35%
[2025-12-04 08:37:53] 
  → Aggregate: cut=37054.37±19.28, balance=0.5499, time=1.17±0.01s

================================================================================
[2025-12-04 08:37:53] [351/900] Testing configuration:
  k_target: 32
  coarsen_limit: 110
  balance_weight: 1.1
  num_reads: 50
================================================================================
[2025-12-04 08:37:53]   Trial 1/3: ✓ cut=37358.58, balance=0.5876, time=0.20s
[2025-12-04 08:37:54]   Trial 2/3: ✓ cut=37554.82, balance=0.6641, time=0.21s
[2025-12-04 08:37:54]   Trial 3/3: ✓ cut=36471.39, balance=0.5708, time=0.20s
[2025-12-04 08:37:54] 
  Running METIS baseline...
[2025-12-04 08:37:54]   METIS baseline: cut=31846.33, balance=0.6548, time=0.05s
[2025-12-04 08:37:54]   METIS weights: min=1121.79, max=1713.11, avg=1345.83, std=144.56
[2025-12-04 08:37:54]   → Quantum vs METIS: cut improvement = -16.59%
[2025-12-04 08:37:54] 
  → Aggregate: cut=37128.26±471.34, balance=0.6075, time=0.20±0.00s

================================================================================
[2025-12-04 08:37:54] [352/900] Testing configuration:
  k_target: 32
  coarsen_limit: 110
  balance_weight: 1.1
  num_reads: 100
================================================================================
[2025-12-04 08:37:54]   Trial 1/3: ✓ cut=37400.84, balance=0.5293, time=0.32s
[2025-12-04 08:37:55]   Trial 2/3: ✓ cut=37123.25, balance=0.7288, time=0.32s
[2025-12-04 08:37:55]   Trial 3/3: ✓ cut=37300.28, balance=0.5876, time=0.32s
[2025-12-04 08:37:55] 
  Running METIS baseline...
[2025-12-04 08:37:55]   METIS baseline: cut=31846.33, balance=0.6548, time=0.05s
[2025-12-04 08:37:55]   METIS weights: min=1121.79, max=1713.11, avg=1345.83, std=144.56
[2025-12-04 08:37:55]   → Quantum vs METIS: cut improvement = -17.05%
[2025-12-04 08:37:55] 
  → Aggregate: cut=37274.79±114.75, balance=0.6152, time=0.32±0.00s

================================================================================
[2025-12-04 08:37:55] [353/900] Testing configuration:
  k_target: 32
  coarsen_limit: 110
  balance_weight: 1.1
  num_reads: 150
================================================================================
[2025-12-04 08:37:55]   Trial 1/3: ✓ cut=36501.64, balance=0.5412, time=0.50s
[2025-12-04 08:37:56]   Trial 2/3: ✓ cut=37311.99, balance=0.5919, time=0.42s
[2025-12-04 08:37:56]   Trial 3/3: ✓ cut=36034.21, balance=0.7604, time=0.42s
[2025-12-04 08:37:56] 
  Running METIS baseline...
[2025-12-04 08:37:56]   METIS baseline: cut=31846.33, balance=0.6548, time=0.05s
[2025-12-04 08:37:56]   METIS weights: min=1121.79, max=1713.11, avg=1345.83, std=144.56
[2025-12-04 08:37:56]   → Quantum vs METIS: cut improvement = -14.98%
[2025-12-04 08:37:56] 
  → Aggregate: cut=36615.95±527.87, balance=0.6312, time=0.44±0.04s

================================================================================
[2025-12-04 08:37:56] [354/900] Testing configuration:
  k_target: 32
  coarsen_limit: 110
  balance_weight: 1.1
  num_reads: 200
================================================================================
[2025-12-04 08:37:57]   Trial 1/3: ✓ cut=37191.23, balance=0.7630, time=0.51s
[2025-12-04 08:37:57]   Trial 2/3: ✓ cut=36747.34, balance=0.5523, time=0.51s
[2025-12-04 08:37:58]   Trial 3/3: ✓ cut=36938.95, balance=0.6099, time=0.52s
[2025-12-04 08:37:58] 
  Running METIS baseline...
[2025-12-04 08:37:58]   METIS baseline: cut=31846.33, balance=0.6548, time=0.05s
[2025-12-04 08:37:58]   METIS weights: min=1121.79, max=1713.11, avg=1345.83, std=144.56
[2025-12-04 08:37:58]   → Quantum vs METIS: cut improvement = -16.05%
[2025-12-04 08:37:58] 
  → Aggregate: cut=36959.17±181.78, balance=0.6417, time=0.51±0.00s

================================================================================
[2025-12-04 08:37:58] [355/900] Testing configuration:
  k_target: 32
  coarsen_limit: 110
  balance_weight: 1.1
  num_reads: 250
================================================================================
[2025-12-04 08:37:59]   Trial 1/3: ✓ cut=36990.98, balance=0.6058, time=0.62s
[2025-12-04 08:37:59]   Trial 2/3: ✓ cut=36857.65, balance=0.7414, time=0.63s
[2025-12-04 08:38:00]   Trial 3/3: ✓ cut=37150.20, balance=0.5596, time=0.63s
[2025-12-04 08:38:00] 
  Running METIS baseline...
[2025-12-04 08:38:00]   METIS baseline: cut=31846.33, balance=0.6548, time=0.05s
[2025-12-04 08:38:00]   METIS weights: min=1121.79, max=1713.11, avg=1345.83, std=144.56
[2025-12-04 08:38:00]   → Quantum vs METIS: cut improvement = -16.18%
[2025-12-04 08:38:00] 
  → Aggregate: cut=36999.61±119.59, balance=0.6356, time=0.63±0.01s

================================================================================
[2025-12-04 08:38:00] [356/900] Testing configuration:
  k_target: 32
  coarsen_limit: 110
  balance_weight: 1.1
  num_reads: 300
================================================================================
[2025-12-04 08:38:01]   Trial 1/3: ✓ cut=37680.82, balance=0.5819, time=0.74s
[2025-12-04 08:38:02]   Trial 2/3: ✓ cut=36838.10, balance=0.5412, time=0.78s
[2025-12-04 08:38:02]   Trial 3/3: ✓ cut=36325.25, balance=0.5596, time=0.74s
[2025-12-04 08:38:02] 
  Running METIS baseline...
[2025-12-04 08:38:02]   METIS baseline: cut=31846.33, balance=0.6548, time=0.05s
[2025-12-04 08:38:02]   METIS weights: min=1121.79, max=1713.11, avg=1345.83, std=144.56
[2025-12-04 08:38:02]   → Quantum vs METIS: cut improvement = -16.02%
[2025-12-04 08:38:02] 
  → Aggregate: cut=36948.06±558.85, balance=0.5609, time=0.76±0.02s

================================================================================
[2025-12-04 08:38:02] [357/900] Testing configuration:
  k_target: 32
  coarsen_limit: 110
  balance_weight: 1.1
  num_reads: 350
================================================================================
[2025-12-04 08:38:03]   Trial 1/3: ✓ cut=36691.17, balance=0.6516, time=0.86s
[2025-12-04 08:38:04]   Trial 2/3: ✓ cut=37047.06, balance=0.5431, time=0.86s
[2025-12-04 08:38:05]   Trial 3/3: ✓ cut=37231.90, balance=0.6761, time=0.88s
[2025-12-04 08:38:05] 
  Running METIS baseline...
[2025-12-04 08:38:05]   METIS baseline: cut=31846.33, balance=0.6548, time=0.05s
[2025-12-04 08:38:05]   METIS weights: min=1121.79, max=1713.11, avg=1345.83, std=144.56
[2025-12-04 08:38:05]   → Quantum vs METIS: cut improvement = -16.15%
[2025-12-04 08:38:05] 
  → Aggregate: cut=36990.04±224.41, balance=0.6236, time=0.87±0.01s

================================================================================
[2025-12-04 08:38:05] [358/900] Testing configuration:
  k_target: 32
  coarsen_limit: 110
  balance_weight: 1.1
  num_reads: 400
================================================================================
[2025-12-04 08:38:06]   Trial 1/3: ✓ cut=35586.41, balance=0.5169, time=1.04s
[2025-12-04 08:38:07]   Trial 2/3: ✓ cut=37320.50, balance=0.5637, time=0.95s
[2025-12-04 08:38:08]   Trial 3/3: ✓ cut=36607.36, balance=0.7294, time=0.95s
[2025-12-04 08:38:08] 
  Running METIS baseline...
[2025-12-04 08:38:08]   METIS baseline: cut=31846.33, balance=0.6548, time=0.05s
[2025-12-04 08:38:08]   METIS weights: min=1121.79, max=1713.11, avg=1345.83, std=144.56
[2025-12-04 08:38:08]   → Quantum vs METIS: cut improvement = -14.63%
[2025-12-04 08:38:08] 
  → Aggregate: cut=36504.76±711.65, balance=0.6033, time=0.98±0.04s

================================================================================
[2025-12-04 08:38:08] [359/900] Testing configuration:
  k_target: 32
  coarsen_limit: 110
  balance_weight: 1.1
  num_reads: 450
================================================================================
[2025-12-04 08:38:09]   Trial 1/3: ✓ cut=36950.20, balance=0.6444, time=1.07s
[2025-12-04 08:38:10]   Trial 2/3: ✓ cut=36926.45, balance=0.5955, time=1.06s
[2025-12-04 08:38:11]   Trial 3/3: ✓ cut=36355.19, balance=0.5786, time=1.07s
[2025-12-04 08:38:11] 
  Running METIS baseline...
[2025-12-04 08:38:11]   METIS baseline: cut=31846.33, balance=0.6548, time=0.05s
[2025-12-04 08:38:11]   METIS weights: min=1121.79, max=1713.11, avg=1345.83, std=144.56
[2025-12-04 08:38:11]   → Quantum vs METIS: cut improvement = -15.38%
[2025-12-04 08:38:11] 
  → Aggregate: cut=36743.94±275.06, balance=0.6062, time=1.07±0.00s

================================================================================
[2025-12-04 08:38:11] [360/900] Testing configuration:
  k_target: 32
  coarsen_limit: 110
  balance_weight: 1.1
  num_reads: 500
================================================================================
[2025-12-04 08:38:13]   Trial 1/3: ✓ cut=36859.71, balance=0.5624, time=1.18s
[2025-12-04 08:38:14]   Trial 2/3: ✓ cut=37142.38, balance=0.5954, time=1.18s
[2025-12-04 08:38:15]   Trial 3/3: ✓ cut=37692.63, balance=0.5603, time=1.16s
[2025-12-04 08:38:15] 
  Running METIS baseline...
[2025-12-04 08:38:15]   METIS baseline: cut=31846.33, balance=0.6548, time=0.05s
[2025-12-04 08:38:15]   METIS weights: min=1121.79, max=1713.11, avg=1345.83, std=144.56
[2025-12-04 08:38:15]   → Quantum vs METIS: cut improvement = -16.91%
[2025-12-04 08:38:15] 
  → Aggregate: cut=37231.57±345.84, balance=0.5727, time=1.17±0.01s

================================================================================
[2025-12-04 08:38:15] [361/900] Testing configuration:
  k_target: 32
  coarsen_limit: 110
  balance_weight: 1.3
  num_reads: 50
================================================================================
[2025-12-04 08:38:15]   Trial 1/3: ✓ cut=37014.64, balance=0.6218, time=0.20s
[2025-12-04 08:38:15]   Trial 2/3: ✓ cut=37309.03, balance=0.5193, time=0.20s
[2025-12-04 08:38:16]   Trial 3/3: ✓ cut=37895.85, balance=0.5373, time=0.20s
[2025-12-04 08:38:16] 
  Running METIS baseline...
[2025-12-04 08:38:16]   METIS baseline: cut=31846.33, balance=0.6548, time=0.05s
[2025-12-04 08:38:16]   METIS weights: min=1121.79, max=1713.11, avg=1345.83, std=144.56
[2025-12-04 08:38:16]   → Quantum vs METIS: cut improvement = -17.46%
[2025-12-04 08:38:16] 
  → Aggregate: cut=37406.51±366.29, balance=0.5595, time=0.20±0.00s

================================================================================
[2025-12-04 08:38:16] [362/900] Testing configuration:
  k_target: 32
  coarsen_limit: 110
  balance_weight: 1.3
  num_reads: 100
================================================================================
[2025-12-04 08:38:16]   Trial 1/3: ✓ cut=37347.67, balance=0.7645, time=0.31s
[2025-12-04 08:38:16]   Trial 2/3: ✓ cut=36051.63, balance=0.5731, time=0.31s
[2025-12-04 08:38:17]   Trial 3/3: ✓ cut=37096.09, balance=0.5545, time=0.31s
[2025-12-04 08:38:17] 
  Running METIS baseline...
[2025-12-04 08:38:17]   METIS baseline: cut=31846.33, balance=0.6548, time=0.05s
[2025-12-04 08:38:17]   METIS weights: min=1121.79, max=1713.11, avg=1345.83, std=144.56
[2025-12-04 08:38:17]   → Quantum vs METIS: cut improvement = -15.65%
[2025-12-04 08:38:17] 
  → Aggregate: cut=36831.80±561.14, balance=0.6307, time=0.31±0.00s

================================================================================
[2025-12-04 08:38:17] [363/900] Testing configuration:
  k_target: 32
  coarsen_limit: 110
  balance_weight: 1.3
  num_reads: 150
================================================================================
[2025-12-04 08:38:17]   Trial 1/3: ✓ cut=37259.80, balance=0.5187, time=0.50s
[2025-12-04 08:38:18]   Trial 2/3: ✓ cut=37270.81, balance=0.6701, time=0.41s
[2025-12-04 08:38:18]   Trial 3/3: ✓ cut=36692.02, balance=0.5722, time=0.41s
[2025-12-04 08:38:18] 
  Running METIS baseline...
[2025-12-04 08:38:18]   METIS baseline: cut=31846.33, balance=0.6548, time=0.05s
[2025-12-04 08:38:18]   METIS weights: min=1121.79, max=1713.11, avg=1345.83, std=144.56
[2025-12-04 08:38:18]   → Quantum vs METIS: cut improvement = -16.42%
[2025-12-04 08:38:18] 
  → Aggregate: cut=37074.21±270.29, balance=0.5870, time=0.44±0.04s

================================================================================
[2025-12-04 08:38:18] [364/900] Testing configuration:
  k_target: 32
  coarsen_limit: 110
  balance_weight: 1.3
  num_reads: 200
================================================================================
[2025-12-04 08:38:19]   Trial 1/3: ✓ cut=36257.61, balance=0.5921, time=0.53s
[2025-12-04 08:38:19]   Trial 2/3: ✓ cut=36969.81, balance=0.5501, time=0.52s
[2025-12-04 08:38:20]   Trial 3/3: ✓ cut=36991.93, balance=0.5378, time=0.52s
[2025-12-04 08:38:20] 
  Running METIS baseline...
[2025-12-04 08:38:20]   METIS baseline: cut=31846.33, balance=0.6548, time=0.05s
[2025-12-04 08:38:20]   METIS weights: min=1121.79, max=1713.11, avg=1345.83, std=144.56
[2025-12-04 08:38:20]   → Quantum vs METIS: cut improvement = -15.37%
[2025-12-04 08:38:20] 
  → Aggregate: cut=36739.78±341.07, balance=0.5600, time=0.52±0.00s

================================================================================
[2025-12-04 08:38:20] [365/900] Testing configuration:
  k_target: 32
  coarsen_limit: 110
  balance_weight: 1.3
  num_reads: 250
================================================================================
[2025-12-04 08:38:20]   Trial 1/3: ✓ cut=37483.78, balance=0.5212, time=0.62s
[2025-12-04 08:38:21]   Trial 2/3: ✓ cut=35667.74, balance=0.5739, time=0.62s
[2025-12-04 08:38:22]   Trial 3/3: ✓ cut=36591.50, balance=0.5836, time=0.62s
[2025-12-04 08:38:22] 
  Running METIS baseline...
[2025-12-04 08:38:22]   METIS baseline: cut=31846.33, balance=0.6548, time=0.05s
[2025-12-04 08:38:22]   METIS weights: min=1121.79, max=1713.11, avg=1345.83, std=144.56
[2025-12-04 08:38:22]   → Quantum vs METIS: cut improvement = -14.87%
[2025-12-04 08:38:22] 
  → Aggregate: cut=36581.01±741.43, balance=0.5596, time=0.62±0.00s

================================================================================
[2025-12-04 08:38:22] [366/900] Testing configuration:
  k_target: 32
  coarsen_limit: 110
  balance_weight: 1.3
  num_reads: 300
================================================================================
[2025-12-04 08:38:23]   Trial 1/3: ✓ cut=37307.77, balance=0.7886, time=0.72s
[2025-12-04 08:38:23]   Trial 2/3: ✓ cut=36867.49, balance=0.5721, time=0.73s
[2025-12-04 08:38:24]   Trial 3/3: ✓ cut=36492.85, balance=0.7744, time=0.72s
[2025-12-04 08:38:24] 
  Running METIS baseline...
[2025-12-04 08:38:24]   METIS baseline: cut=31846.33, balance=0.6548, time=0.05s
[2025-12-04 08:38:24]   METIS weights: min=1121.79, max=1713.11, avg=1345.83, std=144.56
[2025-12-04 08:38:24]   → Quantum vs METIS: cut improvement = -15.84%
[2025-12-04 08:38:24] 
  → Aggregate: cut=36889.37±333.05, balance=0.7117, time=0.72±0.00s

================================================================================
[2025-12-04 08:38:24] [367/900] Testing configuration:
  k_target: 32
  coarsen_limit: 110
  balance_weight: 1.3
  num_reads: 350
================================================================================
[2025-12-04 08:38:25]   Trial 1/3: ✓ cut=38020.07, balance=0.7492, time=0.85s
[2025-12-04 08:38:26]   Trial 2/3: ✓ cut=36621.90, balance=0.6144, time=0.84s
[2025-12-04 08:38:27]   Trial 3/3: ✓ cut=36389.59, balance=0.5910, time=0.83s
[2025-12-04 08:38:27] 
  Running METIS baseline...
[2025-12-04 08:38:27]   METIS baseline: cut=31846.33, balance=0.6548, time=0.14s
[2025-12-04 08:38:27]   METIS weights: min=1121.79, max=1713.11, avg=1345.83, std=144.56
[2025-12-04 08:38:27]   → Quantum vs METIS: cut improvement = -16.22%
[2025-12-04 08:38:27] 
  → Aggregate: cut=37010.52±720.13, balance=0.6516, time=0.84±0.01s

================================================================================
[2025-12-04 08:38:27] [368/900] Testing configuration:
  k_target: 32
  coarsen_limit: 110
  balance_weight: 1.3
  num_reads: 400
================================================================================
[2025-12-04 08:38:28]   Trial 1/3: ✓ cut=37330.48, balance=0.5786, time=0.95s
[2025-12-04 08:38:29]   Trial 2/3: ✓ cut=36215.67, balance=0.7136, time=0.94s
[2025-12-04 08:38:30]   Trial 3/3: ✓ cut=36207.21, balance=0.6021, time=0.94s
[2025-12-04 08:38:30] 
  Running METIS baseline...
[2025-12-04 08:38:30]   METIS baseline: cut=31846.33, balance=0.6548, time=0.05s
[2025-12-04 08:38:30]   METIS weights: min=1121.79, max=1713.11, avg=1345.83, std=144.56
[2025-12-04 08:38:30]   → Quantum vs METIS: cut improvement = -14.88%
[2025-12-04 08:38:30] 
  → Aggregate: cut=36584.45±527.54, balance=0.6314, time=0.94±0.01s

================================================================================
[2025-12-04 08:38:30] [369/900] Testing configuration:
  k_target: 32
  coarsen_limit: 110
  balance_weight: 1.3
  num_reads: 450
================================================================================
[2025-12-04 08:38:31]   Trial 1/3: ✓ cut=36481.45, balance=0.5889, time=1.04s
[2025-12-04 08:38:32]   Trial 2/3: ✓ cut=37263.92, balance=0.5971, time=1.05s
[2025-12-04 08:38:33]   Trial 3/3: ✓ cut=36767.80, balance=0.5598, time=1.04s
[2025-12-04 08:38:33] 
  Running METIS baseline...
[2025-12-04 08:38:33]   METIS baseline: cut=31846.33, balance=0.6548, time=0.05s
[2025-12-04 08:38:33]   METIS weights: min=1121.79, max=1713.11, avg=1345.83, std=144.56
[2025-12-04 08:38:33]   → Quantum vs METIS: cut improvement = -15.67%
[2025-12-04 08:38:33] 
  → Aggregate: cut=36837.72±323.25, balance=0.5819, time=1.04±0.00s

================================================================================
[2025-12-04 08:38:33] [370/900] Testing configuration:
  k_target: 32
  coarsen_limit: 110
  balance_weight: 1.3
  num_reads: 500
================================================================================
[2025-12-04 08:38:34]   Trial 1/3: ✓ cut=36703.61, balance=0.7221, time=1.15s
[2025-12-04 08:38:35]   Trial 2/3: ✓ cut=37106.32, balance=0.6339, time=1.17s
[2025-12-04 08:38:36]   Trial 3/3: ✓ cut=36726.92, balance=0.5598, time=1.15s
[2025-12-04 08:38:36] 
  Running METIS baseline...
[2025-12-04 08:38:37]   METIS baseline: cut=31846.33, balance=0.6548, time=0.05s
[2025-12-04 08:38:37]   METIS weights: min=1121.79, max=1713.11, avg=1345.83, std=144.56
[2025-12-04 08:38:37]   → Quantum vs METIS: cut improvement = -15.70%
[2025-12-04 08:38:37] 
  → Aggregate: cut=36845.62±184.59, balance=0.6386, time=1.16±0.01s

================================================================================
[2025-12-04 08:38:37] [371/900] Testing configuration:
  k_target: 32
  coarsen_limit: 110
  balance_weight: 1.5
  num_reads: 50
================================================================================
[2025-12-04 08:38:37]   Trial 1/3: ✓ cut=37695.42, balance=0.5588, time=0.20s
[2025-12-04 08:38:37]   Trial 2/3: ✓ cut=36739.56, balance=0.5776, time=0.20s
[2025-12-04 08:38:37]   Trial 3/3: ✓ cut=36996.75, balance=0.5412, time=0.20s
[2025-12-04 08:38:37] 
  Running METIS baseline...
[2025-12-04 08:38:37]   METIS baseline: cut=31846.33, balance=0.6548, time=0.05s
[2025-12-04 08:38:37]   METIS weights: min=1121.79, max=1713.11, avg=1345.83, std=144.56
[2025-12-04 08:38:37]   → Quantum vs METIS: cut improvement = -16.63%
[2025-12-04 08:38:37] 
  → Aggregate: cut=37143.91±403.86, balance=0.5592, time=0.20±0.00s

================================================================================
[2025-12-04 08:38:37] [372/900] Testing configuration:
  k_target: 32
  coarsen_limit: 110
  balance_weight: 1.5
  num_reads: 100
================================================================================
[2025-12-04 08:38:38]   Trial 1/3: ✓ cut=36794.61, balance=0.5350, time=0.30s
[2025-12-04 08:38:38]   Trial 2/3: ✓ cut=37186.31, balance=0.5531, time=0.31s
[2025-12-04 08:38:38]   Trial 3/3: ✓ cut=37106.58, balance=0.5921, time=0.39s
[2025-12-04 08:38:38] 
  Running METIS baseline...
[2025-12-04 08:38:38]   METIS baseline: cut=31846.33, balance=0.6548, time=0.05s
[2025-12-04 08:38:38]   METIS weights: min=1121.79, max=1713.11, avg=1345.83, std=144.56
[2025-12-04 08:38:38]   → Quantum vs METIS: cut improvement = -16.27%
[2025-12-04 08:38:38] 
  → Aggregate: cut=37029.17±169.02, balance=0.5601, time=0.34±0.04s

================================================================================
[2025-12-04 08:38:38] [373/900] Testing configuration:
  k_target: 32
  coarsen_limit: 110
  balance_weight: 1.5
  num_reads: 150
================================================================================
[2025-12-04 08:38:39]   Trial 1/3: ✓ cut=36693.57, balance=0.5786, time=0.42s
[2025-12-04 08:38:39]   Trial 2/3: ✓ cut=36761.71, balance=0.5856, time=0.41s
[2025-12-04 08:38:40]   Trial 3/3: ✓ cut=37639.18, balance=0.6021, time=0.42s
[2025-12-04 08:38:40] 
  Running METIS baseline...
[2025-12-04 08:38:40]   METIS baseline: cut=31846.33, balance=0.6548, time=0.05s
[2025-12-04 08:38:40]   METIS weights: min=1121.79, max=1713.11, avg=1345.83, std=144.56
[2025-12-04 08:38:40]   → Quantum vs METIS: cut improvement = -16.28%
[2025-12-04 08:38:40] 
  → Aggregate: cut=37031.49±430.60, balance=0.5888, time=0.42±0.00s

================================================================================
[2025-12-04 08:38:40] [374/900] Testing configuration:
  k_target: 32
  coarsen_limit: 110
  balance_weight: 1.5
  num_reads: 200
================================================================================
[2025-12-04 08:38:40]   Trial 1/3: ✓ cut=37208.80, balance=0.5643, time=0.51s
[2025-12-04 08:38:41]   Trial 2/3: ✓ cut=37739.23, balance=0.5643, time=0.52s
[2025-12-04 08:38:41]   Trial 3/3: ✓ cut=36256.96, balance=0.5888, time=0.52s
[2025-12-04 08:38:41] 
  Running METIS baseline...
[2025-12-04 08:38:41]   METIS baseline: cut=31846.33, balance=0.6548, time=0.05s
[2025-12-04 08:38:41]   METIS weights: min=1121.79, max=1713.11, avg=1345.83, std=144.56
[2025-12-04 08:38:41]   → Quantum vs METIS: cut improvement = -16.40%
[2025-12-04 08:38:41] 
  → Aggregate: cut=37068.33±613.23, balance=0.5725, time=0.52±0.00s

================================================================================
[2025-12-04 08:38:41] [375/900] Testing configuration:
  k_target: 32
  coarsen_limit: 110
  balance_weight: 1.5
  num_reads: 250
================================================================================
[2025-12-04 08:38:42]   Trial 1/3: ✓ cut=36913.92, balance=0.5643, time=0.62s
[2025-12-04 08:38:43]   Trial 2/3: ✓ cut=36979.09, balance=0.5781, time=0.62s
[2025-12-04 08:38:43]   Trial 3/3: ✓ cut=37152.41, balance=0.5930, time=0.63s
[2025-12-04 08:38:43] 
  Running METIS baseline...
[2025-12-04 08:38:43]   METIS baseline: cut=31846.33, balance=0.6548, time=0.05s
[2025-12-04 08:38:43]   METIS weights: min=1121.79, max=1713.11, avg=1345.83, std=144.56
[2025-12-04 08:38:43]   → Quantum vs METIS: cut improvement = -16.23%
[2025-12-04 08:38:43] 
  → Aggregate: cut=37015.14±100.64, balance=0.5785, time=0.62±0.00s

================================================================================
[2025-12-04 08:38:43] [376/900] Testing configuration:
  k_target: 32
  coarsen_limit: 110
  balance_weight: 1.5
  num_reads: 300
================================================================================
[2025-12-04 08:38:44]   Trial 1/3: ✓ cut=37209.93, balance=0.5184, time=0.74s
[2025-12-04 08:38:45]   Trial 2/3: ✓ cut=37116.16, balance=0.5460, time=0.75s
[2025-12-04 08:38:46]   Trial 3/3: ✓ cut=37453.25, balance=0.7451, time=0.74s
[2025-12-04 08:38:46] 
  Running METIS baseline...
[2025-12-04 08:38:46]   METIS baseline: cut=31846.33, balance=0.6548, time=0.05s
[2025-12-04 08:38:46]   METIS weights: min=1121.79, max=1713.11, avg=1345.83, std=144.56
[2025-12-04 08:38:46]   → Quantum vs METIS: cut improvement = -17.00%
[2025-12-04 08:38:46] 
  → Aggregate: cut=37259.78±142.06, balance=0.6031, time=0.74±0.00s

================================================================================
[2025-12-04 08:38:46] [377/900] Testing configuration:
  k_target: 32
  coarsen_limit: 110
  balance_weight: 1.5
  num_reads: 350
================================================================================
[2025-12-04 08:38:46]   Trial 1/3: ✓ cut=37038.46, balance=0.5169, time=0.84s
[2025-12-04 08:38:47]   Trial 2/3: ✓ cut=36333.45, balance=0.5975, time=0.84s
[2025-12-04 08:38:48]   Trial 3/3: ✓ cut=37826.30, balance=0.5851, time=0.92s
[2025-12-04 08:38:48] 
  Running METIS baseline...
[2025-12-04 08:38:48]   METIS baseline: cut=31846.33, balance=0.6548, time=0.05s
[2025-12-04 08:38:48]   METIS weights: min=1121.79, max=1713.11, avg=1345.83, std=144.56
[2025-12-04 08:38:48]   → Quantum vs METIS: cut improvement = -16.39%
[2025-12-04 08:38:48] 
  → Aggregate: cut=37066.07±609.77, balance=0.5665, time=0.87±0.04s

================================================================================
[2025-12-04 08:38:48] [378/900] Testing configuration:
  k_target: 32
  coarsen_limit: 110
  balance_weight: 1.5
  num_reads: 400
================================================================================
[2025-12-04 08:38:49]   Trial 1/3: ✓ cut=36972.80, balance=0.5663, time=0.95s
[2025-12-04 08:38:50]   Trial 2/3: ✓ cut=37529.21, balance=0.6041, time=0.95s
[2025-12-04 08:38:51]   Trial 3/3: ✓ cut=37474.43, balance=0.5828, time=0.95s
[2025-12-04 08:38:51] 
  Running METIS baseline...
[2025-12-04 08:38:51]   METIS baseline: cut=31846.33, balance=0.6548, time=0.05s
[2025-12-04 08:38:51]   METIS weights: min=1121.79, max=1713.11, avg=1345.83, std=144.56
[2025-12-04 08:38:51]   → Quantum vs METIS: cut improvement = -17.20%
[2025-12-04 08:38:51] 
  → Aggregate: cut=37325.48±250.38, balance=0.5844, time=0.95±0.00s

================================================================================
[2025-12-04 08:38:51] [379/900] Testing configuration:
  k_target: 32
  coarsen_limit: 110
  balance_weight: 1.5
  num_reads: 450
================================================================================
[2025-12-04 08:38:52]   Trial 1/3: ✓ cut=37341.77, balance=0.5523, time=1.06s
[2025-12-04 08:38:53]   Trial 2/3: ✓ cut=36838.60, balance=0.5868, time=1.07s
[2025-12-04 08:38:55]   Trial 3/3: ✓ cut=37437.15, balance=0.6711, time=1.07s
[2025-12-04 08:38:55] 
  Running METIS baseline...
[2025-12-04 08:38:55]   METIS baseline: cut=31846.33, balance=0.6548, time=0.05s
[2025-12-04 08:38:55]   METIS weights: min=1121.79, max=1713.11, avg=1345.83, std=144.56
[2025-12-04 08:38:55]   → Quantum vs METIS: cut improvement = -16.83%
[2025-12-04 08:38:55] 
  → Aggregate: cut=37205.84±262.58, balance=0.6034, time=1.07±0.01s

================================================================================
[2025-12-04 08:38:55] [380/900] Testing configuration:
  k_target: 32
  coarsen_limit: 110
  balance_weight: 1.5
  num_reads: 500
================================================================================
[2025-12-04 08:38:56]   Trial 1/3: ✓ cut=36204.75, balance=0.5921, time=1.19s
[2025-12-04 08:38:57]   Trial 2/3: ✓ cut=36916.12, balance=0.5918, time=1.15s
[2025-12-04 08:38:58]   Trial 3/3: ✓ cut=37058.31, balance=0.5134, time=1.16s
[2025-12-04 08:38:58] 
  Running METIS baseline...
[2025-12-04 08:38:58]   METIS baseline: cut=31846.33, balance=0.6548, time=0.05s
[2025-12-04 08:38:58]   METIS weights: min=1121.79, max=1713.11, avg=1345.83, std=144.56
[2025-12-04 08:38:58]   → Quantum vs METIS: cut improvement = -15.32%
[2025-12-04 08:38:58] 
  → Aggregate: cut=36726.39±373.40, balance=0.5658, time=1.16±0.02s

================================================================================
[2025-12-04 08:38:58] [381/900] Testing configuration:
  k_target: 32
  coarsen_limit: 110
  balance_weight: 1.7
  num_reads: 50
================================================================================
[2025-12-04 08:38:58]   Trial 1/3: ✓ cut=37201.65, balance=0.5943, time=0.20s
[2025-12-04 08:38:59]   Trial 2/3: ✓ cut=37200.49, balance=0.5786, time=0.21s
[2025-12-04 08:38:59]   Trial 3/3: ✓ cut=37469.01, balance=0.5879, time=0.20s
[2025-12-04 08:38:59] 
  Running METIS baseline...
[2025-12-04 08:38:59]   METIS baseline: cut=31846.33, balance=0.6548, time=0.05s
[2025-12-04 08:38:59]   METIS weights: min=1121.79, max=1713.11, avg=1345.83, std=144.56
[2025-12-04 08:38:59]   → Quantum vs METIS: cut improvement = -17.09%
[2025-12-04 08:38:59] 
  → Aggregate: cut=37290.38±126.31, balance=0.5869, time=0.20±0.00s

================================================================================
[2025-12-04 08:38:59] [382/900] Testing configuration:
  k_target: 32
  coarsen_limit: 110
  balance_weight: 1.7
  num_reads: 100
================================================================================
[2025-12-04 08:38:59]   Trial 1/3: ✓ cut=37719.91, balance=0.5641, time=0.31s
[2025-12-04 08:39:00]   Trial 2/3: ✓ cut=37657.50, balance=0.6000, time=0.40s
[2025-12-04 08:39:00]   Trial 3/3: ✓ cut=37279.54, balance=0.6739, time=0.30s
[2025-12-04 08:39:00] 
  Running METIS baseline...
[2025-12-04 08:39:00]   METIS baseline: cut=31846.33, balance=0.6548, time=0.05s
[2025-12-04 08:39:00]   METIS weights: min=1121.79, max=1713.11, avg=1345.83, std=144.56
[2025-12-04 08:39:00]   → Quantum vs METIS: cut improvement = -17.92%
[2025-12-04 08:39:00] 
  → Aggregate: cut=37552.32±194.56, balance=0.6127, time=0.34±0.04s

================================================================================
[2025-12-04 08:39:00] [383/900] Testing configuration:
  k_target: 32
  coarsen_limit: 110
  balance_weight: 1.7
  num_reads: 150
================================================================================
[2025-12-04 08:39:00]   Trial 1/3: ✓ cut=37337.20, balance=0.6761, time=0.41s
[2025-12-04 08:39:01]   Trial 2/3: ✓ cut=38052.10, balance=0.6444, time=0.41s
[2025-12-04 08:39:01]   Trial 3/3: ✓ cut=36952.39, balance=0.5975, time=0.46s
[2025-12-04 08:39:01] 
  Running METIS baseline...
[2025-12-04 08:39:01]   METIS baseline: cut=31846.33, balance=0.6548, time=0.05s
[2025-12-04 08:39:01]   METIS weights: min=1121.79, max=1713.11, avg=1345.83, std=144.56
[2025-12-04 08:39:01]   → Quantum vs METIS: cut improvement = -17.59%
[2025-12-04 08:39:01] 
  → Aggregate: cut=37447.23±455.65, balance=0.6393, time=0.43±0.02s

================================================================================
[2025-12-04 08:39:01] [384/900] Testing configuration:
  k_target: 32
  coarsen_limit: 110
  balance_weight: 1.7
  num_reads: 200
================================================================================
[2025-12-04 08:39:02]   Trial 1/3: ✓ cut=38125.40, balance=0.5837, time=0.57s
[2025-12-04 08:39:02]   Trial 2/3: ✓ cut=36660.14, balance=0.5709, time=0.54s
[2025-12-04 08:39:03]   Trial 3/3: ✓ cut=37255.96, balance=0.5350, time=0.55s
[2025-12-04 08:39:03] 
  Running METIS baseline...
[2025-12-04 08:39:03]   METIS baseline: cut=31846.33, balance=0.6548, time=0.05s
[2025-12-04 08:39:03]   METIS weights: min=1121.79, max=1713.11, avg=1345.83, std=144.56
[2025-12-04 08:39:03]   → Quantum vs METIS: cut improvement = -17.27%
[2025-12-04 08:39:03] 
  → Aggregate: cut=37347.17±601.65, balance=0.5632, time=0.55±0.01s

================================================================================
[2025-12-04 08:39:03] [385/900] Testing configuration:
  k_target: 32
  coarsen_limit: 110
  balance_weight: 1.7
  num_reads: 250
================================================================================
[2025-12-04 08:39:04]   Trial 1/3: ✓ cut=36632.48, balance=0.5373, time=0.67s
[2025-12-04 08:39:04]   Trial 2/3: ✓ cut=37602.37, balance=0.6383, time=0.66s
[2025-12-04 08:39:05]   Trial 3/3: ✓ cut=36876.19, balance=0.5378, time=0.68s
[2025-12-04 08:39:05] 
  Running METIS baseline...
[2025-12-04 08:39:05]   METIS baseline: cut=31846.33, balance=0.6548, time=0.06s
[2025-12-04 08:39:05]   METIS weights: min=1121.79, max=1713.11, avg=1345.83, std=144.56
[2025-12-04 08:39:05]   → Quantum vs METIS: cut improvement = -16.30%
[2025-12-04 08:39:05] 
  → Aggregate: cut=37037.02±411.96, balance=0.5711, time=0.67±0.01s

================================================================================
[2025-12-04 08:39:05] [386/900] Testing configuration:
  k_target: 32
  coarsen_limit: 110
  balance_weight: 1.7
  num_reads: 300
================================================================================
[2025-12-04 08:39:06]   Trial 1/3: ✓ cut=37343.96, balance=0.5954, time=0.79s
[2025-12-04 08:39:07]   Trial 2/3: ✓ cut=36876.87, balance=0.6041, time=0.75s
[2025-12-04 08:39:08]   Trial 3/3: ✓ cut=37206.38, balance=0.5975, time=0.74s
[2025-12-04 08:39:08] 
  Running METIS baseline...
[2025-12-04 08:39:08]   METIS baseline: cut=31846.33, balance=0.6548, time=0.05s
[2025-12-04 08:39:08]   METIS weights: min=1121.79, max=1713.11, avg=1345.83, std=144.56
[2025-12-04 08:39:08]   → Quantum vs METIS: cut improvement = -16.63%
[2025-12-04 08:39:08] 
  → Aggregate: cut=37142.41±195.98, balance=0.5990, time=0.76±0.02s

================================================================================
[2025-12-04 08:39:08] [387/900] Testing configuration:
  k_target: 32
  coarsen_limit: 110
  balance_weight: 1.7
  num_reads: 350
================================================================================
[2025-12-04 08:39:09]   Trial 1/3: ✓ cut=37060.64, balance=0.5712, time=0.93s
[2025-12-04 08:39:09]   Trial 2/3: ✓ cut=36272.07, balance=0.6057, time=0.88s
[2025-12-04 08:39:10]   Trial 3/3: ✓ cut=37284.07, balance=0.5851, time=0.91s
[2025-12-04 08:39:10] 
  Running METIS baseline...
[2025-12-04 08:39:10]   METIS baseline: cut=31846.33, balance=0.6548, time=0.05s
[2025-12-04 08:39:10]   METIS weights: min=1121.79, max=1713.11, avg=1345.83, std=144.56
[2025-12-04 08:39:10]   → Quantum vs METIS: cut improvement = -15.78%
[2025-12-04 08:39:10] 
  → Aggregate: cut=36872.26±434.09, balance=0.5873, time=0.91±0.02s

================================================================================
[2025-12-04 08:39:10] [388/900] Testing configuration:
  k_target: 32
  coarsen_limit: 110
  balance_weight: 1.7
  num_reads: 400
================================================================================
[2025-12-04 08:39:11]   Trial 1/3: ✓ cut=37113.26, balance=0.4914, time=0.99s
[2025-12-04 08:39:12]   Trial 2/3: ✓ cut=36645.72, balance=0.5596, time=0.95s
[2025-12-04 08:39:13]   Trial 3/3: ✓ cut=36561.19, balance=0.5412, time=0.94s
[2025-12-04 08:39:13] 
  Running METIS baseline...
[2025-12-04 08:39:13]   METIS baseline: cut=31846.33, balance=0.6548, time=0.05s
[2025-12-04 08:39:13]   METIS weights: min=1121.79, max=1713.11, avg=1345.83, std=144.56
[2025-12-04 08:39:13]   → Quantum vs METIS: cut improvement = -15.47%
[2025-12-04 08:39:13] 
  → Aggregate: cut=36773.39±242.79, balance=0.5307, time=0.96±0.02s

================================================================================
[2025-12-04 08:39:13] [389/900] Testing configuration:
  k_target: 32
  coarsen_limit: 110
  balance_weight: 1.7
  num_reads: 450
================================================================================
[2025-12-04 08:39:15]   Trial 1/3: ✓ cut=36716.99, balance=0.5169, time=1.08s
[2025-12-04 08:39:16]   Trial 2/3: ✓ cut=36447.74, balance=0.5330, time=1.06s
[2025-12-04 08:39:17]   Trial 3/3: ✓ cut=36991.61, balance=0.5497, time=1.03s
[2025-12-04 08:39:17] 
  Running METIS baseline...
[2025-12-04 08:39:17]   METIS baseline: cut=31846.33, balance=0.6548, time=0.05s
[2025-12-04 08:39:17]   METIS weights: min=1121.79, max=1713.11, avg=1345.83, std=144.56
[2025-12-04 08:39:17]   → Quantum vs METIS: cut improvement = -15.30%
[2025-12-04 08:39:17] 
  → Aggregate: cut=36718.78±222.04, balance=0.5332, time=1.06±0.02s

================================================================================
[2025-12-04 08:39:17] [390/900] Testing configuration:
  k_target: 32
  coarsen_limit: 110
  balance_weight: 1.7
  num_reads: 500
================================================================================
[2025-12-04 08:39:18]   Trial 1/3: ✓ cut=37030.90, balance=0.5890, time=1.15s
[2025-12-04 08:39:19]   Trial 2/3: ✓ cut=37300.63, balance=0.6518, time=1.15s
[2025-12-04 08:39:20]   Trial 3/3: ✓ cut=36853.73, balance=0.5876, time=1.15s
[2025-12-04 08:39:20] 
  Running METIS baseline...
[2025-12-04 08:39:20]   METIS baseline: cut=31846.33, balance=0.6548, time=0.05s
[2025-12-04 08:39:20]   METIS weights: min=1121.79, max=1713.11, avg=1345.83, std=144.56
[2025-12-04 08:39:20]   → Quantum vs METIS: cut improvement = -16.38%
[2025-12-04 08:39:20] 
  → Aggregate: cut=37061.75±183.75, balance=0.6095, time=1.15±0.00s

================================================================================
[2025-12-04 08:39:20] [391/900] Testing configuration:
  k_target: 32
  coarsen_limit: 110
  balance_weight: 1.9
  num_reads: 50
================================================================================
[2025-12-04 08:39:20]   Trial 1/3: ✓ cut=37361.16, balance=0.5432, time=0.20s
[2025-12-04 08:39:21]   Trial 2/3: ✓ cut=36932.46, balance=0.5917, time=0.20s
[2025-12-04 08:39:21]   Trial 3/3: ✓ cut=37610.19, balance=0.5142, time=0.20s
[2025-12-04 08:39:21] 
  Running METIS baseline...
[2025-12-04 08:39:21]   METIS baseline: cut=31846.33, balance=0.6548, time=0.14s
[2025-12-04 08:39:21]   METIS weights: min=1121.79, max=1713.11, avg=1345.83, std=144.56
[2025-12-04 08:39:21]   → Quantum vs METIS: cut improvement = -17.13%
[2025-12-04 08:39:21] 
  → Aggregate: cut=37301.27±279.90, balance=0.5497, time=0.20±0.00s

================================================================================
[2025-12-04 08:39:21] [392/900] Testing configuration:
  k_target: 32
  coarsen_limit: 110
  balance_weight: 1.9
  num_reads: 100
================================================================================
[2025-12-04 08:39:21]   Trial 1/3: ✓ cut=37587.46, balance=0.5608, time=0.31s
[2025-12-04 08:39:22]   Trial 2/3: ✓ cut=37284.71, balance=0.5643, time=0.31s
[2025-12-04 08:39:22]   Trial 3/3: ✓ cut=37419.29, balance=0.5565, time=0.30s
[2025-12-04 08:39:22] 
  Running METIS baseline...
[2025-12-04 08:39:22]   METIS baseline: cut=31846.33, balance=0.6548, time=0.05s
[2025-12-04 08:39:22]   METIS weights: min=1121.79, max=1713.11, avg=1345.83, std=144.56
[2025-12-04 08:39:22]   → Quantum vs METIS: cut improvement = -17.53%
[2025-12-04 08:39:22] 
  → Aggregate: cut=37430.49±123.85, balance=0.5606, time=0.31±0.00s

================================================================================
[2025-12-04 08:39:22] [393/900] Testing configuration:
  k_target: 32
  coarsen_limit: 110
  balance_weight: 1.9
  num_reads: 150
================================================================================
[2025-12-04 08:39:22]   Trial 1/3: ✓ cut=37708.76, balance=0.5091, time=0.41s
[2025-12-04 08:39:23]   Trial 2/3: ✓ cut=36499.02, balance=0.5250, time=0.41s
[2025-12-04 08:39:23]   Trial 3/3: ✓ cut=37540.10, balance=0.5928, time=0.41s
[2025-12-04 08:39:23] 
  Running METIS baseline...
[2025-12-04 08:39:23]   METIS baseline: cut=31846.33, balance=0.6548, time=0.05s
[2025-12-04 08:39:23]   METIS weights: min=1121.79, max=1713.11, avg=1345.83, std=144.56
[2025-12-04 08:39:23]   → Quantum vs METIS: cut improvement = -16.97%
[2025-12-04 08:39:23] 
  → Aggregate: cut=37249.29±534.97, balance=0.5423, time=0.41±0.00s

================================================================================
[2025-12-04 08:39:23] [394/900] Testing configuration:
  k_target: 32
  coarsen_limit: 110
  balance_weight: 1.9
  num_reads: 200
================================================================================
[2025-12-04 08:39:24]   Trial 1/3: ✓ cut=37330.23, balance=0.5876, time=0.53s
[2025-12-04 08:39:24]   Trial 2/3: ✓ cut=37496.00, balance=0.5873, time=0.53s
[2025-12-04 08:39:25]   Trial 3/3: ✓ cut=36242.07, balance=0.5680, time=0.53s
[2025-12-04 08:39:25] 
  Running METIS baseline...
[2025-12-04 08:39:25]   METIS baseline: cut=31846.33, balance=0.6548, time=0.05s
[2025-12-04 08:39:25]   METIS weights: min=1121.79, max=1713.11, avg=1345.83, std=144.56
[2025-12-04 08:39:25]   → Quantum vs METIS: cut improvement = -16.25%
[2025-12-04 08:39:25] 
  → Aggregate: cut=37022.77±556.17, balance=0.5810, time=0.53±0.00s

================================================================================
[2025-12-04 08:39:25] [395/900] Testing configuration:
  k_target: 32
  coarsen_limit: 110
  balance_weight: 1.9
  num_reads: 250
================================================================================
[2025-12-04 08:39:26]   Trial 1/3: ✓ cut=36642.20, balance=0.5945, time=0.63s
[2025-12-04 08:39:26]   Trial 2/3: ✓ cut=36639.51, balance=0.6594, time=0.62s
[2025-12-04 08:39:27]   Trial 3/3: ✓ cut=36787.59, balance=0.5786, time=0.62s
[2025-12-04 08:39:27] 
  Running METIS baseline...
[2025-12-04 08:39:27]   METIS baseline: cut=31846.33, balance=0.6548, time=0.05s
[2025-12-04 08:39:27]   METIS weights: min=1121.79, max=1713.11, avg=1345.83, std=144.56
[2025-12-04 08:39:27]   → Quantum vs METIS: cut improvement = -15.21%
[2025-12-04 08:39:27] 
  → Aggregate: cut=36689.77±69.18, balance=0.6108, time=0.63±0.00s

================================================================================
[2025-12-04 08:39:27] [396/900] Testing configuration:
  k_target: 32
  coarsen_limit: 110
  balance_weight: 1.9
  num_reads: 300
================================================================================
[2025-12-04 08:39:28]   Trial 1/3: ✓ cut=37149.73, balance=0.5330, time=0.73s
[2025-12-04 08:39:29]   Trial 2/3: ✓ cut=37080.93, balance=0.6441, time=0.72s
[2025-12-04 08:39:29]   Trial 3/3: ✓ cut=36955.86, balance=0.5501, time=0.74s
[2025-12-04 08:39:29] 
  Running METIS baseline...
[2025-12-04 08:39:29]   METIS baseline: cut=31846.33, balance=0.6548, time=0.13s
[2025-12-04 08:39:29]   METIS weights: min=1121.79, max=1713.11, avg=1345.83, std=144.56
[2025-12-04 08:39:29]   → Quantum vs METIS: cut improvement = -16.38%
[2025-12-04 08:39:29] 
  → Aggregate: cut=37062.18±80.25, balance=0.5757, time=0.73±0.01s

================================================================================
[2025-12-04 08:39:29] [397/900] Testing configuration:
  k_target: 32
  coarsen_limit: 110
  balance_weight: 1.9
  num_reads: 350
================================================================================
[2025-12-04 08:39:30]   Trial 1/3: ✓ cut=36744.03, balance=0.6041, time=0.84s
[2025-12-04 08:39:31]   Trial 2/3: ✓ cut=37803.89, balance=0.7196, time=0.83s
[2025-12-04 08:39:32]   Trial 3/3: ✓ cut=36471.31, balance=0.5641, time=0.83s
[2025-12-04 08:39:32] 
  Running METIS baseline...
[2025-12-04 08:39:32]   METIS baseline: cut=31846.33, balance=0.6548, time=0.05s
[2025-12-04 08:39:32]   METIS weights: min=1121.79, max=1713.11, avg=1345.83, std=144.56
[2025-12-04 08:39:32]   → Quantum vs METIS: cut improvement = -16.20%
[2025-12-04 08:39:32] 
  → Aggregate: cut=37006.41±574.79, balance=0.6293, time=0.84±0.01s

================================================================================
[2025-12-04 08:39:32] [398/900] Testing configuration:
  k_target: 32
  coarsen_limit: 110
  balance_weight: 1.9
  num_reads: 400
================================================================================
[2025-12-04 08:39:33]   Trial 1/3: ✓ cut=36062.61, balance=0.5471, time=0.95s
[2025-12-04 08:39:34]   Trial 2/3: ✓ cut=37152.96, balance=0.5873, time=0.96s
[2025-12-04 08:39:35]   Trial 3/3: ✓ cut=37832.24, balance=0.5501, time=0.98s
[2025-12-04 08:39:35] 
  Running METIS baseline...
[2025-12-04 08:39:35]   METIS baseline: cut=31846.33, balance=0.6548, time=0.05s
[2025-12-04 08:39:35]   METIS weights: min=1121.79, max=1713.11, avg=1345.83, std=144.56
[2025-12-04 08:39:35]   → Quantum vs METIS: cut improvement = -16.23%
[2025-12-04 08:39:35] 
  → Aggregate: cut=37015.94±728.91, balance=0.5615, time=0.96±0.01s

================================================================================
[2025-12-04 08:39:35] [399/900] Testing configuration:
  k_target: 32
  coarsen_limit: 110
  balance_weight: 1.9
  num_reads: 450
================================================================================
[2025-12-04 08:39:36]   Trial 1/3: ✓ cut=36314.43, balance=0.5373, time=1.08s
[2025-12-04 08:39:37]   Trial 2/3: ✓ cut=37023.04, balance=0.5169, time=1.05s
[2025-12-04 08:39:38]   Trial 3/3: ✓ cut=37080.92, balance=0.5684, time=1.05s
[2025-12-04 08:39:38] 
  Running METIS baseline...
[2025-12-04 08:39:38]   METIS baseline: cut=31846.33, balance=0.6548, time=0.05s
[2025-12-04 08:39:38]   METIS weights: min=1121.79, max=1713.11, avg=1345.83, std=144.56
[2025-12-04 08:39:38]   → Quantum vs METIS: cut improvement = -15.57%
[2025-12-04 08:39:38] 
  → Aggregate: cut=36806.13±348.48, balance=0.5408, time=1.06±0.01s

================================================================================
[2025-12-04 08:39:38] [400/900] Testing configuration:
  k_target: 32
  coarsen_limit: 110
  balance_weight: 1.9
  num_reads: 500
================================================================================
[2025-12-04 08:39:39]   Trial 1/3: ✓ cut=37475.76, balance=0.6623, time=1.16s
[2025-12-04 08:39:41]   Trial 2/3: ✓ cut=37631.16, balance=0.5786, time=1.15s
[2025-12-04 08:39:42]   Trial 3/3: ✓ cut=37375.18, balance=0.5836, time=1.15s
[2025-12-04 08:39:42] 
  Running METIS baseline...
[2025-12-04 08:39:42]   METIS baseline: cut=31846.33, balance=0.6548, time=0.05s
[2025-12-04 08:39:42]   METIS weights: min=1121.79, max=1713.11, avg=1345.83, std=144.56
[2025-12-04 08:39:42]   → Quantum vs METIS: cut improvement = -17.73%
[2025-12-04 08:39:42] 
  → Aggregate: cut=37494.03±105.30, balance=0.6081, time=1.15±0.01s

================================================================================
[2025-12-04 08:39:42] [401/900] Testing configuration:
  k_target: 32
  coarsen_limit: 110
  balance_weight: 2.1
  num_reads: 50
================================================================================
[2025-12-04 08:39:42]   Trial 1/3: ✓ cut=36637.31, balance=0.4989, time=0.20s
[2025-12-04 08:39:42]   Trial 2/3: ✓ cut=37838.47, balance=0.5222, time=0.20s
[2025-12-04 08:39:43]   Trial 3/3: ✓ cut=37165.52, balance=0.5692, time=0.29s
[2025-12-04 08:39:43] 
  Running METIS baseline...
[2025-12-04 08:39:43]   METIS baseline: cut=31846.33, balance=0.6548, time=0.05s
[2025-12-04 08:39:43]   METIS weights: min=1121.79, max=1713.11, avg=1345.83, std=144.56
[2025-12-04 08:39:43]   → Quantum vs METIS: cut improvement = -16.85%
[2025-12-04 08:39:43] 
  → Aggregate: cut=37213.77±491.56, balance=0.5301, time=0.23±0.04s

================================================================================
[2025-12-04 08:39:43] [402/900] Testing configuration:
  k_target: 32
  coarsen_limit: 110
  balance_weight: 2.1
  num_reads: 100
================================================================================
[2025-12-04 08:39:43]   Trial 1/3: ✓ cut=37613.37, balance=0.5945, time=0.31s
[2025-12-04 08:39:43]   Trial 2/3: ✓ cut=37358.66, balance=0.5497, time=0.31s
[2025-12-04 08:39:44]   Trial 3/3: ✓ cut=37868.32, balance=0.5350, time=0.31s
[2025-12-04 08:39:44] 
  Running METIS baseline...
[2025-12-04 08:39:44]   METIS baseline: cut=31846.33, balance=0.6548, time=0.05s
[2025-12-04 08:39:44]   METIS weights: min=1121.79, max=1713.11, avg=1345.83, std=144.56
[2025-12-04 08:39:44]   → Quantum vs METIS: cut improvement = -18.11%
[2025-12-04 08:39:44] 
  → Aggregate: cut=37613.45±208.07, balance=0.5597, time=0.31±0.00s

================================================================================
[2025-12-04 08:39:44] [403/900] Testing configuration:
  k_target: 32
  coarsen_limit: 110
  balance_weight: 2.1
  num_reads: 150
================================================================================
[2025-12-04 08:39:44]   Trial 1/3: ✓ cut=37951.93, balance=0.5638, time=0.42s
[2025-12-04 08:39:45]   Trial 2/3: ✓ cut=37134.88, balance=0.5918, time=0.42s
[2025-12-04 08:39:45]   Trial 3/3: ✓ cut=37628.25, balance=0.5384, time=0.43s
[2025-12-04 08:39:45] 
  Running METIS baseline...
[2025-12-04 08:39:45]   METIS baseline: cut=31846.33, balance=0.6548, time=0.05s
[2025-12-04 08:39:45]   METIS weights: min=1121.79, max=1713.11, avg=1345.83, std=144.56
[2025-12-04 08:39:45]   → Quantum vs METIS: cut improvement = -17.98%
[2025-12-04 08:39:45] 
  → Aggregate: cut=37571.68±335.95, balance=0.5647, time=0.42±0.00s

================================================================================
[2025-12-04 08:39:45] [404/900] Testing configuration:
  k_target: 32
  coarsen_limit: 110
  balance_weight: 2.1
  num_reads: 200
================================================================================
[2025-12-04 08:39:46]   Trial 1/3: ✓ cut=37009.80, balance=0.5304, time=0.52s
[2025-12-04 08:39:46]   Trial 2/3: ✓ cut=37137.09, balance=0.5350, time=0.52s
[2025-12-04 08:39:47]   Trial 3/3: ✓ cut=37292.33, balance=0.7796, time=0.52s
[2025-12-04 08:39:47] 
  Running METIS baseline...
[2025-12-04 08:39:47]   METIS baseline: cut=31846.33, balance=0.6548, time=0.05s
[2025-12-04 08:39:47]   METIS weights: min=1121.79, max=1713.11, avg=1345.83, std=144.56
[2025-12-04 08:39:47]   → Quantum vs METIS: cut improvement = -16.64%
[2025-12-04 08:39:47] 
  → Aggregate: cut=37146.41±115.53, balance=0.6150, time=0.52±0.00s

================================================================================
[2025-12-04 08:39:47] [405/900] Testing configuration:
  k_target: 32
  coarsen_limit: 110
  balance_weight: 2.1
  num_reads: 250
================================================================================
[2025-12-04 08:39:47]   Trial 1/3: ✓ cut=37159.91, balance=0.5955, time=0.62s
[2025-12-04 08:39:48]   Trial 2/3: ✓ cut=36900.45, balance=0.5169, time=0.63s
[2025-12-04 08:39:49]   Trial 3/3: ✓ cut=37536.91, balance=0.5648, time=0.63s
[2025-12-04 08:39:49] 
  Running METIS baseline...
[2025-12-04 08:39:49]   METIS baseline: cut=31846.33, balance=0.6548, time=0.05s
[2025-12-04 08:39:49]   METIS weights: min=1121.79, max=1713.11, avg=1345.83, std=144.56
[2025-12-04 08:39:49]   → Quantum vs METIS: cut improvement = -16.81%
[2025-12-04 08:39:49] 
  → Aggregate: cut=37199.09±261.31, balance=0.5590, time=0.63±0.00s

================================================================================
[2025-12-04 08:39:49] [406/900] Testing configuration:
  k_target: 32
  coarsen_limit: 110
  balance_weight: 2.1
  num_reads: 300
================================================================================
[2025-12-04 08:39:49]   Trial 1/3: ✓ cut=37380.34, balance=0.7513, time=0.75s
[2025-12-04 08:39:50]   Trial 2/3: ✓ cut=37204.74, balance=0.5876, time=0.75s
[2025-12-04 08:39:51]   Trial 3/3: ✓ cut=37137.40, balance=0.4895, time=0.84s
[2025-12-04 08:39:51] 
  Running METIS baseline...
[2025-12-04 08:39:51]   METIS baseline: cut=31846.33, balance=0.6548, time=0.05s
[2025-12-04 08:39:51]   METIS weights: min=1121.79, max=1713.11, avg=1345.83, std=144.56
[2025-12-04 08:39:51]   → Quantum vs METIS: cut improvement = -16.94%
[2025-12-04 08:39:51] 
  → Aggregate: cut=37240.83±102.41, balance=0.6095, time=0.78±0.04s

================================================================================
[2025-12-04 08:39:51] [407/900] Testing configuration:
  k_target: 32
  coarsen_limit: 110
  balance_weight: 2.1
  num_reads: 350
================================================================================
[2025-12-04 08:39:52]   Trial 1/3: ✓ cut=36589.13, balance=0.5412, time=0.84s
[2025-12-04 08:39:53]   Trial 2/3: ✓ cut=36986.55, balance=0.5250, time=0.84s
[2025-12-04 08:39:54]   Trial 3/3: ✓ cut=36541.60, balance=0.5921, time=0.85s
[2025-12-04 08:39:54] 
  Running METIS baseline...
[2025-12-04 08:39:54]   METIS baseline: cut=31846.33, balance=0.6548, time=0.05s
[2025-12-04 08:39:54]   METIS weights: min=1121.79, max=1713.11, avg=1345.83, std=144.56
[2025-12-04 08:39:54]   → Quantum vs METIS: cut improvement = -15.26%
[2025-12-04 08:39:54] 
  → Aggregate: cut=36705.76±199.49, balance=0.5527, time=0.84±0.01s

================================================================================
[2025-12-04 08:39:54] [408/900] Testing configuration:
  k_target: 32
  coarsen_limit: 110
  balance_weight: 2.1
  num_reads: 400
================================================================================
[2025-12-04 08:39:55]   Trial 1/3: ✓ cut=37517.05, balance=0.6104, time=0.96s
[2025-12-04 08:39:56]   Trial 2/3: ✓ cut=36666.67, balance=0.5972, time=0.96s
[2025-12-04 08:39:57]   Trial 3/3: ✓ cut=37106.51, balance=0.5475, time=0.95s
[2025-12-04 08:39:57] 
  Running METIS baseline...
[2025-12-04 08:39:57]   METIS baseline: cut=31846.33, balance=0.6548, time=0.05s
[2025-12-04 08:39:57]   METIS weights: min=1121.79, max=1713.11, avg=1345.83, std=144.56
[2025-12-04 08:39:57]   → Quantum vs METIS: cut improvement = -16.49%
[2025-12-04 08:39:57] 
  → Aggregate: cut=37096.74±347.23, balance=0.5850, time=0.96±0.00s

================================================================================
[2025-12-04 08:39:57] [409/900] Testing configuration:
  k_target: 32
  coarsen_limit: 110
  balance_weight: 2.1
  num_reads: 450
================================================================================
[2025-12-04 08:39:58]   Trial 1/3: ✓ cut=36836.78, balance=0.5876, time=1.06s
[2025-12-04 08:39:59]   Trial 2/3: ✓ cut=38095.22, balance=0.5786, time=1.05s
[2025-12-04 08:40:00]   Trial 3/3: ✓ cut=37345.15, balance=0.5643, time=1.06s
[2025-12-04 08:40:00] 
  Running METIS baseline...
[2025-12-04 08:40:00]   METIS baseline: cut=31846.33, balance=0.6548, time=0.05s
[2025-12-04 08:40:00]   METIS weights: min=1121.79, max=1713.11, avg=1345.83, std=144.56
[2025-12-04 08:40:00]   → Quantum vs METIS: cut improvement = -17.52%
[2025-12-04 08:40:00] 
  → Aggregate: cut=37425.72±516.90, balance=0.5768, time=1.06±0.00s

================================================================================
[2025-12-04 08:40:00] [410/900] Testing configuration:
  k_target: 32
  coarsen_limit: 110
  balance_weight: 2.1
  num_reads: 500
================================================================================
[2025-12-04 08:40:01]   Trial 1/3: ✓ cut=36091.25, balance=0.5212, time=1.23s
[2025-12-04 08:40:02]   Trial 2/3: ✓ cut=37385.42, balance=0.5386, time=1.22s
[2025-12-04 08:40:04]   Trial 3/3: ✓ cut=37508.11, balance=0.5358, time=1.23s
[2025-12-04 08:40:04] 
  Running METIS baseline...
[2025-12-04 08:40:04]   METIS baseline: cut=31846.33, balance=0.6548, time=0.05s
[2025-12-04 08:40:04]   METIS weights: min=1121.79, max=1713.11, avg=1345.83, std=144.56
[2025-12-04 08:40:04]   → Quantum vs METIS: cut improvement = -16.17%
[2025-12-04 08:40:04] 
  → Aggregate: cut=36994.93±640.96, balance=0.5318, time=1.23±0.00s

================================================================================
[2025-12-04 08:40:04] [411/900] Testing configuration:
  k_target: 32
  coarsen_limit: 110
  balance_weight: 2.3
  num_reads: 50
================================================================================
[2025-12-04 08:40:04]   Trial 1/3: ✓ cut=37696.06, balance=0.5918, time=0.21s
[2025-12-04 08:40:04]   Trial 2/3: ✓ cut=37657.08, balance=0.5198, time=0.21s
[2025-12-04 08:40:05]   Trial 3/3: ✓ cut=37113.06, balance=0.5563, time=0.31s
[2025-12-04 08:40:05] 
  Running METIS baseline...
[2025-12-04 08:40:05]   METIS baseline: cut=31846.33, balance=0.6548, time=0.06s
[2025-12-04 08:40:05]   METIS weights: min=1121.79, max=1713.11, avg=1345.83, std=144.56
[2025-12-04 08:40:05]   → Quantum vs METIS: cut improvement = -17.72%
[2025-12-04 08:40:05] 
  → Aggregate: cut=37488.73±266.12, balance=0.5560, time=0.25±0.05s

================================================================================
[2025-12-04 08:40:05] [412/900] Testing configuration:
  k_target: 32
  coarsen_limit: 110
  balance_weight: 2.3
  num_reads: 100
================================================================================
[2025-12-04 08:40:05]   Trial 1/3: ✓ cut=36054.72, balance=0.5574, time=0.34s
[2025-12-04 08:40:05]   Trial 2/3: ✓ cut=37169.77, balance=0.5455, time=0.35s
[2025-12-04 08:40:06]   Trial 3/3: ✓ cut=36267.15, balance=0.5638, time=0.33s
[2025-12-04 08:40:06] 
  Running METIS baseline...
[2025-12-04 08:40:06]   METIS baseline: cut=31846.33, balance=0.6548, time=0.05s
[2025-12-04 08:40:06]   METIS weights: min=1121.79, max=1713.11, avg=1345.83, std=144.56
[2025-12-04 08:40:06]   → Quantum vs METIS: cut improvement = -14.60%
[2025-12-04 08:40:06] 
  → Aggregate: cut=36497.21±483.41, balance=0.5556, time=0.34±0.01s

================================================================================
[2025-12-04 08:40:06] [413/900] Testing configuration:
  k_target: 32
  coarsen_limit: 110
  balance_weight: 2.3
  num_reads: 150
================================================================================
[2025-12-04 08:40:06]   Trial 1/3: ✓ cut=37461.91, balance=0.5673, time=0.44s
[2025-12-04 08:40:07]   Trial 2/3: ✓ cut=37184.50, balance=0.5903, time=0.43s
[2025-12-04 08:40:07]   Trial 3/3: ✓ cut=37372.61, balance=0.5889, time=0.44s
[2025-12-04 08:40:07] 
  Running METIS baseline...
[2025-12-04 08:40:07]   METIS baseline: cut=31846.33, balance=0.6548, time=0.05s
[2025-12-04 08:40:07]   METIS weights: min=1121.79, max=1713.11, avg=1345.83, std=144.56
[2025-12-04 08:40:07]   → Quantum vs METIS: cut improvement = -17.25%
[2025-12-04 08:40:07] 
  → Aggregate: cut=37339.67±115.62, balance=0.5822, time=0.44±0.00s

================================================================================
[2025-12-04 08:40:07] [414/900] Testing configuration:
  k_target: 32
  coarsen_limit: 110
  balance_weight: 2.3
  num_reads: 200
================================================================================
[2025-12-04 08:40:08]   Trial 1/3: ✓ cut=37057.43, balance=0.5919, time=0.53s
[2025-12-04 08:40:08]   Trial 2/3: ✓ cut=37253.75, balance=0.5462, time=0.54s
[2025-12-04 08:40:09]   Trial 3/3: ✓ cut=37082.15, balance=0.5692, time=0.55s
[2025-12-04 08:40:09] 
  Running METIS baseline...
[2025-12-04 08:40:09]   METIS baseline: cut=31846.33, balance=0.6548, time=0.05s
[2025-12-04 08:40:09]   METIS weights: min=1121.79, max=1713.11, avg=1345.83, std=144.56
[2025-12-04 08:40:09]   → Quantum vs METIS: cut improvement = -16.59%
[2025-12-04 08:40:09] 
  → Aggregate: cut=37131.11±87.30, balance=0.5691, time=0.54±0.01s

================================================================================
[2025-12-04 08:40:09] [415/900] Testing configuration:
  k_target: 32
  coarsen_limit: 110
  balance_weight: 2.3
  num_reads: 250
================================================================================
[2025-12-04 08:40:10]   Trial 1/3: ✓ cut=35550.27, balance=0.5643, time=0.67s
[2025-12-04 08:40:10]   Trial 2/3: ✓ cut=36798.85, balance=0.5169, time=0.67s
[2025-12-04 08:40:11]   Trial 3/3: ✓ cut=37318.22, balance=0.5772, time=0.63s
[2025-12-04 08:40:11] 
  Running METIS baseline...
[2025-12-04 08:40:11]   METIS baseline: cut=31846.33, balance=0.6548, time=0.05s
[2025-12-04 08:40:11]   METIS weights: min=1121.79, max=1713.11, avg=1345.83, std=144.56
[2025-12-04 08:40:11]   → Quantum vs METIS: cut improvement = -14.79%
[2025-12-04 08:40:11] 
  → Aggregate: cut=36555.78±741.94, balance=0.5528, time=0.66±0.02s

================================================================================
[2025-12-04 08:40:11] [416/900] Testing configuration:
  k_target: 32
  coarsen_limit: 110
  balance_weight: 2.3
  num_reads: 300
================================================================================
[2025-12-04 08:40:12]   Trial 1/3: ✓ cut=37713.46, balance=0.5667, time=0.75s
[2025-12-04 08:40:13]   Trial 2/3: ✓ cut=37331.30, balance=0.5921, time=0.80s
[2025-12-04 08:40:13]   Trial 3/3: ✓ cut=37849.72, balance=0.6444, time=0.73s
[2025-12-04 08:40:13] 
  Running METIS baseline...
[2025-12-04 08:40:13]   METIS baseline: cut=31846.33, balance=0.6548, time=0.05s
[2025-12-04 08:40:13]   METIS weights: min=1121.79, max=1713.11, avg=1345.83, std=144.56
[2025-12-04 08:40:13]   → Quantum vs METIS: cut improvement = -18.17%
[2025-12-04 08:40:13] 
  → Aggregate: cut=37631.49±219.44, balance=0.6011, time=0.76±0.03s

================================================================================
[2025-12-04 08:40:13] [417/900] Testing configuration:
  k_target: 32
  coarsen_limit: 110
  balance_weight: 2.3
  num_reads: 350
================================================================================
[2025-12-04 08:40:14]   Trial 1/3: ✓ cut=36048.44, balance=0.5373, time=0.85s
[2025-12-04 08:40:15]   Trial 2/3: ✓ cut=37556.86, balance=0.5590, time=0.86s
[2025-12-04 08:40:16]   Trial 3/3: ✓ cut=36632.06, balance=0.5598, time=0.82s
[2025-12-04 08:40:16] 
  Running METIS baseline...
[2025-12-04 08:40:16]   METIS baseline: cut=31846.33, balance=0.6548, time=0.05s
[2025-12-04 08:40:16]   METIS weights: min=1121.79, max=1713.11, avg=1345.83, std=144.56
[2025-12-04 08:40:16]   → Quantum vs METIS: cut improvement = -15.38%
[2025-12-04 08:40:16] 
  → Aggregate: cut=36745.79±621.04, balance=0.5520, time=0.84±0.01s

================================================================================
[2025-12-04 08:40:16] [418/900] Testing configuration:
  k_target: 32
  coarsen_limit: 110
  balance_weight: 2.3
  num_reads: 400
================================================================================
[2025-12-04 08:40:17]   Trial 1/3: ✓ cut=37210.76, balance=0.5501, time=0.93s
[2025-12-04 08:40:18]   Trial 2/3: ✓ cut=36677.81, balance=0.6529, time=0.94s
[2025-12-04 08:40:19]   Trial 3/3: ✓ cut=37879.42, balance=0.5707, time=0.93s
[2025-12-04 08:40:19] 
  Running METIS baseline...
[2025-12-04 08:40:19]   METIS baseline: cut=31846.33, balance=0.6548, time=0.05s
[2025-12-04 08:40:19]   METIS weights: min=1121.79, max=1713.11, avg=1345.83, std=144.56
[2025-12-04 08:40:19]   → Quantum vs METIS: cut improvement = -16.99%
[2025-12-04 08:40:19] 
  → Aggregate: cut=37256.00±491.59, balance=0.5912, time=0.93±0.00s

================================================================================
[2025-12-04 08:40:19] [419/900] Testing configuration:
  k_target: 32
  coarsen_limit: 110
  balance_weight: 2.3
  num_reads: 450
================================================================================
[2025-12-04 08:40:20]   Trial 1/3: ✓ cut=36792.53, balance=0.5691, time=1.04s
[2025-12-04 08:40:21]   Trial 2/3: ✓ cut=37226.72, balance=0.5495, time=1.03s
[2025-12-04 08:40:22]   Trial 3/3: ✓ cut=37530.14, balance=0.5677, time=1.04s
[2025-12-04 08:40:22] 
  Running METIS baseline...
[2025-12-04 08:40:22]   METIS baseline: cut=31846.33, balance=0.6548, time=0.05s
[2025-12-04 08:40:22]   METIS weights: min=1121.79, max=1713.11, avg=1345.83, std=144.56
[2025-12-04 08:40:22]   → Quantum vs METIS: cut improvement = -16.76%
[2025-12-04 08:40:22] 
  → Aggregate: cut=37183.13±302.70, balance=0.5621, time=1.04±0.00s

================================================================================
[2025-12-04 08:40:22] [420/900] Testing configuration:
  k_target: 32
  coarsen_limit: 110
  balance_weight: 2.3
  num_reads: 500
================================================================================
[2025-12-04 08:40:23]   Trial 1/3: ✓ cut=37046.07, balance=0.6104, time=1.14s
[2025-12-04 08:40:24]   Trial 2/3: ✓ cut=36744.03, balance=0.7607, time=1.16s
[2025-12-04 08:40:26]   Trial 3/3: ✓ cut=36577.74, balance=0.7329, time=1.15s
[2025-12-04 08:40:26] 
  Running METIS baseline...
[2025-12-04 08:40:26]   METIS baseline: cut=31846.33, balance=0.6548, time=0.05s
[2025-12-04 08:40:26]   METIS weights: min=1121.79, max=1713.11, avg=1345.83, std=144.56
[2025-12-04 08:40:26]   → Quantum vs METIS: cut improvement = -15.52%
[2025-12-04 08:40:26] 
  → Aggregate: cut=36789.28±193.85, balance=0.7013, time=1.15±0.01s

================================================================================
[2025-12-04 08:40:26] [421/900] Testing configuration:
  k_target: 32
  coarsen_limit: 110
  balance_weight: 2.5
  num_reads: 50
================================================================================
[2025-12-04 08:40:26]   Trial 1/3: ✓ cut=37253.07, balance=0.5415, time=0.20s
[2025-12-04 08:40:26]   Trial 2/3: ✓ cut=37299.66, balance=0.5928, time=0.29s
[2025-12-04 08:40:26]   Trial 3/3: ✓ cut=36573.67, balance=0.6193, time=0.20s
[2025-12-04 08:40:26] 
  Running METIS baseline...
[2025-12-04 08:40:26]   METIS baseline: cut=31846.33, balance=0.6548, time=0.05s
[2025-12-04 08:40:26]   METIS weights: min=1121.79, max=1713.11, avg=1345.83, std=144.56
[2025-12-04 08:40:26]   → Quantum vs METIS: cut improvement = -16.32%
[2025-12-04 08:40:26] 
  → Aggregate: cut=37042.14±331.80, balance=0.5845, time=0.23±0.04s

================================================================================
[2025-12-04 08:40:26] [422/900] Testing configuration:
  k_target: 32
  coarsen_limit: 110
  balance_weight: 2.5
  num_reads: 100
================================================================================
[2025-12-04 08:40:27]   Trial 1/3: ✓ cut=37460.32, balance=0.7101, time=0.30s
[2025-12-04 08:40:27]   Trial 2/3: ✓ cut=37170.91, balance=0.6623, time=0.31s
[2025-12-04 08:40:27]   Trial 3/3: ✓ cut=37439.98, balance=0.5760, time=0.31s
[2025-12-04 08:40:27] 
  Running METIS baseline...
[2025-12-04 08:40:27]   METIS baseline: cut=31846.33, balance=0.6548, time=0.05s
[2025-12-04 08:40:27]   METIS weights: min=1121.79, max=1713.11, avg=1345.83, std=144.56
[2025-12-04 08:40:27]   → Quantum vs METIS: cut improvement = -17.30%
[2025-12-04 08:40:27] 
  → Aggregate: cut=37357.07±131.90, balance=0.6495, time=0.31±0.00s

================================================================================
[2025-12-04 08:40:27] [423/900] Testing configuration:
  k_target: 32
  coarsen_limit: 110
  balance_weight: 2.5
  num_reads: 150
================================================================================
[2025-12-04 08:40:28]   Trial 1/3: ✓ cut=37935.36, balance=0.5791, time=0.42s
[2025-12-04 08:40:28]   Trial 2/3: ✓ cut=37365.46, balance=0.5643, time=0.41s
[2025-12-04 08:40:29]   Trial 3/3: ✓ cut=37178.49, balance=0.6085, time=0.42s
[2025-12-04 08:40:29] 
  Running METIS baseline...
[2025-12-04 08:40:29]   METIS baseline: cut=31846.33, balance=0.6548, time=0.05s
[2025-12-04 08:40:29]   METIS weights: min=1121.79, max=1713.11, avg=1345.83, std=144.56
[2025-12-04 08:40:29]   → Quantum vs METIS: cut improvement = -17.73%
[2025-12-04 08:40:29] 
  → Aggregate: cut=37493.10±321.90, balance=0.5840, time=0.42±0.00s

================================================================================
[2025-12-04 08:40:29] [424/900] Testing configuration:
  k_target: 32
  coarsen_limit: 110
  balance_weight: 2.5
  num_reads: 200
================================================================================
[2025-12-04 08:40:29]   Trial 1/3: ✓ cut=36897.75, balance=0.5876, time=0.52s
[2025-12-04 08:40:30]   Trial 2/3: ✓ cut=37502.20, balance=0.5169, time=0.52s
[2025-12-04 08:40:30]   Trial 3/3: ✓ cut=36860.76, balance=0.5329, time=0.53s
[2025-12-04 08:40:30] 
  Running METIS baseline...
[2025-12-04 08:40:31]   METIS baseline: cut=31846.33, balance=0.6548, time=0.05s
[2025-12-04 08:40:31]   METIS weights: min=1121.79, max=1713.11, avg=1345.83, std=144.56
[2025-12-04 08:40:31]   → Quantum vs METIS: cut improvement = -16.46%
[2025-12-04 08:40:31] 
  → Aggregate: cut=37086.90±294.05, balance=0.5458, time=0.52±0.00s

================================================================================
[2025-12-04 08:40:31] [425/900] Testing configuration:
  k_target: 32
  coarsen_limit: 110
  balance_weight: 2.5
  num_reads: 250
================================================================================
[2025-12-04 08:40:31]   Trial 1/3: ✓ cut=37153.14, balance=0.5160, time=0.62s
[2025-12-04 08:40:32]   Trial 2/3: ✓ cut=36822.11, balance=0.6946, time=0.63s
[2025-12-04 08:40:32]   Trial 3/3: ✓ cut=36839.59, balance=0.5876, time=0.63s
[2025-12-04 08:40:32] 
  Running METIS baseline...
[2025-12-04 08:40:32]   METIS baseline: cut=31846.33, balance=0.6548, time=0.05s
[2025-12-04 08:40:32]   METIS weights: min=1121.79, max=1713.11, avg=1345.83, std=144.56
[2025-12-04 08:40:32]   → Quantum vs METIS: cut improvement = -15.99%
[2025-12-04 08:40:32] 
  → Aggregate: cut=36938.28±152.09, balance=0.5994, time=0.63±0.00s

================================================================================
[2025-12-04 08:40:33] [426/900] Testing configuration:
  k_target: 32
  coarsen_limit: 110
  balance_weight: 2.5
  num_reads: 300
================================================================================
[2025-12-04 08:40:33]   Trial 1/3: ✓ cut=37137.84, balance=0.6441, time=0.82s
[2025-12-04 08:40:34]   Trial 2/3: ✓ cut=37399.70, balance=0.5598, time=0.73s
[2025-12-04 08:40:35]   Trial 3/3: ✓ cut=36752.82, balance=0.5945, time=0.76s
[2025-12-04 08:40:35] 
  Running METIS baseline...
[2025-12-04 08:40:35]   METIS baseline: cut=31846.33, balance=0.6548, time=0.05s
[2025-12-04 08:40:35]   METIS weights: min=1121.79, max=1713.11, avg=1345.83, std=144.56
[2025-12-04 08:40:35]   → Quantum vs METIS: cut improvement = -16.49%
[2025-12-04 08:40:35] 
  → Aggregate: cut=37096.78±265.68, balance=0.5995, time=0.77±0.04s

================================================================================
[2025-12-04 08:40:35] [427/900] Testing configuration:
  k_target: 32
  coarsen_limit: 110
  balance_weight: 2.5
  num_reads: 350
================================================================================
[2025-12-04 08:40:36]   Trial 1/3: ✓ cut=35975.14, balance=0.5169, time=0.84s
[2025-12-04 08:40:37]   Trial 2/3: ✓ cut=37536.12, balance=0.4993, time=0.84s
[2025-12-04 08:40:37]   Trial 3/3: ✓ cut=37011.54, balance=0.5941, time=0.84s
[2025-12-04 08:40:37] 
  Running METIS baseline...
[2025-12-04 08:40:38]   METIS baseline: cut=31846.33, balance=0.6548, time=0.05s
[2025-12-04 08:40:38]   METIS weights: min=1121.79, max=1713.11, avg=1345.83, std=144.56
[2025-12-04 08:40:38]   → Quantum vs METIS: cut improvement = -15.68%
[2025-12-04 08:40:38] 
  → Aggregate: cut=36840.93±648.59, balance=0.5367, time=0.84±0.00s

================================================================================
[2025-12-04 08:40:38] [428/900] Testing configuration:
  k_target: 32
  coarsen_limit: 110
  balance_weight: 2.5
  num_reads: 400
================================================================================
[2025-12-04 08:40:38]   Trial 1/3: ✓ cut=37475.68, balance=0.6331, time=0.95s
[2025-12-04 08:40:39]   Trial 2/3: ✓ cut=37290.25, balance=0.5876, time=0.96s
[2025-12-04 08:40:40]   Trial 3/3: ✓ cut=37084.93, balance=0.6186, time=0.95s
[2025-12-04 08:40:40] 
  Running METIS baseline...
[2025-12-04 08:40:40]   METIS baseline: cut=31846.33, balance=0.6548, time=0.05s
[2025-12-04 08:40:40]   METIS weights: min=1121.79, max=1713.11, avg=1345.83, std=144.56
[2025-12-04 08:40:40]   → Quantum vs METIS: cut improvement = -17.07%
[2025-12-04 08:40:40] 
  → Aggregate: cut=37283.62±159.59, balance=0.6131, time=0.95±0.01s

================================================================================
[2025-12-04 08:40:40] [429/900] Testing configuration:
  k_target: 32
  coarsen_limit: 110
  balance_weight: 2.5
  num_reads: 450
================================================================================
[2025-12-04 08:40:42]   Trial 1/3: ✓ cut=36997.59, balance=0.5955, time=1.05s
[2025-12-04 08:40:43]   Trial 2/3: ✓ cut=36852.43, balance=0.5852, time=1.04s
[2025-12-04 08:40:44]   Trial 3/3: ✓ cut=37386.33, balance=0.7404, time=1.06s
[2025-12-04 08:40:44] 
  Running METIS baseline...
[2025-12-04 08:40:44]   METIS baseline: cut=31846.33, balance=0.6548, time=0.05s
[2025-12-04 08:40:44]   METIS weights: min=1121.79, max=1713.11, avg=1345.83, std=144.56
[2025-12-04 08:40:44]   → Quantum vs METIS: cut improvement = -16.43%
[2025-12-04 08:40:44] 
  → Aggregate: cut=37078.78±225.40, balance=0.6403, time=1.05±0.01s

================================================================================
[2025-12-04 08:40:44] [430/900] Testing configuration:
  k_target: 32
  coarsen_limit: 110
  balance_weight: 2.5
  num_reads: 500
================================================================================
[2025-12-04 08:40:45]   Trial 1/3: ✓ cut=36379.65, balance=0.5618, time=1.17s
[2025-12-04 08:40:46]   Trial 2/3: ✓ cut=36337.39, balance=0.6852, time=1.16s
[2025-12-04 08:40:47]   Trial 3/3: ✓ cut=36482.67, balance=0.5921, time=1.15s
[2025-12-04 08:40:47] 
  Running METIS baseline...
[2025-12-04 08:40:47]   METIS baseline: cut=31846.33, balance=0.6548, time=0.13s
[2025-12-04 08:40:47]   METIS weights: min=1121.79, max=1713.11, avg=1345.83, std=144.56
[2025-12-04 08:40:47]   → Quantum vs METIS: cut improvement = -14.30%
[2025-12-04 08:40:47] 
  → Aggregate: cut=36399.90±61.02, balance=0.6131, time=1.16±0.01s

================================================================================
[2025-12-04 08:40:47] [431/900] Testing configuration:
  k_target: 32
  coarsen_limit: 110
  balance_weight: 2.7
  num_reads: 50
================================================================================
[2025-12-04 08:40:48]   Trial 1/3: ✓ cut=37015.52, balance=0.5808, time=0.20s
[2025-12-04 08:40:48]   Trial 2/3: ✓ cut=37146.89, balance=0.5386, time=0.20s
[2025-12-04 08:40:48]   Trial 3/3: ✓ cut=38206.44, balance=0.7768, time=0.20s
[2025-12-04 08:40:48] 
  Running METIS baseline...
[2025-12-04 08:40:48]   METIS baseline: cut=31846.33, balance=0.6548, time=0.05s
[2025-12-04 08:40:48]   METIS weights: min=1121.79, max=1713.11, avg=1345.83, std=144.56
[2025-12-04 08:40:48]   → Quantum vs METIS: cut improvement = -17.62%
[2025-12-04 08:40:48] 
  → Aggregate: cut=37456.28±533.15, balance=0.6321, time=0.20±0.00s

================================================================================
[2025-12-04 08:40:48] [432/900] Testing configuration:
  k_target: 32
  coarsen_limit: 110
  balance_weight: 2.7
  num_reads: 100
================================================================================
[2025-12-04 08:40:48]   Trial 1/3: ✓ cut=37784.22, balance=0.7605, time=0.31s
[2025-12-04 08:40:49]   Trial 2/3: ✓ cut=37710.24, balance=0.5368, time=0.31s
[2025-12-04 08:40:49]   Trial 3/3: ✓ cut=37713.04, balance=0.6050, time=0.31s
[2025-12-04 08:40:49] 
  Running METIS baseline...
[2025-12-04 08:40:49]   METIS baseline: cut=31846.33, balance=0.6548, time=0.05s
[2025-12-04 08:40:49]   METIS weights: min=1121.79, max=1713.11, avg=1345.83, std=144.56
[2025-12-04 08:40:49]   → Quantum vs METIS: cut improvement = -18.49%
[2025-12-04 08:40:49] 
  → Aggregate: cut=37735.83±34.24, balance=0.6341, time=0.31±0.00s

================================================================================
[2025-12-04 08:40:49] [433/900] Testing configuration:
  k_target: 32
  coarsen_limit: 110
  balance_weight: 2.7
  num_reads: 150
================================================================================
[2025-12-04 08:40:50]   Trial 1/3: ✓ cut=36621.85, balance=0.5836, time=0.42s
[2025-12-04 08:40:50]   Trial 2/3: ✓ cut=37211.85, balance=0.7496, time=0.42s
[2025-12-04 08:40:50]   Trial 3/3: ✓ cut=37321.49, balance=0.7906, time=0.42s
[2025-12-04 08:40:50] 
  Running METIS baseline...
[2025-12-04 08:40:50]   METIS baseline: cut=31846.33, balance=0.6548, time=0.05s
[2025-12-04 08:40:50]   METIS weights: min=1121.79, max=1713.11, avg=1345.83, std=144.56
[2025-12-04 08:40:50]   → Quantum vs METIS: cut improvement = -16.35%
[2025-12-04 08:40:50] 
  → Aggregate: cut=37051.73±307.25, balance=0.7079, time=0.42±0.00s

================================================================================
[2025-12-04 08:40:51] [434/900] Testing configuration:
  k_target: 32
  coarsen_limit: 110
  balance_weight: 2.7
  num_reads: 200
================================================================================
[2025-12-04 08:40:51]   Trial 1/3: ✓ cut=36400.23, balance=0.5921, time=0.52s
[2025-12-04 08:40:52]   Trial 2/3: ✓ cut=36493.94, balance=0.6008, time=0.52s
[2025-12-04 08:40:52]   Trial 3/3: ✓ cut=36249.84, balance=0.6099, time=0.52s
[2025-12-04 08:40:52] 
  Running METIS baseline...
[2025-12-04 08:40:52]   METIS baseline: cut=31846.33, balance=0.6548, time=0.05s
[2025-12-04 08:40:52]   METIS weights: min=1121.79, max=1713.11, avg=1345.83, std=144.56
[2025-12-04 08:40:52]   → Quantum vs METIS: cut improvement = -14.24%
[2025-12-04 08:40:52] 
  → Aggregate: cut=36381.34±100.55, balance=0.6010, time=0.52±0.00s

================================================================================
[2025-12-04 08:40:52] [435/900] Testing configuration:
  k_target: 32
  coarsen_limit: 110
  balance_weight: 2.7
  num_reads: 250
================================================================================
[2025-12-04 08:40:53]   Trial 1/3: ✓ cut=36876.70, balance=0.5277, time=0.63s
[2025-12-04 08:40:53]   Trial 2/3: ✓ cut=38308.15, balance=0.5386, time=0.63s
[2025-12-04 08:40:54]   Trial 3/3: ✓ cut=37348.38, balance=0.5712, time=0.71s
[2025-12-04 08:40:54] 
  Running METIS baseline...
[2025-12-04 08:40:54]   METIS baseline: cut=31846.33, balance=0.6548, time=0.05s
[2025-12-04 08:40:54]   METIS weights: min=1121.79, max=1713.11, avg=1345.83, std=144.56
[2025-12-04 08:40:54]   → Quantum vs METIS: cut improvement = -17.79%
[2025-12-04 08:40:54] 
  → Aggregate: cut=37511.08±595.60, balance=0.5458, time=0.66±0.04s

================================================================================
[2025-12-04 08:40:54] [436/900] Testing configuration:
  k_target: 32
  coarsen_limit: 110
  balance_weight: 2.7
  num_reads: 300
================================================================================
[2025-12-04 08:40:55]   Trial 1/3: ✓ cut=36866.96, balance=0.5884, time=0.76s
[2025-12-04 08:40:56]   Trial 2/3: ✓ cut=36865.03, balance=0.5373, time=0.74s
[2025-12-04 08:40:57]   Trial 3/3: ✓ cut=36953.45, balance=0.5648, time=0.73s
[2025-12-04 08:40:57] 
  Running METIS baseline...
[2025-12-04 08:40:57]   METIS baseline: cut=31846.33, balance=0.6548, time=0.05s
[2025-12-04 08:40:57]   METIS weights: min=1121.79, max=1713.11, avg=1345.83, std=144.56
[2025-12-04 08:40:57]   → Quantum vs METIS: cut improvement = -15.85%
[2025-12-04 08:40:57] 
  → Aggregate: cut=36895.15±41.23, balance=0.5635, time=0.74±0.01s

================================================================================
[2025-12-04 08:40:57] [437/900] Testing configuration:
  k_target: 32
  coarsen_limit: 110
  balance_weight: 2.7
  num_reads: 350
================================================================================
[2025-12-04 08:40:57]   Trial 1/3: ✓ cut=36774.04, balance=0.6022, time=0.83s
[2025-12-04 08:40:58]   Trial 2/3: ✓ cut=37973.31, balance=0.5386, time=0.83s
[2025-12-04 08:40:59]   Trial 3/3: ✓ cut=37052.50, balance=0.5329, time=0.86s
[2025-12-04 08:40:59] 
  Running METIS baseline...
[2025-12-04 08:40:59]   METIS baseline: cut=31846.33, balance=0.6548, time=0.05s
[2025-12-04 08:40:59]   METIS weights: min=1121.79, max=1713.11, avg=1345.83, std=144.56
[2025-12-04 08:40:59]   → Quantum vs METIS: cut improvement = -17.02%
[2025-12-04 08:40:59] 
  → Aggregate: cut=37266.61±512.48, balance=0.5579, time=0.84±0.01s

================================================================================
[2025-12-04 08:40:59] [438/900] Testing configuration:
  k_target: 32
  coarsen_limit: 110
  balance_weight: 2.7
  num_reads: 400
================================================================================
[2025-12-04 08:41:00]   Trial 1/3: ✓ cut=37140.00, balance=0.5828, time=0.95s
[2025-12-04 08:41:01]   Trial 2/3: ✓ cut=37148.48, balance=0.6691, time=1.00s
[2025-12-04 08:41:02]   Trial 3/3: ✓ cut=37790.16, balance=0.7277, time=0.95s
[2025-12-04 08:41:02] 
  Running METIS baseline...
[2025-12-04 08:41:02]   METIS baseline: cut=31846.33, balance=0.6548, time=0.05s
[2025-12-04 08:41:02]   METIS weights: min=1121.79, max=1713.11, avg=1345.83, std=144.56
[2025-12-04 08:41:02]   → Quantum vs METIS: cut improvement = -17.31%
[2025-12-04 08:41:02] 
  → Aggregate: cut=37359.55±304.51, balance=0.6598, time=0.97±0.02s

================================================================================
[2025-12-04 08:41:02] [439/900] Testing configuration:
  k_target: 32
  coarsen_limit: 110
  balance_weight: 2.7
  num_reads: 450
================================================================================
[2025-12-04 08:41:03]   Trial 1/3: ✓ cut=37413.51, balance=0.5641, time=1.06s
[2025-12-04 08:41:04]   Trial 2/3: ✓ cut=36677.32, balance=0.5677, time=1.13s
[2025-12-04 08:41:06]   Trial 3/3: ✓ cut=36460.38, balance=0.6033, time=1.14s
[2025-12-04 08:41:06] 
  Running METIS baseline...
[2025-12-04 08:41:06]   METIS baseline: cut=31846.33, balance=0.6548, time=0.05s
[2025-12-04 08:41:06]   METIS weights: min=1121.79, max=1713.11, avg=1345.83, std=144.56
[2025-12-04 08:41:06]   → Quantum vs METIS: cut improvement = -15.71%
[2025-12-04 08:41:06] 
  → Aggregate: cut=36850.40±407.91, balance=0.5784, time=1.11±0.04s

================================================================================
[2025-12-04 08:41:06] [440/900] Testing configuration:
  k_target: 32
  coarsen_limit: 110
  balance_weight: 2.7
  num_reads: 500
================================================================================
[2025-12-04 08:41:07]   Trial 1/3: ✓ cut=37218.14, balance=0.7166, time=1.23s
[2025-12-04 08:41:08]   Trial 2/3: ✓ cut=37097.20, balance=0.5373, time=1.19s
[2025-12-04 08:41:09]   Trial 3/3: ✓ cut=37062.20, balance=0.5571, time=1.31s
[2025-12-04 08:41:09] 
  Running METIS baseline...
[2025-12-04 08:41:09]   METIS baseline: cut=31846.33, balance=0.6548, time=0.05s
[2025-12-04 08:41:09]   METIS weights: min=1121.79, max=1713.11, avg=1345.83, std=144.56
[2025-12-04 08:41:09]   → Quantum vs METIS: cut improvement = -16.58%
[2025-12-04 08:41:09] 
  → Aggregate: cut=37125.85±66.81, balance=0.6037, time=1.24±0.05s

================================================================================
[2025-12-04 08:41:10] [441/900] Testing configuration:
  k_target: 32
  coarsen_limit: 110
  balance_weight: 2.9
  num_reads: 50
================================================================================
[2025-12-04 08:41:10]   Trial 1/3: ✓ cut=37271.57, balance=0.5712, time=0.22s
[2025-12-04 08:41:10]   Trial 2/3: ✓ cut=37498.13, balance=0.5307, time=0.22s
[2025-12-04 08:41:10]   Trial 3/3: ✓ cut=37098.39, balance=0.5644, time=0.22s
[2025-12-04 08:41:10] 
  Running METIS baseline...
[2025-12-04 08:41:10]   METIS baseline: cut=31846.33, balance=0.6548, time=0.05s
[2025-12-04 08:41:10]   METIS weights: min=1121.79, max=1713.11, avg=1345.83, std=144.56
[2025-12-04 08:41:10]   → Quantum vs METIS: cut improvement = -17.09%
[2025-12-04 08:41:10] 
  → Aggregate: cut=37289.36±163.68, balance=0.5555, time=0.22±0.00s

================================================================================
[2025-12-04 08:41:10] [442/900] Testing configuration:
  k_target: 32
  coarsen_limit: 110
  balance_weight: 2.9
  num_reads: 100
================================================================================
[2025-12-04 08:41:11]   Trial 1/3: ✓ cut=36787.73, balance=0.5897, time=0.32s
[2025-12-04 08:41:11]   Trial 2/3: ✓ cut=37312.32, balance=0.6239, time=0.31s
[2025-12-04 08:41:11]   Trial 3/3: ✓ cut=37238.87, balance=0.5722, time=0.31s
[2025-12-04 08:41:11] 
  Running METIS baseline...
[2025-12-04 08:41:11]   METIS baseline: cut=31846.33, balance=0.6548, time=0.05s
[2025-12-04 08:41:11]   METIS weights: min=1121.79, max=1713.11, avg=1345.83, std=144.56
[2025-12-04 08:41:11]   → Quantum vs METIS: cut improvement = -16.54%
[2025-12-04 08:41:11] 
  → Aggregate: cut=37112.97±231.93, balance=0.5952, time=0.31±0.00s

================================================================================
[2025-12-04 08:41:11] [443/900] Testing configuration:
  k_target: 32
  coarsen_limit: 110
  balance_weight: 2.9
  num_reads: 150
================================================================================
[2025-12-04 08:41:12]   Trial 1/3: ✓ cut=36428.01, balance=0.7545, time=0.42s
[2025-12-04 08:41:12]   Trial 2/3: ✓ cut=37130.33, balance=0.7436, time=0.42s
[2025-12-04 08:41:13]   Trial 3/3: ✓ cut=38044.20, balance=0.6059, time=0.42s
[2025-12-04 08:41:13] 
  Running METIS baseline...
[2025-12-04 08:41:13]   METIS baseline: cut=31846.33, balance=0.6548, time=0.05s
[2025-12-04 08:41:13]   METIS weights: min=1121.79, max=1713.11, avg=1345.83, std=144.56
[2025-12-04 08:41:13]   → Quantum vs METIS: cut improvement = -16.81%
[2025-12-04 08:41:13] 
  → Aggregate: cut=37200.84±661.69, balance=0.7013, time=0.42±0.00s

================================================================================
[2025-12-04 08:41:13] [444/900] Testing configuration:
  k_target: 32
  coarsen_limit: 110
  balance_weight: 2.9
  num_reads: 200
================================================================================
[2025-12-04 08:41:13]   Trial 1/3: ✓ cut=37253.51, balance=0.5412, time=0.52s
[2025-12-04 08:41:14]   Trial 2/3: ✓ cut=37066.79, balance=0.6422, time=0.53s
[2025-12-04 08:41:14]   Trial 3/3: ✓ cut=36258.58, balance=0.5860, time=0.52s
[2025-12-04 08:41:14] 
  Running METIS baseline...
[2025-12-04 08:41:14]   METIS baseline: cut=31846.33, balance=0.6548, time=0.05s
[2025-12-04 08:41:14]   METIS weights: min=1121.79, max=1713.11, avg=1345.83, std=144.56
[2025-12-04 08:41:14]   → Quantum vs METIS: cut improvement = -15.74%
[2025-12-04 08:41:14] 
  → Aggregate: cut=36859.63±431.79, balance=0.5898, time=0.52±0.01s

================================================================================
[2025-12-04 08:41:14] [445/900] Testing configuration:
  k_target: 32
  coarsen_limit: 110
  balance_weight: 2.9
  num_reads: 250
================================================================================
[2025-12-04 08:41:15]   Trial 1/3: ✓ cut=37052.36, balance=0.6761, time=0.65s
[2025-12-04 08:41:16]   Trial 2/3: ✓ cut=37211.03, balance=0.6444, time=0.71s
[2025-12-04 08:41:16]   Trial 3/3: ✓ cut=37001.98, balance=0.5692, time=0.62s
[2025-12-04 08:41:16] 
  Running METIS baseline...
[2025-12-04 08:41:16]   METIS baseline: cut=31846.33, balance=0.6548, time=0.05s
[2025-12-04 08:41:16]   METIS weights: min=1121.79, max=1713.11, avg=1345.83, std=144.56
[2025-12-04 08:41:16]   → Quantum vs METIS: cut improvement = -16.46%
[2025-12-04 08:41:16] 
  → Aggregate: cut=37088.46±89.08, balance=0.6299, time=0.66±0.04s

================================================================================
[2025-12-04 08:41:16] [446/900] Testing configuration:
  k_target: 32
  coarsen_limit: 110
  balance_weight: 2.9
  num_reads: 300
================================================================================
[2025-12-04 08:41:17]   Trial 1/3: ✓ cut=37200.12, balance=0.6126, time=0.74s
[2025-12-04 08:41:18]   Trial 2/3: ✓ cut=36872.77, balance=0.5707, time=0.73s
[2025-12-04 08:41:19]   Trial 3/3: ✓ cut=36794.76, balance=0.5920, time=0.74s
[2025-12-04 08:41:19] 
  Running METIS baseline...
[2025-12-04 08:41:19]   METIS baseline: cut=31846.33, balance=0.6548, time=0.05s
[2025-12-04 08:41:19]   METIS weights: min=1121.79, max=1713.11, avg=1345.83, std=144.56
[2025-12-04 08:41:19]   → Quantum vs METIS: cut improvement = -16.04%
[2025-12-04 08:41:19] 
  → Aggregate: cut=36955.88±175.61, balance=0.5918, time=0.74±0.00s

================================================================================
[2025-12-04 08:41:19] [447/900] Testing configuration:
  k_target: 32
  coarsen_limit: 110
  balance_weight: 2.9
  num_reads: 350
================================================================================
[2025-12-04 08:41:20]   Trial 1/3: ✓ cut=36871.37, balance=0.7495, time=0.84s
[2025-12-04 08:41:20]   Trial 2/3: ✓ cut=37591.44, balance=0.5495, time=0.83s
[2025-12-04 08:41:21]   Trial 3/3: ✓ cut=37544.27, balance=0.5876, time=0.84s
[2025-12-04 08:41:21] 
  Running METIS baseline...
[2025-12-04 08:41:21]   METIS baseline: cut=31846.33, balance=0.6548, time=0.05s
[2025-12-04 08:41:21]   METIS weights: min=1121.79, max=1713.11, avg=1345.83, std=144.56
[2025-12-04 08:41:21]   → Quantum vs METIS: cut improvement = -17.24%
[2025-12-04 08:41:21] 
  → Aggregate: cut=37335.69±328.89, balance=0.6289, time=0.84±0.00s

================================================================================
[2025-12-04 08:41:21] [448/900] Testing configuration:
  k_target: 32
  coarsen_limit: 110
  balance_weight: 2.9
  num_reads: 400
================================================================================
[2025-12-04 08:41:22]   Trial 1/3: ✓ cut=37381.73, balance=0.5876, time=0.96s
[2025-12-04 08:41:23]   Trial 2/3: ✓ cut=37203.46, balance=0.6025, time=0.95s
[2025-12-04 08:41:24]   Trial 3/3: ✓ cut=36877.67, balance=0.6411, time=0.96s
[2025-12-04 08:41:24] 
  Running METIS baseline...
[2025-12-04 08:41:24]   METIS baseline: cut=31846.33, balance=0.6548, time=0.05s
[2025-12-04 08:41:24]   METIS weights: min=1121.79, max=1713.11, avg=1345.83, std=144.56
[2025-12-04 08:41:24]   → Quantum vs METIS: cut improvement = -16.67%
[2025-12-04 08:41:24] 
  → Aggregate: cut=37154.29±208.70, balance=0.6104, time=0.96±0.00s

================================================================================
[2025-12-04 08:41:24] [449/900] Testing configuration:
  k_target: 32
  coarsen_limit: 110
  balance_weight: 2.9
  num_reads: 450
================================================================================
[2025-12-04 08:41:25]   Trial 1/3: ✓ cut=37360.88, balance=0.5928, time=1.08s
[2025-12-04 08:41:26]   Trial 2/3: ✓ cut=37377.35, balance=0.7600, time=1.05s
[2025-12-04 08:41:28]   Trial 3/3: ✓ cut=36810.42, balance=0.5386, time=1.06s
[2025-12-04 08:41:28] 
  Running METIS baseline...
[2025-12-04 08:41:28]   METIS baseline: cut=31846.33, balance=0.6548, time=0.05s
[2025-12-04 08:41:28]   METIS weights: min=1121.79, max=1713.11, avg=1345.83, std=144.56
[2025-12-04 08:41:28]   → Quantum vs METIS: cut improvement = -16.76%
[2025-12-04 08:41:28] 
  → Aggregate: cut=37182.89±263.46, balance=0.6305, time=1.06±0.01s

================================================================================
[2025-12-04 08:41:28] [450/900] Testing configuration:
  k_target: 32
  coarsen_limit: 110
  balance_weight: 2.9
  num_reads: 500
================================================================================
[2025-12-04 08:41:29]   Trial 1/3: ✓ cut=36250.74, balance=0.6044, time=1.26s
[2025-12-04 08:41:30]   Trial 2/3: ✓ cut=36241.01, balance=0.5297, time=1.17s
[2025-12-04 08:41:31]   Trial 3/3: ✓ cut=37677.19, balance=0.5514, time=1.16s
[2025-12-04 08:41:31] 
  Running METIS baseline...
[2025-12-04 08:41:31]   METIS baseline: cut=31846.33, balance=0.6548, time=0.05s
[2025-12-04 08:41:31]   METIS weights: min=1121.79, max=1713.11, avg=1345.83, std=144.56
[2025-12-04 08:41:31]   → Quantum vs METIS: cut improvement = -15.31%
[2025-12-04 08:41:31] 
  → Aggregate: cut=36722.98±674.74, balance=0.5618, time=1.19±0.04s

================================================================================
[2025-12-04 08:41:31] [451/900] Testing configuration:
  k_target: 32
  coarsen_limit: 140
  balance_weight: 0.1
  num_reads: 50
================================================================================
[2025-12-04 08:41:32]   Trial 1/3: ✓ cut=38189.73, balance=0.9299, time=0.45s
[2025-12-04 08:41:32]   Trial 2/3: ✓ cut=38282.63, balance=0.9025, time=0.44s
[2025-12-04 08:41:33]   Trial 3/3: ✓ cut=38930.25, balance=0.9105, time=0.45s
[2025-12-04 08:41:33] 
  Running METIS baseline...
[2025-12-04 08:41:33]   METIS baseline: cut=32314.17, balance=0.6074, time=0.05s
[2025-12-04 08:41:33]   METIS weights: min=800.76, max=1318.27, avg=1085.35, std=98.47
[2025-12-04 08:41:33]   → Quantum vs METIS: cut improvement = -19.04%
[2025-12-04 08:41:33] 
  → Aggregate: cut=38467.53±329.38, balance=0.9143, time=0.45±0.00s

================================================================================
[2025-12-04 08:41:33] [452/900] Testing configuration:
  k_target: 32
  coarsen_limit: 140
  balance_weight: 0.1
  num_reads: 100
================================================================================
[2025-12-04 08:41:33]   Trial 1/3: ✓ cut=39461.83, balance=0.9070, time=0.77s
[2025-12-04 08:41:34]   Trial 2/3: ✓ cut=37969.65, balance=0.9202, time=0.78s
[2025-12-04 08:41:35]   Trial 3/3: ✓ cut=38406.31, balance=0.9274, time=0.80s
[2025-12-04 08:41:35] 
  Running METIS baseline...
[2025-12-04 08:41:35]   METIS baseline: cut=32314.17, balance=0.6074, time=0.06s
[2025-12-04 08:41:35]   METIS weights: min=800.76, max=1318.27, avg=1085.35, std=98.47
[2025-12-04 08:41:35]   → Quantum vs METIS: cut improvement = -19.49%
[2025-12-04 08:41:35] 
  → Aggregate: cut=38612.59±626.40, balance=0.9182, time=0.78±0.01s

================================================================================
[2025-12-04 08:41:35] [453/900] Testing configuration:
  k_target: 32
  coarsen_limit: 140
  balance_weight: 0.1
  num_reads: 150
================================================================================
[2025-12-04 08:41:36]   Trial 1/3: ✓ cut=37679.67, balance=0.9244, time=1.09s
[2025-12-04 08:41:37]   Trial 2/3: ✓ cut=38692.07, balance=0.8844, time=1.08s
[2025-12-04 08:41:38]   Trial 3/3: ✓ cut=37965.99, balance=0.9254, time=1.07s
[2025-12-04 08:41:38] 
  Running METIS baseline...
[2025-12-04 08:41:39]   METIS baseline: cut=32314.17, balance=0.6074, time=0.05s
[2025-12-04 08:41:39]   METIS weights: min=800.76, max=1318.27, avg=1085.35, std=98.47
[2025-12-04 08:41:39]   → Quantum vs METIS: cut improvement = -17.94%
[2025-12-04 08:41:39] 
  → Aggregate: cut=38112.58±426.11, balance=0.9114, time=1.08±0.01s

================================================================================
[2025-12-04 08:41:39] [454/900] Testing configuration:
  k_target: 32
  coarsen_limit: 140
  balance_weight: 0.1
  num_reads: 200
================================================================================
[2025-12-04 08:41:40]   Trial 1/3: ✓ cut=37814.89, balance=0.9254, time=1.41s
[2025-12-04 08:41:41]   Trial 2/3: ✓ cut=36977.77, balance=0.8980, time=1.40s
[2025-12-04 08:41:43]   Trial 3/3: ✓ cut=38563.03, balance=0.9102, time=1.48s
[2025-12-04 08:41:43] 
  Running METIS baseline...
[2025-12-04 08:41:43]   METIS baseline: cut=32314.17, balance=0.6074, time=0.05s
[2025-12-04 08:41:43]   METIS weights: min=800.76, max=1318.27, avg=1085.35, std=98.47
[2025-12-04 08:41:43]   → Quantum vs METIS: cut improvement = -16.93%
[2025-12-04 08:41:43] 
  → Aggregate: cut=37785.23±647.52, balance=0.9112, time=1.43±0.04s

================================================================================
[2025-12-04 08:41:43] [455/900] Testing configuration:
  k_target: 32
  coarsen_limit: 140
  balance_weight: 0.1
  num_reads: 250
================================================================================
[2025-12-04 08:41:45]   Trial 1/3: ✓ cut=38365.98, balance=0.8883, time=1.73s
[2025-12-04 08:41:46]   Trial 2/3: ✓ cut=38274.74, balance=0.8650, time=1.72s
[2025-12-04 08:41:48]   Trial 3/3: ✓ cut=37116.08, balance=0.8668, time=1.70s
[2025-12-04 08:41:48] 
  Running METIS baseline...
[2025-12-04 08:41:48]   METIS baseline: cut=32314.17, balance=0.6074, time=0.05s
[2025-12-04 08:41:48]   METIS weights: min=800.76, max=1318.27, avg=1085.35, std=98.47
[2025-12-04 08:41:48]   → Quantum vs METIS: cut improvement = -17.34%
[2025-12-04 08:41:48] 
  → Aggregate: cut=37918.93±568.92, balance=0.8734, time=1.72±0.01s

================================================================================
[2025-12-04 08:41:48] [456/900] Testing configuration:
  k_target: 32
  coarsen_limit: 140
  balance_weight: 0.1
  num_reads: 300
================================================================================
[2025-12-04 08:41:50]   Trial 1/3: ✓ cut=37418.90, balance=0.9214, time=2.04s
[2025-12-04 08:41:52]   Trial 2/3: ✓ cut=37689.83, balance=0.9358, time=2.03s
[2025-12-04 08:41:54]   Trial 3/3: ✓ cut=37286.95, balance=0.9121, time=2.06s
[2025-12-04 08:41:54] 
  Running METIS baseline...
[2025-12-04 08:41:54]   METIS baseline: cut=32314.17, balance=0.6074, time=0.05s
[2025-12-04 08:41:54]   METIS weights: min=800.76, max=1318.27, avg=1085.35, std=98.47
[2025-12-04 08:41:54]   → Quantum vs METIS: cut improvement = -15.94%
[2025-12-04 08:41:54] 
  → Aggregate: cut=37465.23±167.71, balance=0.9231, time=2.04±0.01s

================================================================================
[2025-12-04 08:41:54] [457/900] Testing configuration:
  k_target: 32
  coarsen_limit: 140
  balance_weight: 0.1
  num_reads: 350
================================================================================
[2025-12-04 08:41:57]   Trial 1/3: ✓ cut=38064.24, balance=0.9301, time=2.36s
[2025-12-04 08:41:59]   Trial 2/3: ✓ cut=38063.72, balance=0.9484, time=2.35s
[2025-12-04 08:42:02]   Trial 3/3: ✓ cut=36950.26, balance=0.9168, time=2.38s
[2025-12-04 08:42:02] 
  Running METIS baseline...
[2025-12-04 08:42:02]   METIS baseline: cut=32314.17, balance=0.6074, time=0.06s
[2025-12-04 08:42:02]   METIS weights: min=800.76, max=1318.27, avg=1085.35, std=98.47
[2025-12-04 08:42:02]   → Quantum vs METIS: cut improvement = -16.64%
[2025-12-04 08:42:02] 
  → Aggregate: cut=37692.74±525.02, balance=0.9318, time=2.36±0.02s

================================================================================
[2025-12-04 08:42:02] [458/900] Testing configuration:
  k_target: 32
  coarsen_limit: 140
  balance_weight: 0.1
  num_reads: 400
================================================================================
[2025-12-04 08:42:04]   Trial 1/3: ✓ cut=37534.20, balance=0.9237, time=2.81s
[2025-12-04 08:42:07]   Trial 2/3: ✓ cut=37459.23, balance=0.9316, time=2.87s
[2025-12-04 08:42:10]   Trial 3/3: ✓ cut=36953.02, balance=0.9117, time=2.86s
[2025-12-04 08:42:10] 
  Running METIS baseline...
[2025-12-04 08:42:10]   METIS baseline: cut=32314.17, balance=0.6074, time=0.13s
[2025-12-04 08:42:10]   METIS weights: min=800.76, max=1318.27, avg=1085.35, std=98.47
[2025-12-04 08:42:10]   → Quantum vs METIS: cut improvement = -15.48%
[2025-12-04 08:42:10] 
  → Aggregate: cut=37315.48±258.12, balance=0.9223, time=2.84±0.03s

================================================================================
[2025-12-04 08:42:10] [459/900] Testing configuration:
  k_target: 32
  coarsen_limit: 140
  balance_weight: 0.1
  num_reads: 450
================================================================================
[2025-12-04 08:42:13]   Trial 1/3: ✓ cut=38198.90, balance=0.9230, time=3.08s
[2025-12-04 08:42:16]   Trial 2/3: ✓ cut=37324.24, balance=0.9230, time=3.01s
[2025-12-04 08:42:19]   Trial 3/3: ✓ cut=38059.05, balance=0.9261, time=2.98s
[2025-12-04 08:42:19] 
  Running METIS baseline...
[2025-12-04 08:42:19]   METIS baseline: cut=32314.17, balance=0.6074, time=0.05s
[2025-12-04 08:42:19]   METIS weights: min=800.76, max=1318.27, avg=1085.35, std=98.47
[2025-12-04 08:42:19]   → Quantum vs METIS: cut improvement = -17.16%
[2025-12-04 08:42:19] 
  → Aggregate: cut=37860.73±383.63, balance=0.9240, time=3.02±0.04s

================================================================================
[2025-12-04 08:42:20] [460/900] Testing configuration:
  k_target: 32
  coarsen_limit: 140
  balance_weight: 0.1
  num_reads: 500
================================================================================
[2025-12-04 08:42:23]   Trial 1/3: ✓ cut=37446.04, balance=0.9231, time=3.36s
[2025-12-04 08:42:26]   Trial 2/3: ✓ cut=37937.02, balance=0.9219, time=3.32s
[2025-12-04 08:42:30]   Trial 3/3: ✓ cut=37813.80, balance=0.8891, time=3.30s
[2025-12-04 08:42:30] 
  Running METIS baseline...
[2025-12-04 08:42:30]   METIS baseline: cut=32314.17, balance=0.6074, time=0.05s
[2025-12-04 08:42:30]   METIS weights: min=800.76, max=1318.27, avg=1085.35, std=98.47
[2025-12-04 08:42:30]   → Quantum vs METIS: cut improvement = -16.77%
[2025-12-04 08:42:30] 
  → Aggregate: cut=37732.29±208.57, balance=0.9114, time=3.33±0.02s

================================================================================
[2025-12-04 08:42:30] [461/900] Testing configuration:
  k_target: 32
  coarsen_limit: 140
  balance_weight: 0.3
  num_reads: 50
================================================================================
[2025-12-04 08:42:30]   Trial 1/3: ✓ cut=39900.42, balance=0.9421, time=0.45s
[2025-12-04 08:42:31]   Trial 2/3: ✓ cut=39613.40, balance=0.9586, time=0.45s
[2025-12-04 08:42:31]   Trial 3/3: ✓ cut=40693.45, balance=0.9565, time=0.45s
[2025-12-04 08:42:31] 
  Running METIS baseline...
[2025-12-04 08:42:31]   METIS baseline: cut=32314.17, balance=0.6074, time=0.05s
[2025-12-04 08:42:31]   METIS weights: min=800.76, max=1318.27, avg=1085.35, std=98.47
[2025-12-04 08:42:31]   → Quantum vs METIS: cut improvement = -24.00%
[2025-12-04 08:42:31] 
  → Aggregate: cut=40069.09±456.77, balance=0.9524, time=0.45±0.00s

================================================================================
[2025-12-04 08:42:31] [462/900] Testing configuration:
  k_target: 32
  coarsen_limit: 140
  balance_weight: 0.3
  num_reads: 100
================================================================================
[2025-12-04 08:42:32]   Trial 1/3: ✓ cut=39899.75, balance=0.9120, time=0.77s
[2025-12-04 08:42:33]   Trial 2/3: ✓ cut=40283.99, balance=0.9057, time=0.78s
[2025-12-04 08:42:33]   Trial 3/3: ✓ cut=40682.81, balance=0.9297, time=0.78s
[2025-12-04 08:42:33] 
  Running METIS baseline...
[2025-12-04 08:42:33]   METIS baseline: cut=32314.17, balance=0.6074, time=0.05s
[2025-12-04 08:42:33]   METIS weights: min=800.76, max=1318.27, avg=1085.35, std=98.47
[2025-12-04 08:42:33]   → Quantum vs METIS: cut improvement = -24.68%
[2025-12-04 08:42:33] 
  → Aggregate: cut=40288.85±319.70, balance=0.9158, time=0.78±0.00s

================================================================================
[2025-12-04 08:42:33] [463/900] Testing configuration:
  k_target: 32
  coarsen_limit: 140
  balance_weight: 0.3
  num_reads: 150
================================================================================
[2025-12-04 08:42:35]   Trial 1/3: ✓ cut=39702.44, balance=0.9162, time=1.10s
[2025-12-04 08:42:36]   Trial 2/3: ✓ cut=39642.81, balance=0.9412, time=1.22s
[2025-12-04 08:42:37]   Trial 3/3: ✓ cut=39445.89, balance=0.9488, time=1.10s
[2025-12-04 08:42:37] 
  Running METIS baseline...
[2025-12-04 08:42:37]   METIS baseline: cut=32314.17, balance=0.6074, time=0.05s
[2025-12-04 08:42:37]   METIS weights: min=800.76, max=1318.27, avg=1085.35, std=98.47
[2025-12-04 08:42:37]   → Quantum vs METIS: cut improvement = -22.54%
[2025-12-04 08:42:37] 
  → Aggregate: cut=39597.05±109.62, balance=0.9354, time=1.14±0.06s

================================================================================
[2025-12-04 08:42:37] [464/900] Testing configuration:
  k_target: 32
  coarsen_limit: 140
  balance_weight: 0.3
  num_reads: 200
================================================================================
[2025-12-04 08:42:38]   Trial 1/3: ✓ cut=39455.47, balance=0.9441, time=1.41s
[2025-12-04 08:42:40]   Trial 2/3: ✓ cut=39256.18, balance=0.9491, time=1.44s
[2025-12-04 08:42:41]   Trial 3/3: ✓ cut=39614.81, balance=0.9363, time=1.41s
[2025-12-04 08:42:41] 
  Running METIS baseline...
[2025-12-04 08:42:41]   METIS baseline: cut=32314.17, balance=0.6074, time=0.05s
[2025-12-04 08:42:41]   METIS weights: min=800.76, max=1318.27, avg=1085.35, std=98.47
[2025-12-04 08:42:41]   → Quantum vs METIS: cut improvement = -22.06%
[2025-12-04 08:42:41] 
  → Aggregate: cut=39442.15±146.71, balance=0.9432, time=1.42±0.02s

================================================================================
[2025-12-04 08:42:41] [465/900] Testing configuration:
  k_target: 32
  coarsen_limit: 140
  balance_weight: 0.3
  num_reads: 250
================================================================================
[2025-12-04 08:42:43]   Trial 1/3: ✓ cut=38779.10, balance=0.9428, time=1.75s
[2025-12-04 08:42:45]   Trial 2/3: ✓ cut=39196.17, balance=0.8532, time=1.74s
[2025-12-04 08:42:47]   Trial 3/3: ✓ cut=39970.78, balance=0.9553, time=1.75s
[2025-12-04 08:42:47] 
  Running METIS baseline...
[2025-12-04 08:42:47]   METIS baseline: cut=32314.17, balance=0.6074, time=0.05s
[2025-12-04 08:42:47]   METIS weights: min=800.76, max=1318.27, avg=1085.35, std=98.47
[2025-12-04 08:42:47]   → Quantum vs METIS: cut improvement = -21.67%
[2025-12-04 08:42:47] 
  → Aggregate: cut=39315.35±493.75, balance=0.9171, time=1.75±0.01s

================================================================================
[2025-12-04 08:42:47] [466/900] Testing configuration:
  k_target: 32
  coarsen_limit: 140
  balance_weight: 0.3
  num_reads: 300
================================================================================
[2025-12-04 08:42:49]   Trial 1/3: ✓ cut=38926.37, balance=0.9353, time=2.07s
[2025-12-04 08:42:51]   Trial 2/3: ✓ cut=39138.93, balance=0.9354, time=2.07s
[2025-12-04 08:42:53]   Trial 3/3: ✓ cut=39754.77, balance=0.9194, time=2.06s
[2025-12-04 08:42:53] 
  Running METIS baseline...
[2025-12-04 08:42:53]   METIS baseline: cut=32314.17, balance=0.6074, time=0.05s
[2025-12-04 08:42:53]   METIS weights: min=800.76, max=1318.27, avg=1085.35, std=98.47
[2025-12-04 08:42:53]   → Quantum vs METIS: cut improvement = -21.54%
[2025-12-04 08:42:53] 
  → Aggregate: cut=39273.36±351.30, balance=0.9300, time=2.07±0.01s

================================================================================
[2025-12-04 08:42:53] [467/900] Testing configuration:
  k_target: 32
  coarsen_limit: 140
  balance_weight: 0.3
  num_reads: 350
================================================================================
[2025-12-04 08:42:55]   Trial 1/3: ✓ cut=38694.63, balance=0.8979, time=2.41s
[2025-12-04 08:42:58]   Trial 2/3: ✓ cut=39266.08, balance=0.9507, time=2.47s
[2025-12-04 08:43:00]   Trial 3/3: ✓ cut=38794.05, balance=0.9417, time=2.38s
[2025-12-04 08:43:00] 
  Running METIS baseline...
[2025-12-04 08:43:00]   METIS baseline: cut=32314.17, balance=0.6074, time=0.05s
[2025-12-04 08:43:00]   METIS weights: min=800.76, max=1318.27, avg=1085.35, std=98.47
[2025-12-04 08:43:00]   → Quantum vs METIS: cut improvement = -20.44%
[2025-12-04 08:43:00] 
  → Aggregate: cut=38918.26±249.28, balance=0.9301, time=2.42±0.04s

================================================================================
[2025-12-04 08:43:00] [468/900] Testing configuration:
  k_target: 32
  coarsen_limit: 140
  balance_weight: 0.3
  num_reads: 400
================================================================================
[2025-12-04 08:43:03]   Trial 1/3: ✓ cut=39215.83, balance=0.9072, time=2.78s
[2025-12-04 08:43:06]   Trial 2/3: ✓ cut=39367.35, balance=0.9128, time=2.90s
[2025-12-04 08:43:09]   Trial 3/3: ✓ cut=39528.46, balance=0.9251, time=2.79s
[2025-12-04 08:43:09] 
  Running METIS baseline...
[2025-12-04 08:43:09]   METIS baseline: cut=32314.17, balance=0.6074, time=0.05s
[2025-12-04 08:43:09]   METIS weights: min=800.76, max=1318.27, avg=1085.35, std=98.47
[2025-12-04 08:43:09]   → Quantum vs METIS: cut improvement = -21.84%
[2025-12-04 08:43:09] 
  → Aggregate: cut=39370.55±127.65, balance=0.9150, time=2.82±0.05s

================================================================================
[2025-12-04 08:43:09] [469/900] Testing configuration:
  k_target: 32
  coarsen_limit: 140
  balance_weight: 0.3
  num_reads: 450
================================================================================
[2025-12-04 08:43:12]   Trial 1/3: ✓ cut=39236.59, balance=0.9615, time=3.10s
[2025-12-04 08:43:15]   Trial 2/3: ✓ cut=39375.51, balance=0.9521, time=3.06s
[2025-12-04 08:43:18]   Trial 3/3: ✓ cut=38399.57, balance=0.9515, time=3.03s
[2025-12-04 08:43:18] 
  Running METIS baseline...
[2025-12-04 08:43:18]   METIS baseline: cut=32314.17, balance=0.6074, time=0.05s
[2025-12-04 08:43:18]   METIS weights: min=800.76, max=1318.27, avg=1085.35, std=98.47
[2025-12-04 08:43:18]   → Quantum vs METIS: cut improvement = -20.70%
[2025-12-04 08:43:18] 
  → Aggregate: cut=39003.89±431.07, balance=0.9550, time=3.06±0.03s

================================================================================
[2025-12-04 08:43:18] [470/900] Testing configuration:
  k_target: 32
  coarsen_limit: 140
  balance_weight: 0.3
  num_reads: 500
================================================================================
[2025-12-04 08:43:22]   Trial 1/3: ✓ cut=38692.65, balance=0.9193, time=3.34s
[2025-12-04 08:43:25]   Trial 2/3: ✓ cut=39462.06, balance=0.9448, time=3.34s
[2025-12-04 08:43:28]   Trial 3/3: ✓ cut=38763.21, balance=0.9247, time=3.32s
[2025-12-04 08:43:28] 
  Running METIS baseline...
[2025-12-04 08:43:28]   METIS baseline: cut=32314.17, balance=0.6074, time=0.05s
[2025-12-04 08:43:28]   METIS weights: min=800.76, max=1318.27, avg=1085.35, std=98.47
[2025-12-04 08:43:28]   → Quantum vs METIS: cut improvement = -20.61%
[2025-12-04 08:43:28] 
  → Aggregate: cut=38972.64±347.27, balance=0.9296, time=3.33±0.01s

================================================================================
[2025-12-04 08:43:28] [471/900] Testing configuration:
  k_target: 32
  coarsen_limit: 140
  balance_weight: 0.5
  num_reads: 50
================================================================================
[2025-12-04 08:43:29]   Trial 1/3: ✓ cut=40443.03, balance=0.8622, time=0.46s
[2025-12-04 08:43:29]   Trial 2/3: ✓ cut=40214.26, balance=0.8955, time=0.46s
[2025-12-04 08:43:30]   Trial 3/3: ✓ cut=40932.40, balance=0.9399, time=0.54s
[2025-12-04 08:43:30] 
  Running METIS baseline...
[2025-12-04 08:43:30]   METIS baseline: cut=32314.17, balance=0.6074, time=0.05s
[2025-12-04 08:43:30]   METIS weights: min=800.76, max=1318.27, avg=1085.35, std=98.47
[2025-12-04 08:43:30]   → Quantum vs METIS: cut improvement = -25.42%
[2025-12-04 08:43:30] 
  → Aggregate: cut=40529.90±299.55, balance=0.8992, time=0.49±0.04s

================================================================================
[2025-12-04 08:43:30] [472/900] Testing configuration:
  k_target: 32
  coarsen_limit: 140
  balance_weight: 0.5
  num_reads: 100
================================================================================
[2025-12-04 08:43:31]   Trial 1/3: ✓ cut=39840.42, balance=0.9492, time=0.77s
[2025-12-04 08:43:32]   Trial 2/3: ✓ cut=40463.12, balance=0.9645, time=0.77s
[2025-12-04 08:43:32]   Trial 3/3: ✓ cut=40052.25, balance=0.9412, time=0.77s
[2025-12-04 08:43:32] 
  Running METIS baseline...
[2025-12-04 08:43:32]   METIS baseline: cut=32314.17, balance=0.6074, time=0.05s
[2025-12-04 08:43:32]   METIS weights: min=800.76, max=1318.27, avg=1085.35, std=98.47
[2025-12-04 08:43:32]   → Quantum vs METIS: cut improvement = -24.15%
[2025-12-04 08:43:32] 
  → Aggregate: cut=40118.60±258.51, balance=0.9516, time=0.77±0.00s

================================================================================
[2025-12-04 08:43:32] [473/900] Testing configuration:
  k_target: 32
  coarsen_limit: 140
  balance_weight: 0.5
  num_reads: 150
================================================================================
[2025-12-04 08:43:33]   Trial 1/3: ✓ cut=40327.55, balance=0.9019, time=1.09s
[2025-12-04 08:43:35]   Trial 2/3: ✓ cut=40034.49, balance=0.9368, time=1.10s
[2025-12-04 08:43:36]   Trial 3/3: ✓ cut=39800.47, balance=0.9582, time=1.11s
[2025-12-04 08:43:36] 
  Running METIS baseline...
[2025-12-04 08:43:36]   METIS baseline: cut=32314.17, balance=0.6074, time=0.05s
[2025-12-04 08:43:36]   METIS weights: min=800.76, max=1318.27, avg=1085.35, std=98.47
[2025-12-04 08:43:36]   → Quantum vs METIS: cut improvement = -23.95%
[2025-12-04 08:43:36] 
  → Aggregate: cut=40054.17±215.63, balance=0.9323, time=1.10±0.01s

================================================================================
[2025-12-04 08:43:36] [474/900] Testing configuration:
  k_target: 32
  coarsen_limit: 140
  balance_weight: 0.5
  num_reads: 200
================================================================================
[2025-12-04 08:43:37]   Trial 1/3: ✓ cut=40155.00, balance=0.8547, time=1.41s
[2025-12-04 08:43:39]   Trial 2/3: ✓ cut=39682.03, balance=0.8723, time=1.41s
[2025-12-04 08:43:40]   Trial 3/3: ✓ cut=39917.44, balance=0.8678, time=1.43s
[2025-12-04 08:43:40] 
  Running METIS baseline...
[2025-12-04 08:43:40]   METIS baseline: cut=32314.17, balance=0.6074, time=0.05s
[2025-12-04 08:43:40]   METIS weights: min=800.76, max=1318.27, avg=1085.35, std=98.47
[2025-12-04 08:43:40]   → Quantum vs METIS: cut improvement = -23.53%
[2025-12-04 08:43:40] 
  → Aggregate: cut=39918.16±193.09, balance=0.8649, time=1.42±0.01s

================================================================================
[2025-12-04 08:43:40] [475/900] Testing configuration:
  k_target: 32
  coarsen_limit: 140
  balance_weight: 0.5
  num_reads: 250
================================================================================
[2025-12-04 08:43:42]   Trial 1/3: ✓ cut=39342.71, balance=0.9229, time=1.74s
[2025-12-04 08:43:44]   Trial 2/3: ✓ cut=39528.30, balance=0.9213, time=1.73s
[2025-12-04 08:43:45]   Trial 3/3: ✓ cut=39691.58, balance=0.8615, time=1.74s
[2025-12-04 08:43:45] 
  Running METIS baseline...
[2025-12-04 08:43:45]   METIS baseline: cut=32314.17, balance=0.6074, time=0.05s
[2025-12-04 08:43:45]   METIS weights: min=800.76, max=1318.27, avg=1085.35, std=98.47
[2025-12-04 08:43:45]   → Quantum vs METIS: cut improvement = -22.30%
[2025-12-04 08:43:45] 
  → Aggregate: cut=39520.87±142.52, balance=0.9019, time=1.73±0.01s

================================================================================
[2025-12-04 08:43:45] [476/900] Testing configuration:
  k_target: 32
  coarsen_limit: 140
  balance_weight: 0.5
  num_reads: 300
================================================================================
[2025-12-04 08:43:48]   Trial 1/3: ✓ cut=40080.68, balance=0.8635, time=2.14s
[2025-12-04 08:43:50]   Trial 2/3: ✓ cut=39404.64, balance=0.9084, time=2.05s
[2025-12-04 08:43:52]   Trial 3/3: ✓ cut=39538.36, balance=0.8515, time=2.07s
[2025-12-04 08:43:52] 
  Running METIS baseline...
[2025-12-04 08:43:52]   METIS baseline: cut=32314.17, balance=0.6074, time=0.05s
[2025-12-04 08:43:52]   METIS weights: min=800.76, max=1318.27, avg=1085.35, std=98.47
[2025-12-04 08:43:52]   → Quantum vs METIS: cut improvement = -22.78%
[2025-12-04 08:43:52] 
  → Aggregate: cut=39674.56±292.31, balance=0.8744, time=2.09±0.04s

================================================================================
[2025-12-04 08:43:52] [477/900] Testing configuration:
  k_target: 32
  coarsen_limit: 140
  balance_weight: 0.5
  num_reads: 350
================================================================================
[2025-12-04 08:43:54]   Trial 1/3: ✓ cut=39538.50, balance=0.9648, time=2.38s
[2025-12-04 08:43:57]   Trial 2/3: ✓ cut=40080.58, balance=0.9455, time=2.39s
[2025-12-04 08:43:59]   Trial 3/3: ✓ cut=39150.84, balance=0.9550, time=2.39s
[2025-12-04 08:43:59] 
  Running METIS baseline...
[2025-12-04 08:43:59]   METIS baseline: cut=32314.17, balance=0.6074, time=0.05s
[2025-12-04 08:43:59]   METIS weights: min=800.76, max=1318.27, avg=1085.35, std=98.47
[2025-12-04 08:43:59]   → Quantum vs METIS: cut improvement = -22.52%
[2025-12-04 08:43:59] 
  → Aggregate: cut=39589.97±381.31, balance=0.9551, time=2.39±0.00s

================================================================================
[2025-12-04 08:43:59] [478/900] Testing configuration:
  k_target: 32
  coarsen_limit: 140
  balance_weight: 0.5
  num_reads: 400
================================================================================
[2025-12-04 08:44:02]   Trial 1/3: ✓ cut=39939.48, balance=0.9651, time=2.77s
[2025-12-04 08:44:05]   Trial 2/3: ✓ cut=39282.91, balance=0.9212, time=2.82s
[2025-12-04 08:44:08]   Trial 3/3: ✓ cut=39505.62, balance=0.9520, time=2.87s
[2025-12-04 08:44:08] 
  Running METIS baseline...
[2025-12-04 08:44:08]   METIS baseline: cut=32314.17, balance=0.6074, time=0.06s
[2025-12-04 08:44:08]   METIS weights: min=800.76, max=1318.27, avg=1085.35, std=98.47
[2025-12-04 08:44:08]   → Quantum vs METIS: cut improvement = -22.47%
[2025-12-04 08:44:08] 
  → Aggregate: cut=39576.00±272.63, balance=0.9461, time=2.82±0.04s

================================================================================
[2025-12-04 08:44:08] [479/900] Testing configuration:
  k_target: 32
  coarsen_limit: 140
  balance_weight: 0.5
  num_reads: 450
================================================================================
[2025-12-04 08:44:11]   Trial 1/3: ✓ cut=39414.99, balance=0.9381, time=3.18s
[2025-12-04 08:44:14]   Trial 2/3: ✓ cut=39477.49, balance=0.9462, time=3.10s
[2025-12-04 08:44:17]   Trial 3/3: ✓ cut=39539.08, balance=0.9293, time=3.01s
[2025-12-04 08:44:17] 
  Running METIS baseline...
[2025-12-04 08:44:17]   METIS baseline: cut=32314.17, balance=0.6074, time=0.05s
[2025-12-04 08:44:17]   METIS weights: min=800.76, max=1318.27, avg=1085.35, std=98.47
[2025-12-04 08:44:17]   → Quantum vs METIS: cut improvement = -22.17%
[2025-12-04 08:44:17] 
  → Aggregate: cut=39477.18±50.66, balance=0.9379, time=3.10±0.07s

================================================================================
[2025-12-04 08:44:17] [480/900] Testing configuration:
  k_target: 32
  coarsen_limit: 140
  balance_weight: 0.5
  num_reads: 500
================================================================================
[2025-12-04 08:44:20]   Trial 1/3: ✓ cut=39278.28, balance=0.9566, time=3.32s
[2025-12-04 08:44:24]   Trial 2/3: ✓ cut=39109.85, balance=0.9466, time=3.41s
[2025-12-04 08:44:27]   Trial 3/3: ✓ cut=38904.05, balance=0.9478, time=3.32s
[2025-12-04 08:44:27] 
  Running METIS baseline...
[2025-12-04 08:44:27]   METIS baseline: cut=32314.17, balance=0.6074, time=0.05s
[2025-12-04 08:44:27]   METIS weights: min=800.76, max=1318.27, avg=1085.35, std=98.47
[2025-12-04 08:44:27]   → Quantum vs METIS: cut improvement = -20.99%
[2025-12-04 08:44:27] 
  → Aggregate: cut=39097.40±153.03, balance=0.9503, time=3.35±0.04s

================================================================================
[2025-12-04 08:44:27] [481/900] Testing configuration:
  k_target: 32
  coarsen_limit: 140
  balance_weight: 0.7
  num_reads: 50
================================================================================
[2025-12-04 08:44:28]   Trial 1/3: ✓ cut=40522.84, balance=0.9526, time=0.45s
[2025-12-04 08:44:28]   Trial 2/3: ✓ cut=41707.57, balance=0.9676, time=0.45s
[2025-12-04 08:44:29]   Trial 3/3: ✓ cut=40575.97, balance=0.9577, time=0.45s
[2025-12-04 08:44:29] 
  Running METIS baseline...
[2025-12-04 08:44:29]   METIS baseline: cut=32314.17, balance=0.6074, time=0.05s
[2025-12-04 08:44:29]   METIS weights: min=800.76, max=1318.27, avg=1085.35, std=98.47
[2025-12-04 08:44:29]   → Quantum vs METIS: cut improvement = -26.68%
[2025-12-04 08:44:29] 
  → Aggregate: cut=40935.46±546.40, balance=0.9593, time=0.45±0.00s

================================================================================
[2025-12-04 08:44:29] [482/900] Testing configuration:
  k_target: 32
  coarsen_limit: 140
  balance_weight: 0.7
  num_reads: 100
================================================================================
[2025-12-04 08:44:29]   Trial 1/3: ✓ cut=40643.08, balance=0.9576, time=0.77s
[2025-12-04 08:44:30]   Trial 2/3: ✓ cut=40588.12, balance=0.9675, time=0.77s
[2025-12-04 08:44:31]   Trial 3/3: ✓ cut=39889.26, balance=0.9472, time=0.77s
[2025-12-04 08:44:31] 
  Running METIS baseline...
[2025-12-04 08:44:31]   METIS baseline: cut=32314.17, balance=0.6074, time=0.05s
[2025-12-04 08:44:31]   METIS weights: min=800.76, max=1318.27, avg=1085.35, std=98.47
[2025-12-04 08:44:31]   → Quantum vs METIS: cut improvement = -24.94%
[2025-12-04 08:44:31] 
  → Aggregate: cut=40373.48±343.14, balance=0.9574, time=0.77±0.00s

================================================================================
[2025-12-04 08:44:31] [483/900] Testing configuration:
  k_target: 32
  coarsen_limit: 140
  balance_weight: 0.7
  num_reads: 150
================================================================================
[2025-12-04 08:44:32]   Trial 1/3: ✓ cut=40463.25, balance=0.9065, time=1.08s
[2025-12-04 08:44:33]   Trial 2/3: ✓ cut=40387.93, balance=0.9324, time=1.08s
[2025-12-04 08:44:34]   Trial 3/3: ✓ cut=40344.37, balance=0.9348, time=1.08s
[2025-12-04 08:44:34] 
  Running METIS baseline...
[2025-12-04 08:44:34]   METIS baseline: cut=32314.17, balance=0.6074, time=0.05s
[2025-12-04 08:44:34]   METIS weights: min=800.76, max=1318.27, avg=1085.35, std=98.47
[2025-12-04 08:44:34]   → Quantum vs METIS: cut improvement = -25.02%
[2025-12-04 08:44:34] 
  → Aggregate: cut=40398.52±49.11, balance=0.9245, time=1.08±0.00s

================================================================================
[2025-12-04 08:44:34] [484/900] Testing configuration:
  k_target: 32
  coarsen_limit: 140
  balance_weight: 0.7
  num_reads: 200
================================================================================
[2025-12-04 08:44:36]   Trial 1/3: ✓ cut=39358.65, balance=0.9409, time=1.42s
[2025-12-04 08:44:37]   Trial 2/3: ✓ cut=40133.40, balance=0.9184, time=1.40s
[2025-12-04 08:44:39]   Trial 3/3: ✓ cut=40374.71, balance=0.9454, time=1.48s
[2025-12-04 08:44:39] 
  Running METIS baseline...
[2025-12-04 08:44:39]   METIS baseline: cut=32314.17, balance=0.6074, time=0.05s
[2025-12-04 08:44:39]   METIS weights: min=800.76, max=1318.27, avg=1085.35, std=98.47
[2025-12-04 08:44:39]   → Quantum vs METIS: cut improvement = -23.65%
[2025-12-04 08:44:39] 
  → Aggregate: cut=39955.59±433.44, balance=0.9349, time=1.43±0.04s

================================================================================
[2025-12-04 08:44:39] [485/900] Testing configuration:
  k_target: 32
  coarsen_limit: 140
  balance_weight: 0.7
  num_reads: 250
================================================================================
[2025-12-04 08:44:41]   Trial 1/3: ✓ cut=40270.85, balance=0.9310, time=1.72s
[2025-12-04 08:44:42]   Trial 2/3: ✓ cut=39944.23, balance=0.9537, time=1.71s
[2025-12-04 08:44:44]   Trial 3/3: ✓ cut=39457.75, balance=0.9644, time=1.73s
[2025-12-04 08:44:44] 
  Running METIS baseline...
[2025-12-04 08:44:44]   METIS baseline: cut=32314.17, balance=0.6074, time=0.05s
[2025-12-04 08:44:44]   METIS weights: min=800.76, max=1318.27, avg=1085.35, std=98.47
[2025-12-04 08:44:44]   → Quantum vs METIS: cut improvement = -23.45%
[2025-12-04 08:44:44] 
  → Aggregate: cut=39890.95±334.08, balance=0.9497, time=1.72±0.01s

================================================================================
[2025-12-04 08:44:44] [486/900] Testing configuration:
  k_target: 32
  coarsen_limit: 140
  balance_weight: 0.7
  num_reads: 300
================================================================================
[2025-12-04 08:44:46]   Trial 1/3: ✓ cut=40276.23, balance=0.9673, time=2.05s
[2025-12-04 08:44:48]   Trial 2/3: ✓ cut=39476.42, balance=0.9581, time=2.03s
[2025-12-04 08:44:50]   Trial 3/3: ✓ cut=39417.07, balance=0.9540, time=2.07s
[2025-12-04 08:44:50] 
  Running METIS baseline...
[2025-12-04 08:44:50]   METIS baseline: cut=32314.17, balance=0.6074, time=0.05s
[2025-12-04 08:44:50]   METIS weights: min=800.76, max=1318.27, avg=1085.35, std=98.47
[2025-12-04 08:44:50]   → Quantum vs METIS: cut improvement = -22.93%
[2025-12-04 08:44:50] 
  → Aggregate: cut=39723.24±391.77, balance=0.9598, time=2.05±0.01s

================================================================================
[2025-12-04 08:44:50] [487/900] Testing configuration:
  k_target: 32
  coarsen_limit: 140
  balance_weight: 0.7
  num_reads: 350
================================================================================
[2025-12-04 08:44:53]   Trial 1/3: ✓ cut=40452.35, balance=0.9416, time=2.36s
[2025-12-04 08:44:55]   Trial 2/3: ✓ cut=40166.85, balance=0.9271, time=2.39s
[2025-12-04 08:44:58]   Trial 3/3: ✓ cut=39320.13, balance=0.9610, time=2.36s
[2025-12-04 08:44:58] 
  Running METIS baseline...
[2025-12-04 08:44:58]   METIS baseline: cut=32314.17, balance=0.6074, time=0.05s
[2025-12-04 08:44:58]   METIS weights: min=800.76, max=1318.27, avg=1085.35, std=98.47
[2025-12-04 08:44:58]   → Quantum vs METIS: cut improvement = -23.72%
[2025-12-04 08:44:58] 
  → Aggregate: cut=39979.78±480.78, balance=0.9432, time=2.37±0.01s

================================================================================
[2025-12-04 08:44:58] [488/900] Testing configuration:
  k_target: 32
  coarsen_limit: 140
  balance_weight: 0.7
  num_reads: 400
================================================================================
[2025-12-04 08:45:00]   Trial 1/3: ✓ cut=39984.42, balance=0.9664, time=2.80s
[2025-12-04 08:45:03]   Trial 2/3: ✓ cut=39734.19, balance=0.9091, time=2.84s
[2025-12-04 08:45:06]   Trial 3/3: ✓ cut=39972.72, balance=0.9106, time=2.86s
[2025-12-04 08:45:06] 
  Running METIS baseline...
[2025-12-04 08:45:06]   METIS baseline: cut=32314.17, balance=0.6074, time=0.06s
[2025-12-04 08:45:06]   METIS weights: min=800.76, max=1318.27, avg=1085.35, std=98.47
[2025-12-04 08:45:06]   → Quantum vs METIS: cut improvement = -23.47%
[2025-12-04 08:45:06] 
  → Aggregate: cut=39897.11±115.30, balance=0.9287, time=2.83±0.03s

================================================================================
[2025-12-04 08:45:06] [489/900] Testing configuration:
  k_target: 32
  coarsen_limit: 140
  balance_weight: 0.7
  num_reads: 450
================================================================================
[2025-12-04 08:45:10]   Trial 1/3: ✓ cut=40268.39, balance=0.9525, time=3.27s
[2025-12-04 08:45:13]   Trial 2/3: ✓ cut=39791.20, balance=0.9197, time=3.13s
[2025-12-04 08:45:16]   Trial 3/3: ✓ cut=39988.99, balance=0.9458, time=3.03s
[2025-12-04 08:45:16] 
  Running METIS baseline...
[2025-12-04 08:45:16]   METIS baseline: cut=32314.17, balance=0.6074, time=0.05s
[2025-12-04 08:45:16]   METIS weights: min=800.76, max=1318.27, avg=1085.35, std=98.47
[2025-12-04 08:45:16]   → Quantum vs METIS: cut improvement = -23.83%
[2025-12-04 08:45:16] 
  → Aggregate: cut=40016.19±195.76, balance=0.9394, time=3.14±0.10s

================================================================================
[2025-12-04 08:45:16] [490/900] Testing configuration:
  k_target: 32
  coarsen_limit: 140
  balance_weight: 0.7
  num_reads: 500
================================================================================
[2025-12-04 08:45:19]   Trial 1/3: ✓ cut=39182.52, balance=0.9648, time=3.33s
[2025-12-04 08:45:22]   Trial 2/3: ✓ cut=39963.72, balance=0.9088, time=3.31s
[2025-12-04 08:45:26]   Trial 3/3: ✓ cut=39339.47, balance=0.9639, time=3.29s
[2025-12-04 08:45:26] 
  Running METIS baseline...
[2025-12-04 08:45:26]   METIS baseline: cut=32314.17, balance=0.6074, time=0.05s
[2025-12-04 08:45:26]   METIS weights: min=800.76, max=1318.27, avg=1085.35, std=98.47
[2025-12-04 08:45:26]   → Quantum vs METIS: cut improvement = -22.22%
[2025-12-04 08:45:26] 
  → Aggregate: cut=39495.24±337.41, balance=0.9458, time=3.31±0.01s

================================================================================
[2025-12-04 08:45:26] [491/900] Testing configuration:
  k_target: 32
  coarsen_limit: 140
  balance_weight: 0.9
  num_reads: 50
================================================================================
[2025-12-04 08:45:26]   Trial 1/3: ✓ cut=40468.11, balance=0.9518, time=0.45s
[2025-12-04 08:45:27]   Trial 2/3: ✓ cut=41100.46, balance=0.8957, time=0.45s
[2025-12-04 08:45:27]   Trial 3/3: ✓ cut=40857.83, balance=0.9670, time=0.47s
[2025-12-04 08:45:27] 
  Running METIS baseline...
[2025-12-04 08:45:27]   METIS baseline: cut=32314.17, balance=0.6074, time=0.05s
[2025-12-04 08:45:27]   METIS weights: min=800.76, max=1318.27, avg=1085.35, std=98.47
[2025-12-04 08:45:27]   → Quantum vs METIS: cut improvement = -26.29%
[2025-12-04 08:45:27] 
  → Aggregate: cut=40808.80±260.48, balance=0.9381, time=0.46±0.01s

================================================================================
[2025-12-04 08:45:27] [492/900] Testing configuration:
  k_target: 32
  coarsen_limit: 140
  balance_weight: 0.9
  num_reads: 100
================================================================================
[2025-12-04 08:45:28]   Trial 1/3: ✓ cut=40753.22, balance=0.9748, time=0.80s
[2025-12-04 08:45:29]   Trial 2/3: ✓ cut=40862.57, balance=0.9443, time=0.77s
[2025-12-04 08:45:30]   Trial 3/3: ✓ cut=41102.54, balance=0.9545, time=0.77s
[2025-12-04 08:45:30] 
  Running METIS baseline...
[2025-12-04 08:45:30]   METIS baseline: cut=32314.17, balance=0.6074, time=0.05s
[2025-12-04 08:45:30]   METIS weights: min=800.76, max=1318.27, avg=1085.35, std=98.47
[2025-12-04 08:45:30]   → Quantum vs METIS: cut improvement = -26.59%
[2025-12-04 08:45:30] 
  → Aggregate: cut=40906.11±145.89, balance=0.9579, time=0.78±0.01s

================================================================================
[2025-12-04 08:45:30] [493/900] Testing configuration:
  k_target: 32
  coarsen_limit: 140
  balance_weight: 0.9
  num_reads: 150
================================================================================
[2025-12-04 08:45:31]   Trial 1/3: ✓ cut=40513.48, balance=0.9474, time=1.10s
[2025-12-04 08:45:32]   Trial 2/3: ✓ cut=40733.50, balance=0.9459, time=1.19s
[2025-12-04 08:45:33]   Trial 3/3: ✓ cut=39504.39, balance=0.9713, time=1.10s
[2025-12-04 08:45:33] 
  Running METIS baseline...
[2025-12-04 08:45:33]   METIS baseline: cut=32314.17, balance=0.6074, time=0.05s
[2025-12-04 08:45:33]   METIS weights: min=800.76, max=1318.27, avg=1085.35, std=98.47
[2025-12-04 08:45:33]   → Quantum vs METIS: cut improvement = -24.56%
[2025-12-04 08:45:33] 
  → Aggregate: cut=40250.46±535.14, balance=0.9549, time=1.13±0.04s

================================================================================
[2025-12-04 08:45:33] [494/900] Testing configuration:
  k_target: 32
  coarsen_limit: 140
  balance_weight: 0.9
  num_reads: 200
================================================================================
[2025-12-04 08:45:35]   Trial 1/3: ✓ cut=40326.60, balance=0.9065, time=1.42s
[2025-12-04 08:45:36]   Trial 2/3: ✓ cut=39849.29, balance=0.9539, time=1.43s
[2025-12-04 08:45:38]   Trial 3/3: ✓ cut=40109.09, balance=0.9037, time=1.42s
[2025-12-04 08:45:38] 
  Running METIS baseline...
[2025-12-04 08:45:38]   METIS baseline: cut=32314.17, balance=0.6074, time=0.05s
[2025-12-04 08:45:38]   METIS weights: min=800.76, max=1318.27, avg=1085.35, std=98.47
[2025-12-04 08:45:38]   → Quantum vs METIS: cut improvement = -24.08%
[2025-12-04 08:45:38] 
  → Aggregate: cut=40094.99±195.12, balance=0.9214, time=1.42±0.01s

================================================================================
[2025-12-04 08:45:38] [495/900] Testing configuration:
  k_target: 32
  coarsen_limit: 140
  balance_weight: 0.9
  num_reads: 250
================================================================================
[2025-12-04 08:45:39]   Trial 1/3: ✓ cut=40800.72, balance=0.9470, time=1.74s
[2025-12-04 08:45:41]   Trial 2/3: ✓ cut=39592.48, balance=0.9463, time=1.74s
[2025-12-04 08:45:43]   Trial 3/3: ✓ cut=40226.05, balance=0.9598, time=1.74s
[2025-12-04 08:45:43] 
  Running METIS baseline...
[2025-12-04 08:45:43]   METIS baseline: cut=32314.17, balance=0.6074, time=0.05s
[2025-12-04 08:45:43]   METIS weights: min=800.76, max=1318.27, avg=1085.35, std=98.47
[2025-12-04 08:45:43]   → Quantum vs METIS: cut improvement = -24.42%
[2025-12-04 08:45:43] 
  → Aggregate: cut=40206.42±493.46, balance=0.9510, time=1.74±0.00s

================================================================================
[2025-12-04 08:45:43] [496/900] Testing configuration:
  k_target: 32
  coarsen_limit: 140
  balance_weight: 0.9
  num_reads: 300
================================================================================
[2025-12-04 08:45:45]   Trial 1/3: ✓ cut=40256.80, balance=0.9437, time=2.06s
[2025-12-04 08:45:47]   Trial 2/3: ✓ cut=39985.02, balance=0.9599, time=2.09s
[2025-12-04 08:45:49]   Trial 3/3: ✓ cut=40534.00, balance=0.9547, time=2.07s
[2025-12-04 08:45:49] 
  Running METIS baseline...
[2025-12-04 08:45:49]   METIS baseline: cut=32314.17, balance=0.6074, time=0.05s
[2025-12-04 08:45:49]   METIS weights: min=800.76, max=1318.27, avg=1085.35, std=98.47
[2025-12-04 08:45:49]   → Quantum vs METIS: cut improvement = -24.58%
[2025-12-04 08:45:49] 
  → Aggregate: cut=40258.61±224.12, balance=0.9528, time=2.07±0.01s

================================================================================
[2025-12-04 08:45:49] [497/900] Testing configuration:
  k_target: 32
  coarsen_limit: 140
  balance_weight: 0.9
  num_reads: 350
================================================================================
[2025-12-04 08:45:52]   Trial 1/3: ✓ cut=39993.15, balance=0.9371, time=2.38s
[2025-12-04 08:45:54]   Trial 2/3: ✓ cut=39804.86, balance=0.9056, time=2.38s
[2025-12-04 08:45:57]   Trial 3/3: ✓ cut=39861.35, balance=0.9742, time=2.51s
[2025-12-04 08:45:57] 
  Running METIS baseline...
[2025-12-04 08:45:57]   METIS baseline: cut=32314.17, balance=0.6074, time=0.06s
[2025-12-04 08:45:57]   METIS weights: min=800.76, max=1318.27, avg=1085.35, std=98.47
[2025-12-04 08:45:57]   → Quantum vs METIS: cut improvement = -23.43%
[2025-12-04 08:45:57] 
  → Aggregate: cut=39886.45±78.89, balance=0.9389, time=2.42±0.06s

================================================================================
[2025-12-04 08:45:57] [498/900] Testing configuration:
  k_target: 32
  coarsen_limit: 140
  balance_weight: 0.9
  num_reads: 400
================================================================================
[2025-12-04 08:45:59]   Trial 1/3: ✓ cut=39651.52, balance=0.9582, time=2.70s
[2025-12-04 08:46:02]   Trial 2/3: ✓ cut=40033.00, balance=0.9552, time=2.80s
[2025-12-04 08:46:05]   Trial 3/3: ✓ cut=39596.20, balance=0.9651, time=2.90s
[2025-12-04 08:46:05] 
  Running METIS baseline...
[2025-12-04 08:46:05]   METIS baseline: cut=32314.17, balance=0.6074, time=0.06s
[2025-12-04 08:46:05]   METIS weights: min=800.76, max=1318.27, avg=1085.35, std=98.47
[2025-12-04 08:46:05]   → Quantum vs METIS: cut improvement = -23.04%
[2025-12-04 08:46:05] 
  → Aggregate: cut=39760.24±194.19, balance=0.9595, time=2.80±0.08s

================================================================================
[2025-12-04 08:46:05] [499/900] Testing configuration:
  k_target: 32
  coarsen_limit: 140
  balance_weight: 0.9
  num_reads: 450
================================================================================
[2025-12-04 08:46:08]   Trial 1/3: ✓ cut=39911.89, balance=0.9277, time=3.12s
[2025-12-04 08:46:12]   Trial 2/3: ✓ cut=39921.89, balance=0.9673, time=3.28s
[2025-12-04 08:46:15]   Trial 3/3: ✓ cut=39973.99, balance=0.9257, time=3.03s
[2025-12-04 08:46:15] 
  Running METIS baseline...
[2025-12-04 08:46:15]   METIS baseline: cut=32314.17, balance=0.6074, time=0.05s
[2025-12-04 08:46:15]   METIS weights: min=800.76, max=1318.27, avg=1085.35, std=98.47
[2025-12-04 08:46:15]   → Quantum vs METIS: cut improvement = -23.59%
[2025-12-04 08:46:15] 
  → Aggregate: cut=39935.92±27.23, balance=0.9402, time=3.15±0.10s

================================================================================
[2025-12-04 08:46:15] [500/900] Testing configuration:
  k_target: 32
  coarsen_limit: 140
  balance_weight: 0.9
  num_reads: 500
================================================================================
[2025-12-04 08:46:18]   Trial 1/3: ✓ cut=40470.60, balance=0.9577, time=3.30s
[2025-12-04 08:46:21]   Trial 2/3: ✓ cut=39852.31, balance=0.8944, time=3.32s
[2025-12-04 08:46:25]   Trial 3/3: ✓ cut=39646.89, balance=0.9453, time=3.35s
[2025-12-04 08:46:25] 
  Running METIS baseline...
[2025-12-04 08:46:25]   METIS baseline: cut=32314.17, balance=0.6074, time=0.05s
[2025-12-04 08:46:25]   METIS weights: min=800.76, max=1318.27, avg=1085.35, std=98.47
[2025-12-04 08:46:25]   → Quantum vs METIS: cut improvement = -23.75%
[2025-12-04 08:46:25] 
  → Aggregate: cut=39989.93±350.08, balance=0.9325, time=3.33±0.02s

================================================================================
[2025-12-04 08:46:25] [501/900] Testing configuration:
  k_target: 32
  coarsen_limit: 140
  balance_weight: 1.1
  num_reads: 50
================================================================================
[2025-12-04 08:46:25]   Trial 1/3: ✓ cut=41295.77, balance=0.9643, time=0.46s
[2025-12-04 08:46:26]   Trial 2/3: ✓ cut=41692.61, balance=0.9600, time=0.45s
[2025-12-04 08:46:26]   Trial 3/3: ✓ cut=41659.31, balance=0.9581, time=0.45s
[2025-12-04 08:46:26] 
  Running METIS baseline...
[2025-12-04 08:46:26]   METIS baseline: cut=32314.17, balance=0.6074, time=0.05s
[2025-12-04 08:46:26]   METIS weights: min=800.76, max=1318.27, avg=1085.35, std=98.47
[2025-12-04 08:46:26]   → Quantum vs METIS: cut improvement = -28.58%
[2025-12-04 08:46:26] 
  → Aggregate: cut=41549.23±179.74, balance=0.9608, time=0.45±0.00s

================================================================================
[2025-12-04 08:46:26] [502/900] Testing configuration:
  k_target: 32
  coarsen_limit: 140
  balance_weight: 1.1
  num_reads: 100
================================================================================
[2025-12-04 08:46:27]   Trial 1/3: ✓ cut=41046.15, balance=0.8522, time=0.86s
[2025-12-04 08:46:28]   Trial 2/3: ✓ cut=40756.67, balance=0.9621, time=0.77s
[2025-12-04 08:46:29]   Trial 3/3: ✓ cut=40716.76, balance=0.9426, time=0.79s
[2025-12-04 08:46:29] 
  Running METIS baseline...
[2025-12-04 08:46:29]   METIS baseline: cut=32314.17, balance=0.6074, time=0.05s
[2025-12-04 08:46:29]   METIS weights: min=800.76, max=1318.27, avg=1085.35, std=98.47
[2025-12-04 08:46:29]   → Quantum vs METIS: cut improvement = -26.38%
[2025-12-04 08:46:29] 
  → Aggregate: cut=40839.86±146.78, balance=0.9190, time=0.81±0.04s

================================================================================
[2025-12-04 08:46:29] [503/900] Testing configuration:
  k_target: 32
  coarsen_limit: 140
  balance_weight: 1.1
  num_reads: 150
================================================================================
[2025-12-04 08:46:30]   Trial 1/3: ✓ cut=40269.00, balance=0.9605, time=1.10s
[2025-12-04 08:46:31]   Trial 2/3: ✓ cut=40721.59, balance=0.9535, time=1.08s
[2025-12-04 08:46:32]   Trial 3/3: ✓ cut=40204.70, balance=0.9315, time=1.10s
[2025-12-04 08:46:32] 
  Running METIS baseline...
[2025-12-04 08:46:32]   METIS baseline: cut=32314.17, balance=0.6074, time=0.05s
[2025-12-04 08:46:32]   METIS weights: min=800.76, max=1318.27, avg=1085.35, std=98.47
[2025-12-04 08:46:32]   → Quantum vs METIS: cut improvement = -25.02%
[2025-12-04 08:46:32] 
  → Aggregate: cut=40398.43±230.01, balance=0.9485, time=1.09±0.01s

================================================================================
[2025-12-04 08:46:32] [504/900] Testing configuration:
  k_target: 32
  coarsen_limit: 140
  balance_weight: 1.1
  num_reads: 200
================================================================================
[2025-12-04 08:46:34]   Trial 1/3: ✓ cut=40517.61, balance=0.9461, time=1.42s
[2025-12-04 08:46:35]   Trial 2/3: ✓ cut=39711.55, balance=0.9765, time=1.41s
[2025-12-04 08:46:36]   Trial 3/3: ✓ cut=40615.97, balance=0.9624, time=1.42s
[2025-12-04 08:46:36] 
  Running METIS baseline...
[2025-12-04 08:46:37]   METIS baseline: cut=32314.17, balance=0.6074, time=0.05s
[2025-12-04 08:46:37]   METIS weights: min=800.76, max=1318.27, avg=1085.35, std=98.47
[2025-12-04 08:46:37]   → Quantum vs METIS: cut improvement = -24.66%
[2025-12-04 08:46:37] 
  → Aggregate: cut=40281.71±405.16, balance=0.9617, time=1.42±0.01s

================================================================================
[2025-12-04 08:46:37] [505/900] Testing configuration:
  k_target: 32
  coarsen_limit: 140
  balance_weight: 1.1
  num_reads: 250
================================================================================
[2025-12-04 08:46:38]   Trial 1/3: ✓ cut=40325.84, balance=0.9100, time=1.71s
[2025-12-04 08:46:40]   Trial 2/3: ✓ cut=40405.45, balance=0.9636, time=1.73s
[2025-12-04 08:46:42]   Trial 3/3: ✓ cut=39777.52, balance=0.9538, time=1.72s
[2025-12-04 08:46:42] 
  Running METIS baseline...
[2025-12-04 08:46:42]   METIS baseline: cut=32314.17, balance=0.6074, time=0.05s
[2025-12-04 08:46:42]   METIS weights: min=800.76, max=1318.27, avg=1085.35, std=98.47
[2025-12-04 08:46:42]   → Quantum vs METIS: cut improvement = -24.31%
[2025-12-04 08:46:42] 
  → Aggregate: cut=40169.60±279.14, balance=0.9425, time=1.72±0.01s

================================================================================
[2025-12-04 08:46:42] [506/900] Testing configuration:
  k_target: 32
  coarsen_limit: 140
  balance_weight: 1.1
  num_reads: 300
================================================================================
[2025-12-04 08:46:44]   Trial 1/3: ✓ cut=39848.21, balance=0.9153, time=2.05s
[2025-12-04 08:46:46]   Trial 2/3: ✓ cut=39702.97, balance=0.9031, time=2.16s
[2025-12-04 08:46:48]   Trial 3/3: ✓ cut=40123.85, balance=0.9707, time=2.05s
[2025-12-04 08:46:48] 
  Running METIS baseline...
[2025-12-04 08:46:48]   METIS baseline: cut=32314.17, balance=0.6074, time=0.05s
[2025-12-04 08:46:48]   METIS weights: min=800.76, max=1318.27, avg=1085.35, std=98.47
[2025-12-04 08:46:48]   → Quantum vs METIS: cut improvement = -23.45%
[2025-12-04 08:46:48] 
  → Aggregate: cut=39891.68±174.55, balance=0.9297, time=2.09±0.05s

================================================================================
[2025-12-04 08:46:48] [507/900] Testing configuration:
  k_target: 32
  coarsen_limit: 140
  balance_weight: 1.1
  num_reads: 350
================================================================================
[2025-12-04 08:46:51]   Trial 1/3: ✓ cut=39691.95, balance=0.9033, time=2.40s
[2025-12-04 08:46:53]   Trial 2/3: ✓ cut=40222.54, balance=0.9319, time=2.36s
[2025-12-04 08:46:55]   Trial 3/3: ✓ cut=40172.28, balance=0.9201, time=2.39s
[2025-12-04 08:46:55] 
  Running METIS baseline...
[2025-12-04 08:46:55]   METIS baseline: cut=32314.17, balance=0.6074, time=0.05s
[2025-12-04 08:46:55]   METIS weights: min=800.76, max=1318.27, avg=1085.35, std=98.47
[2025-12-04 08:46:55]   → Quantum vs METIS: cut improvement = -23.87%
[2025-12-04 08:46:55] 
  → Aggregate: cut=40028.92±239.16, balance=0.9184, time=2.38±0.02s

================================================================================
[2025-12-04 08:46:55] [508/900] Testing configuration:
  k_target: 32
  coarsen_limit: 140
  balance_weight: 1.1
  num_reads: 400
================================================================================
[2025-12-04 08:46:58]   Trial 1/3: ✓ cut=39974.72, balance=0.8481, time=2.68s
[2025-12-04 08:47:01]   Trial 2/3: ✓ cut=39643.46, balance=0.9748, time=2.74s
[2025-12-04 08:47:04]   Trial 3/3: ✓ cut=40416.33, balance=0.9665, time=2.81s
[2025-12-04 08:47:04] 
  Running METIS baseline...
[2025-12-04 08:47:04]   METIS baseline: cut=32314.17, balance=0.6074, time=0.06s
[2025-12-04 08:47:04]   METIS weights: min=800.76, max=1318.27, avg=1085.35, std=98.47
[2025-12-04 08:47:04]   → Quantum vs METIS: cut improvement = -23.82%
[2025-12-04 08:47:04] 
  → Aggregate: cut=40011.50±316.59, balance=0.9298, time=2.74±0.05s

================================================================================
[2025-12-04 08:47:04] [509/900] Testing configuration:
  k_target: 32
  coarsen_limit: 140
  balance_weight: 1.1
  num_reads: 450
================================================================================
[2025-12-04 08:47:07]   Trial 1/3: ✓ cut=39820.01, balance=0.9169, time=3.12s
[2025-12-04 08:47:10]   Trial 2/3: ✓ cut=40179.68, balance=0.9589, time=3.20s
[2025-12-04 08:47:13]   Trial 3/3: ✓ cut=39690.96, balance=0.9483, time=3.07s
[2025-12-04 08:47:13] 
  Running METIS baseline...
[2025-12-04 08:47:13]   METIS baseline: cut=32314.17, balance=0.6074, time=0.06s
[2025-12-04 08:47:13]   METIS weights: min=800.76, max=1318.27, avg=1085.35, std=98.47
[2025-12-04 08:47:13]   → Quantum vs METIS: cut improvement = -23.47%
[2025-12-04 08:47:13] 
  → Aggregate: cut=39896.89±206.79, balance=0.9414, time=3.13±0.05s

================================================================================
[2025-12-04 08:47:13] [510/900] Testing configuration:
  k_target: 32
  coarsen_limit: 140
  balance_weight: 1.1
  num_reads: 500
================================================================================
[2025-12-04 08:47:17]   Trial 1/3: ✓ cut=40333.25, balance=0.9075, time=3.35s
[2025-12-04 08:47:20]   Trial 2/3: ✓ cut=39095.71, balance=0.9696, time=3.30s
[2025-12-04 08:47:23]   Trial 3/3: ✓ cut=39637.88, balance=0.9150, time=3.28s
[2025-12-04 08:47:23] 
  Running METIS baseline...
[2025-12-04 08:47:23]   METIS baseline: cut=32314.17, balance=0.6074, time=0.14s
[2025-12-04 08:47:23]   METIS weights: min=800.76, max=1318.27, avg=1085.35, std=98.47
[2025-12-04 08:47:23]   → Quantum vs METIS: cut improvement = -22.82%
[2025-12-04 08:47:23] 
  → Aggregate: cut=39688.95±506.52, balance=0.9307, time=3.31±0.03s

================================================================================
[2025-12-04 08:47:23] [511/900] Testing configuration:
  k_target: 32
  coarsen_limit: 140
  balance_weight: 1.3
  num_reads: 50
================================================================================
[2025-12-04 08:47:24]   Trial 1/3: ✓ cut=41576.84, balance=0.9409, time=0.45s
[2025-12-04 08:47:24]   Trial 2/3: ✓ cut=41189.82, balance=0.9613, time=0.46s
[2025-12-04 08:47:25]   Trial 3/3: ✓ cut=41128.64, balance=0.9248, time=0.46s
[2025-12-04 08:47:25] 
  Running METIS baseline...
[2025-12-04 08:47:25]   METIS baseline: cut=32314.17, balance=0.6074, time=0.05s
[2025-12-04 08:47:25]   METIS weights: min=800.76, max=1318.27, avg=1085.35, std=98.47
[2025-12-04 08:47:25]   → Quantum vs METIS: cut improvement = -27.80%
[2025-12-04 08:47:25] 
  → Aggregate: cut=41298.44±198.44, balance=0.9423, time=0.46±0.00s

================================================================================
[2025-12-04 08:47:25] [512/900] Testing configuration:
  k_target: 32
  coarsen_limit: 140
  balance_weight: 1.3
  num_reads: 100
================================================================================
[2025-12-04 08:47:26]   Trial 1/3: ✓ cut=40507.53, balance=0.9128, time=0.76s
[2025-12-04 08:47:26]   Trial 2/3: ✓ cut=40881.26, balance=0.9694, time=0.76s
[2025-12-04 08:47:27]   Trial 3/3: ✓ cut=40903.49, balance=0.9090, time=0.78s
[2025-12-04 08:47:27] 
  Running METIS baseline...
[2025-12-04 08:47:27]   METIS baseline: cut=32314.17, balance=0.6074, time=0.05s
[2025-12-04 08:47:27]   METIS weights: min=800.76, max=1318.27, avg=1085.35, std=98.47
[2025-12-04 08:47:27]   → Quantum vs METIS: cut improvement = -26.15%
[2025-12-04 08:47:27] 
  → Aggregate: cut=40764.10±181.65, balance=0.9304, time=0.77±0.01s

================================================================================
[2025-12-04 08:47:27] [513/900] Testing configuration:
  k_target: 32
  coarsen_limit: 140
  balance_weight: 1.3
  num_reads: 150
================================================================================
[2025-12-04 08:47:28]   Trial 1/3: ✓ cut=41419.11, balance=0.9760, time=1.09s
[2025-12-04 08:47:30]   Trial 2/3: ✓ cut=40604.33, balance=0.8879, time=1.09s
[2025-12-04 08:47:31]   Trial 3/3: ✓ cut=40796.57, balance=0.9517, time=1.09s
[2025-12-04 08:47:31] 
  Running METIS baseline...
[2025-12-04 08:47:31]   METIS baseline: cut=32314.17, balance=0.6074, time=0.05s
[2025-12-04 08:47:31]   METIS weights: min=800.76, max=1318.27, avg=1085.35, std=98.47
[2025-12-04 08:47:31]   → Quantum vs METIS: cut improvement = -26.69%
[2025-12-04 08:47:31] 
  → Aggregate: cut=40940.00±347.75, balance=0.9385, time=1.09±0.00s

================================================================================
[2025-12-04 08:47:31] [514/900] Testing configuration:
  k_target: 32
  coarsen_limit: 140
  balance_weight: 1.3
  num_reads: 200
================================================================================
[2025-12-04 08:47:32]   Trial 1/3: ✓ cut=40454.87, balance=0.9644, time=1.42s
[2025-12-04 08:47:34]   Trial 2/3: ✓ cut=40376.08, balance=0.9649, time=1.41s
[2025-12-04 08:47:35]   Trial 3/3: ✓ cut=40595.45, balance=0.8827, time=1.40s
[2025-12-04 08:47:35] 
  Running METIS baseline...
[2025-12-04 08:47:35]   METIS baseline: cut=32314.17, balance=0.6074, time=0.05s
[2025-12-04 08:47:35]   METIS weights: min=800.76, max=1318.27, avg=1085.35, std=98.47
[2025-12-04 08:47:35]   → Quantum vs METIS: cut improvement = -25.26%
[2025-12-04 08:47:35] 
  → Aggregate: cut=40475.46±90.73, balance=0.9373, time=1.41±0.01s

================================================================================
[2025-12-04 08:47:35] [515/900] Testing configuration:
  k_target: 32
  coarsen_limit: 140
  balance_weight: 1.3
  num_reads: 250
================================================================================
[2025-12-04 08:47:37]   Trial 1/3: ✓ cut=40309.48, balance=0.9553, time=1.80s
[2025-12-04 08:47:39]   Trial 2/3: ✓ cut=40872.42, balance=0.9745, time=1.72s
[2025-12-04 08:47:40]   Trial 3/3: ✓ cut=40896.07, balance=0.9655, time=1.76s
[2025-12-04 08:47:40] 
  Running METIS baseline...
[2025-12-04 08:47:40]   METIS baseline: cut=32314.17, balance=0.6074, time=0.06s
[2025-12-04 08:47:40]   METIS weights: min=800.76, max=1318.27, avg=1085.35, std=98.47
[2025-12-04 08:47:40]   → Quantum vs METIS: cut improvement = -25.93%
[2025-12-04 08:47:40] 
  → Aggregate: cut=40692.66±271.12, balance=0.9651, time=1.76±0.03s

================================================================================
[2025-12-04 08:47:40] [516/900] Testing configuration:
  k_target: 32
  coarsen_limit: 140
  balance_weight: 1.3
  num_reads: 300
================================================================================
[2025-12-04 08:47:42]   Trial 1/3: ✓ cut=40211.89, balance=0.9424, time=2.03s
[2025-12-04 08:47:45]   Trial 2/3: ✓ cut=40937.58, balance=0.9201, time=2.07s
[2025-12-04 08:47:47]   Trial 3/3: ✓ cut=40105.29, balance=0.9726, time=2.04s
[2025-12-04 08:47:47] 
  Running METIS baseline...
[2025-12-04 08:47:47]   METIS baseline: cut=32314.17, balance=0.6074, time=0.05s
[2025-12-04 08:47:47]   METIS weights: min=800.76, max=1318.27, avg=1085.35, std=98.47
[2025-12-04 08:47:47]   → Quantum vs METIS: cut improvement = -25.08%
[2025-12-04 08:47:47] 
  → Aggregate: cut=40418.25±369.79, balance=0.9450, time=2.04±0.02s

================================================================================
[2025-12-04 08:47:47] [517/900] Testing configuration:
  k_target: 32
  coarsen_limit: 140
  balance_weight: 1.3
  num_reads: 350
================================================================================
[2025-12-04 08:47:49]   Trial 1/3: ✓ cut=40208.48, balance=0.9567, time=2.36s
[2025-12-04 08:47:51]   Trial 2/3: ✓ cut=41407.61, balance=0.9642, time=2.35s
[2025-12-04 08:47:54]   Trial 3/3: ✓ cut=39888.00, balance=0.9768, time=2.36s
[2025-12-04 08:47:54] 
  Running METIS baseline...
[2025-12-04 08:47:54]   METIS baseline: cut=32314.17, balance=0.6074, time=0.05s
[2025-12-04 08:47:54]   METIS weights: min=800.76, max=1318.27, avg=1085.35, std=98.47
[2025-12-04 08:47:54]   → Quantum vs METIS: cut improvement = -25.34%
[2025-12-04 08:47:54] 
  → Aggregate: cut=40501.36±654.03, balance=0.9659, time=2.36±0.01s

================================================================================
[2025-12-04 08:47:54] [518/900] Testing configuration:
  k_target: 32
  coarsen_limit: 140
  balance_weight: 1.3
  num_reads: 400
================================================================================
[2025-12-04 08:47:57]   Trial 1/3: ✓ cut=39480.46, balance=0.9322, time=2.68s
[2025-12-04 08:47:59]   Trial 2/3: ✓ cut=39784.79, balance=0.9741, time=2.65s
[2025-12-04 08:48:02]   Trial 3/3: ✓ cut=40329.15, balance=0.9536, time=2.72s
[2025-12-04 08:48:02] 
  Running METIS baseline...
[2025-12-04 08:48:02]   METIS baseline: cut=32314.17, balance=0.6074, time=0.06s
[2025-12-04 08:48:02]   METIS weights: min=800.76, max=1318.27, avg=1085.35, std=98.47
[2025-12-04 08:48:02]   → Quantum vs METIS: cut improvement = -23.37%
[2025-12-04 08:48:02] 
  → Aggregate: cut=39864.80±351.07, balance=0.9533, time=2.68±0.03s

================================================================================
[2025-12-04 08:48:02] [519/900] Testing configuration:
  k_target: 32
  coarsen_limit: 140
  balance_weight: 1.3
  num_reads: 450
================================================================================
[2025-12-04 08:48:05]   Trial 1/3: ✓ cut=40258.12, balance=0.9371, time=3.16s
[2025-12-04 08:48:08]   Trial 2/3: ✓ cut=40387.22, balance=0.9098, time=3.15s
[2025-12-04 08:48:12]   Trial 3/3: ✓ cut=39497.40, balance=0.9037, time=3.18s
[2025-12-04 08:48:12] 
  Running METIS baseline...
[2025-12-04 08:48:12]   METIS baseline: cut=32314.17, balance=0.6074, time=0.06s
[2025-12-04 08:48:12]   METIS weights: min=800.76, max=1318.27, avg=1085.35, std=98.47
[2025-12-04 08:48:12]   → Quantum vs METIS: cut improvement = -23.93%
[2025-12-04 08:48:12] 
  → Aggregate: cut=40047.58±392.59, balance=0.9169, time=3.16±0.02s

================================================================================
[2025-12-04 08:48:12] [520/900] Testing configuration:
  k_target: 32
  coarsen_limit: 140
  balance_weight: 1.3
  num_reads: 500
================================================================================
[2025-12-04 08:48:15]   Trial 1/3: ✓ cut=39338.39, balance=0.9649, time=3.36s
[2025-12-04 08:48:18]   Trial 2/3: ✓ cut=40130.33, balance=0.9605, time=3.28s
[2025-12-04 08:48:22]   Trial 3/3: ✓ cut=40549.07, balance=0.9134, time=3.30s
[2025-12-04 08:48:22] 
  Running METIS baseline...
[2025-12-04 08:48:22]   METIS baseline: cut=32314.17, balance=0.6074, time=0.05s
[2025-12-04 08:48:22]   METIS weights: min=800.76, max=1318.27, avg=1085.35, std=98.47
[2025-12-04 08:48:22]   → Quantum vs METIS: cut improvement = -23.80%
[2025-12-04 08:48:22] 
  → Aggregate: cut=40005.93±502.02, balance=0.9463, time=3.31±0.03s

================================================================================
[2025-12-04 08:48:22] [521/900] Testing configuration:
  k_target: 32
  coarsen_limit: 140
  balance_weight: 1.5
  num_reads: 50
================================================================================
[2025-12-04 08:48:22]   Trial 1/3: ✓ cut=40882.41, balance=0.9187, time=0.45s
[2025-12-04 08:48:23]   Trial 2/3: ✓ cut=42158.43, balance=0.9729, time=0.45s
[2025-12-04 08:48:23]   Trial 3/3: ✓ cut=41406.16, balance=0.9747, time=0.45s
[2025-12-04 08:48:23] 
  Running METIS baseline...
[2025-12-04 08:48:23]   METIS baseline: cut=32314.17, balance=0.6074, time=0.05s
[2025-12-04 08:48:23]   METIS weights: min=800.76, max=1318.27, avg=1085.35, std=98.47
[2025-12-04 08:48:23]   → Quantum vs METIS: cut improvement = -28.37%
[2025-12-04 08:48:23] 
  → Aggregate: cut=41482.33±523.71, balance=0.9554, time=0.45±0.00s

================================================================================
[2025-12-04 08:48:23] [522/900] Testing configuration:
  k_target: 32
  coarsen_limit: 140
  balance_weight: 1.5
  num_reads: 100
================================================================================
[2025-12-04 08:48:24]   Trial 1/3: ✓ cut=40372.14, balance=0.9169, time=0.78s
[2025-12-04 08:48:25]   Trial 2/3: ✓ cut=40239.54, balance=0.8838, time=0.79s
[2025-12-04 08:48:25]   Trial 3/3: ✓ cut=40611.24, balance=0.9081, time=0.78s
[2025-12-04 08:48:25] 
  Running METIS baseline...
[2025-12-04 08:48:26]   METIS baseline: cut=32314.17, balance=0.6074, time=0.05s
[2025-12-04 08:48:26]   METIS weights: min=800.76, max=1318.27, avg=1085.35, std=98.47
[2025-12-04 08:48:26]   → Quantum vs METIS: cut improvement = -25.05%
[2025-12-04 08:48:26] 
  → Aggregate: cut=40407.64±153.81, balance=0.9029, time=0.78±0.01s

================================================================================
[2025-12-04 08:48:26] [523/900] Testing configuration:
  k_target: 32
  coarsen_limit: 140
  balance_weight: 1.5
  num_reads: 150
================================================================================
[2025-12-04 08:48:27]   Trial 1/3: ✓ cut=41122.77, balance=0.9659, time=1.07s
[2025-12-04 08:48:28]   Trial 2/3: ✓ cut=40729.32, balance=0.9473, time=1.15s
[2025-12-04 08:48:29]   Trial 3/3: ✓ cut=40448.05, balance=0.9559, time=1.07s
[2025-12-04 08:48:29] 
  Running METIS baseline...
[2025-12-04 08:48:29]   METIS baseline: cut=32314.17, balance=0.6074, time=0.05s
[2025-12-04 08:48:29]   METIS weights: min=800.76, max=1318.27, avg=1085.35, std=98.47
[2025-12-04 08:48:29]   → Quantum vs METIS: cut improvement = -26.16%
[2025-12-04 08:48:29] 
  → Aggregate: cut=40766.71±276.72, balance=0.9564, time=1.10±0.04s

================================================================================
[2025-12-04 08:48:29] [524/900] Testing configuration:
  k_target: 32
  coarsen_limit: 140
  balance_weight: 1.5
  num_reads: 200
================================================================================
[2025-12-04 08:48:30]   Trial 1/3: ✓ cut=40199.56, balance=0.9645, time=1.40s
[2025-12-04 08:48:32]   Trial 2/3: ✓ cut=40578.79, balance=0.9407, time=1.38s
[2025-12-04 08:48:33]   Trial 3/3: ✓ cut=40702.75, balance=0.9800, time=1.39s
[2025-12-04 08:48:33] 
  Running METIS baseline...
[2025-12-04 08:48:33]   METIS baseline: cut=32314.17, balance=0.6074, time=0.05s
[2025-12-04 08:48:33]   METIS weights: min=800.76, max=1318.27, avg=1085.35, std=98.47
[2025-12-04 08:48:33]   → Quantum vs METIS: cut improvement = -25.31%
[2025-12-04 08:48:33] 
  → Aggregate: cut=40493.70±214.06, balance=0.9617, time=1.39±0.01s

================================================================================
[2025-12-04 08:48:33] [525/900] Testing configuration:
  k_target: 32
  coarsen_limit: 140
  balance_weight: 1.5
  num_reads: 250
================================================================================
[2025-12-04 08:48:35]   Trial 1/3: ✓ cut=41075.51, balance=0.9715, time=1.74s
[2025-12-04 08:48:37]   Trial 2/3: ✓ cut=41192.60, balance=0.9163, time=1.72s
[2025-12-04 08:48:38]   Trial 3/3: ✓ cut=41060.25, balance=0.9202, time=1.72s
[2025-12-04 08:48:38] 
  Running METIS baseline...
[2025-12-04 08:48:39]   METIS baseline: cut=32314.17, balance=0.6074, time=0.05s
[2025-12-04 08:48:39]   METIS weights: min=800.76, max=1318.27, avg=1085.35, std=98.47
[2025-12-04 08:48:39]   → Quantum vs METIS: cut improvement = -27.22%
[2025-12-04 08:48:39] 
  → Aggregate: cut=41109.45±59.12, balance=0.9360, time=1.73±0.01s

================================================================================
[2025-12-04 08:48:39] [526/900] Testing configuration:
  k_target: 32
  coarsen_limit: 140
  balance_weight: 1.5
  num_reads: 300
================================================================================
[2025-12-04 08:48:41]   Trial 1/3: ✓ cut=39737.99, balance=0.9737, time=2.06s
[2025-12-04 08:48:43]   Trial 2/3: ✓ cut=40243.18, balance=0.9535, time=2.02s
[2025-12-04 08:48:45]   Trial 3/3: ✓ cut=40466.06, balance=0.9544, time=2.07s
[2025-12-04 08:48:45] 
  Running METIS baseline...
[2025-12-04 08:48:45]   METIS baseline: cut=32314.17, balance=0.6074, time=0.05s
[2025-12-04 08:48:45]   METIS weights: min=800.76, max=1318.27, avg=1085.35, std=98.47
[2025-12-04 08:48:45]   → Quantum vs METIS: cut improvement = -24.25%
[2025-12-04 08:48:45] 
  → Aggregate: cut=40149.08±304.59, balance=0.9605, time=2.05±0.02s

================================================================================
[2025-12-04 08:48:45] [527/900] Testing configuration:
  k_target: 32
  coarsen_limit: 140
  balance_weight: 1.5
  num_reads: 350
================================================================================
[2025-12-04 08:48:47]   Trial 1/3: ✓ cut=40460.62, balance=0.9747, time=2.36s
[2025-12-04 08:48:50]   Trial 2/3: ✓ cut=40622.86, balance=0.9671, time=2.35s
[2025-12-04 08:48:52]   Trial 3/3: ✓ cut=39890.41, balance=0.9737, time=2.43s
[2025-12-04 08:48:52] 
  Running METIS baseline...
[2025-12-04 08:48:52]   METIS baseline: cut=32314.17, balance=0.6074, time=0.05s
[2025-12-04 08:48:52]   METIS weights: min=800.76, max=1318.27, avg=1085.35, std=98.47
[2025-12-04 08:48:52]   → Quantum vs METIS: cut improvement = -24.79%
[2025-12-04 08:48:52] 
  → Aggregate: cut=40324.63±314.10, balance=0.9718, time=2.38±0.04s

================================================================================
[2025-12-04 08:48:52] [528/900] Testing configuration:
  k_target: 32
  coarsen_limit: 140
  balance_weight: 1.5
  num_reads: 400
================================================================================
[2025-12-04 08:48:55]   Trial 1/3: ✓ cut=40317.95, balance=0.9517, time=2.67s
[2025-12-04 08:48:57]   Trial 2/3: ✓ cut=40619.80, balance=0.9714, time=2.67s
[2025-12-04 08:49:00]   Trial 3/3: ✓ cut=41170.73, balance=0.9574, time=2.66s
[2025-12-04 08:49:00] 
  Running METIS baseline...
[2025-12-04 08:49:00]   METIS baseline: cut=32314.17, balance=0.6074, time=0.05s
[2025-12-04 08:49:00]   METIS weights: min=800.76, max=1318.27, avg=1085.35, std=98.47
[2025-12-04 08:49:00]   → Quantum vs METIS: cut improvement = -25.96%
[2025-12-04 08:49:00] 
  → Aggregate: cut=40702.82±353.06, balance=0.9601, time=2.66±0.01s

================================================================================
[2025-12-04 08:49:00] [529/900] Testing configuration:
  k_target: 32
  coarsen_limit: 140
  balance_weight: 1.5
  num_reads: 450
================================================================================
[2025-12-04 08:49:03]   Trial 1/3: ✓ cut=40038.33, balance=0.8827, time=3.12s
[2025-12-04 08:49:06]   Trial 2/3: ✓ cut=39709.49, balance=0.9525, time=3.10s
[2025-12-04 08:49:10]   Trial 3/3: ✓ cut=40571.06, balance=0.9673, time=3.17s
[2025-12-04 08:49:10] 
  Running METIS baseline...
[2025-12-04 08:49:10]   METIS baseline: cut=32314.17, balance=0.6074, time=0.05s
[2025-12-04 08:49:10]   METIS weights: min=800.76, max=1318.27, avg=1085.35, std=98.47
[2025-12-04 08:49:10]   → Quantum vs METIS: cut improvement = -24.11%
[2025-12-04 08:49:10] 
  → Aggregate: cut=40106.29±355.00, balance=0.9342, time=3.13±0.03s

================================================================================
[2025-12-04 08:49:10] [530/900] Testing configuration:
  k_target: 32
  coarsen_limit: 140
  balance_weight: 1.5
  num_reads: 500
================================================================================
[2025-12-04 08:49:13]   Trial 1/3: ✓ cut=39709.36, balance=0.9228, time=3.40s
[2025-12-04 08:49:16]   Trial 2/3: ✓ cut=40044.49, balance=0.9725, time=3.31s
[2025-12-04 08:49:20]   Trial 3/3: ✓ cut=40121.59, balance=0.9533, time=3.27s
[2025-12-04 08:49:20] 
  Running METIS baseline...
[2025-12-04 08:49:20]   METIS baseline: cut=32314.17, balance=0.6074, time=0.05s
[2025-12-04 08:49:20]   METIS weights: min=800.76, max=1318.27, avg=1085.35, std=98.47
[2025-12-04 08:49:20]   → Quantum vs METIS: cut improvement = -23.66%
[2025-12-04 08:49:20] 
  → Aggregate: cut=39958.48±178.95, balance=0.9496, time=3.33±0.05s

================================================================================
[2025-12-04 08:49:20] [531/900] Testing configuration:
  k_target: 32
  coarsen_limit: 140
  balance_weight: 1.7
  num_reads: 50
================================================================================
[2025-12-04 08:49:20]   Trial 1/3: ✓ cut=41217.14, balance=0.9251, time=0.45s
[2025-12-04 08:49:21]   Trial 2/3: ✓ cut=41482.69, balance=0.9105, time=0.46s
[2025-12-04 08:49:21]   Trial 3/3: ✓ cut=41552.47, balance=0.9101, time=0.45s
[2025-12-04 08:49:21] 
  Running METIS baseline...
[2025-12-04 08:49:21]   METIS baseline: cut=32314.17, balance=0.6074, time=0.05s
[2025-12-04 08:49:21]   METIS weights: min=800.76, max=1318.27, avg=1085.35, std=98.47
[2025-12-04 08:49:21]   → Quantum vs METIS: cut improvement = -28.17%
[2025-12-04 08:49:21] 
  → Aggregate: cut=41417.43±144.46, balance=0.9152, time=0.45±0.00s

================================================================================
[2025-12-04 08:49:21] [532/900] Testing configuration:
  k_target: 32
  coarsen_limit: 140
  balance_weight: 1.7
  num_reads: 100
================================================================================
[2025-12-04 08:49:22]   Trial 1/3: ✓ cut=41112.10, balance=0.8998, time=0.87s
[2025-12-04 08:49:23]   Trial 2/3: ✓ cut=41419.54, balance=0.8947, time=0.78s
[2025-12-04 08:49:24]   Trial 3/3: ✓ cut=41057.19, balance=0.9710, time=0.78s
[2025-12-04 08:49:24] 
  Running METIS baseline...
[2025-12-04 08:49:24]   METIS baseline: cut=32314.17, balance=0.6074, time=0.05s
[2025-12-04 08:49:24]   METIS weights: min=800.76, max=1318.27, avg=1085.35, std=98.47
[2025-12-04 08:49:24]   → Quantum vs METIS: cut improvement = -27.49%
[2025-12-04 08:49:24] 
  → Aggregate: cut=41196.27±159.46, balance=0.9218, time=0.81±0.04s

================================================================================
[2025-12-04 08:49:24] [533/900] Testing configuration:
  k_target: 32
  coarsen_limit: 140
  balance_weight: 1.7
  num_reads: 150
================================================================================
[2025-12-04 08:49:25]   Trial 1/3: ✓ cut=39914.37, balance=0.9714, time=1.12s
[2025-12-04 08:49:26]   Trial 2/3: ✓ cut=41528.31, balance=0.8986, time=1.09s
[2025-12-04 08:49:27]   Trial 3/3: ✓ cut=40463.25, balance=0.8684, time=1.09s
[2025-12-04 08:49:27] 
  Running METIS baseline...
[2025-12-04 08:49:27]   METIS baseline: cut=32314.17, balance=0.6074, time=0.05s
[2025-12-04 08:49:27]   METIS weights: min=800.76, max=1318.27, avg=1085.35, std=98.47
[2025-12-04 08:49:27]   → Quantum vs METIS: cut improvement = -25.75%
[2025-12-04 08:49:27] 
  → Aggregate: cut=40635.31±670.03, balance=0.9128, time=1.10±0.01s

================================================================================
[2025-12-04 08:49:27] [534/900] Testing configuration:
  k_target: 32
  coarsen_limit: 140
  balance_weight: 1.7
  num_reads: 200
================================================================================
[2025-12-04 08:49:29]   Trial 1/3: ✓ cut=40892.84, balance=0.9413, time=1.41s
[2025-12-04 08:49:30]   Trial 2/3: ✓ cut=39826.01, balance=0.9673, time=1.41s
[2025-12-04 08:49:31]   Trial 3/3: ✓ cut=40257.80, balance=0.9128, time=1.42s
[2025-12-04 08:49:31] 
  Running METIS baseline...
[2025-12-04 08:49:31]   METIS baseline: cut=32314.17, balance=0.6074, time=0.05s
[2025-12-04 08:49:31]   METIS weights: min=800.76, max=1318.27, avg=1085.35, std=98.47
[2025-12-04 08:49:31]   → Quantum vs METIS: cut improvement = -24.79%
[2025-12-04 08:49:31] 
  → Aggregate: cut=40325.55±438.16, balance=0.9405, time=1.41±0.01s

================================================================================
[2025-12-04 08:49:32] [535/900] Testing configuration:
  k_target: 32
  coarsen_limit: 140
  balance_weight: 1.7
  num_reads: 250
================================================================================
[2025-12-04 08:49:33]   Trial 1/3: ✓ cut=40710.08, balance=0.9520, time=1.73s
[2025-12-04 08:49:35]   Trial 2/3: ✓ cut=40465.11, balance=0.8447, time=1.74s
[2025-12-04 08:49:37]   Trial 3/3: ✓ cut=40573.54, balance=0.8913, time=1.73s
[2025-12-04 08:49:37] 
  Running METIS baseline...
[2025-12-04 08:49:37]   METIS baseline: cut=32314.17, balance=0.6074, time=0.05s
[2025-12-04 08:49:37]   METIS weights: min=800.76, max=1318.27, avg=1085.35, std=98.47
[2025-12-04 08:49:37]   → Quantum vs METIS: cut improvement = -25.59%
[2025-12-04 08:49:37] 
  → Aggregate: cut=40582.91±100.23, balance=0.8960, time=1.73±0.00s

================================================================================
[2025-12-04 08:49:37] [536/900] Testing configuration:
  k_target: 32
  coarsen_limit: 140
  balance_weight: 1.7
  num_reads: 300
================================================================================
[2025-12-04 08:49:39]   Trial 1/3: ✓ cut=40369.33, balance=0.9477, time=2.04s
[2025-12-04 08:49:41]   Trial 2/3: ✓ cut=40194.36, balance=0.9572, time=2.14s
[2025-12-04 08:49:43]   Trial 3/3: ✓ cut=40923.36, balance=0.9324, time=2.05s
[2025-12-04 08:49:43] 
  Running METIS baseline...
[2025-12-04 08:49:43]   METIS baseline: cut=32314.17, balance=0.6074, time=0.05s
[2025-12-04 08:49:43]   METIS weights: min=800.76, max=1318.27, avg=1085.35, std=98.47
[2025-12-04 08:49:43]   → Quantum vs METIS: cut improvement = -25.32%
[2025-12-04 08:49:43] 
  → Aggregate: cut=40495.68±310.74, balance=0.9458, time=2.08±0.05s

================================================================================
[2025-12-04 08:49:43] [537/900] Testing configuration:
  k_target: 32
  coarsen_limit: 140
  balance_weight: 1.7
  num_reads: 350
================================================================================
[2025-12-04 08:49:46]   Trial 1/3: ✓ cut=40940.77, balance=0.8266, time=2.40s
[2025-12-04 08:49:48]   Trial 2/3: ✓ cut=40834.25, balance=0.8944, time=2.37s
[2025-12-04 08:49:50]   Trial 3/3: ✓ cut=40801.64, balance=0.9627, time=2.39s
[2025-12-04 08:49:50] 
  Running METIS baseline...
[2025-12-04 08:49:50]   METIS baseline: cut=32314.17, balance=0.6074, time=0.05s
[2025-12-04 08:49:50]   METIS weights: min=800.76, max=1318.27, avg=1085.35, std=98.47
[2025-12-04 08:49:50]   → Quantum vs METIS: cut improvement = -26.44%
[2025-12-04 08:49:50] 
  → Aggregate: cut=40858.88±59.41, balance=0.8945, time=2.39±0.01s

================================================================================
[2025-12-04 08:49:50] [538/900] Testing configuration:
  k_target: 32
  coarsen_limit: 140
  balance_weight: 1.7
  num_reads: 400
================================================================================
[2025-12-04 08:49:53]   Trial 1/3: ✓ cut=40388.42, balance=0.9729, time=2.69s
[2025-12-04 08:49:56]   Trial 2/3: ✓ cut=40048.34, balance=0.9383, time=2.71s
[2025-12-04 08:49:59]   Trial 3/3: ✓ cut=40165.99, balance=0.9765, time=2.68s
[2025-12-04 08:49:59] 
  Running METIS baseline...
[2025-12-04 08:49:59]   METIS baseline: cut=32314.17, balance=0.6074, time=0.06s
[2025-12-04 08:49:59]   METIS weights: min=800.76, max=1318.27, avg=1085.35, std=98.47
[2025-12-04 08:49:59]   → Quantum vs METIS: cut improvement = -24.41%
[2025-12-04 08:49:59] 
  → Aggregate: cut=40200.91±141.02, balance=0.9626, time=2.69±0.01s

================================================================================
[2025-12-04 08:49:59] [539/900] Testing configuration:
  k_target: 32
  coarsen_limit: 140
  balance_weight: 1.7
  num_reads: 450
================================================================================
[2025-12-04 08:50:02]   Trial 1/3: ✓ cut=40339.26, balance=0.9587, time=3.08s
[2025-12-04 08:50:05]   Trial 2/3: ✓ cut=40066.78, balance=0.9245, time=3.15s
[2025-12-04 08:50:08]   Trial 3/3: ✓ cut=40992.18, balance=0.9572, time=3.18s
[2025-12-04 08:50:08] 
  Running METIS baseline...
[2025-12-04 08:50:08]   METIS baseline: cut=32314.17, balance=0.6074, time=0.06s
[2025-12-04 08:50:08]   METIS weights: min=800.76, max=1318.27, avg=1085.35, std=98.47
[2025-12-04 08:50:08]   → Quantum vs METIS: cut improvement = -25.23%
[2025-12-04 08:50:08] 
  → Aggregate: cut=40466.07±388.29, balance=0.9468, time=3.14±0.04s

================================================================================
[2025-12-04 08:50:08] [540/900] Testing configuration:
  k_target: 32
  coarsen_limit: 140
  balance_weight: 1.7
  num_reads: 500
================================================================================
[2025-12-04 08:50:12]   Trial 1/3: ✓ cut=39896.21, balance=0.9095, time=3.37s
[2025-12-04 08:50:15]   Trial 2/3: ✓ cut=40368.97, balance=0.8936, time=3.39s
[2025-12-04 08:50:18]   Trial 3/3: ✓ cut=40419.52, balance=0.9399, time=3.38s
[2025-12-04 08:50:18] 
  Running METIS baseline...
[2025-12-04 08:50:18]   METIS baseline: cut=32314.17, balance=0.6074, time=0.05s
[2025-12-04 08:50:18]   METIS weights: min=800.76, max=1318.27, avg=1085.35, std=98.47
[2025-12-04 08:50:18]   → Quantum vs METIS: cut improvement = -24.49%
[2025-12-04 08:50:18] 
  → Aggregate: cut=40228.23±235.68, balance=0.9143, time=3.38±0.01s

================================================================================
[2025-12-04 08:50:18] [541/900] Testing configuration:
  k_target: 32
  coarsen_limit: 140
  balance_weight: 1.9
  num_reads: 50
================================================================================
[2025-12-04 08:50:19]   Trial 1/3: ✓ cut=41983.72, balance=0.9665, time=0.45s
[2025-12-04 08:50:19]   Trial 2/3: ✓ cut=41088.35, balance=0.8775, time=0.45s
[2025-12-04 08:50:20]   Trial 3/3: ✓ cut=41837.13, balance=0.9631, time=0.45s
[2025-12-04 08:50:20] 
  Running METIS baseline...
[2025-12-04 08:50:20]   METIS baseline: cut=32314.17, balance=0.6074, time=0.05s
[2025-12-04 08:50:20]   METIS weights: min=800.76, max=1318.27, avg=1085.35, std=98.47
[2025-12-04 08:50:20]   → Quantum vs METIS: cut improvement = -28.85%
[2025-12-04 08:50:20] 
  → Aggregate: cut=41636.40±392.12, balance=0.9357, time=0.45±0.00s

================================================================================
[2025-12-04 08:50:20] [542/900] Testing configuration:
  k_target: 32
  coarsen_limit: 140
  balance_weight: 1.9
  num_reads: 100
================================================================================
[2025-12-04 08:50:21]   Trial 1/3: ✓ cut=41252.11, balance=0.9365, time=0.77s
[2025-12-04 08:50:21]   Trial 2/3: ✓ cut=41009.92, balance=0.9434, time=0.77s
[2025-12-04 08:50:22]   Trial 3/3: ✓ cut=40560.18, balance=0.9066, time=0.77s
[2025-12-04 08:50:22] 
  Running METIS baseline...
[2025-12-04 08:50:22]   METIS baseline: cut=32314.17, balance=0.6074, time=0.05s
[2025-12-04 08:50:22]   METIS weights: min=800.76, max=1318.27, avg=1085.35, std=98.47
[2025-12-04 08:50:22]   → Quantum vs METIS: cut improvement = -26.70%
[2025-12-04 08:50:22] 
  → Aggregate: cut=40940.74±286.68, balance=0.9288, time=0.77±0.00s

================================================================================
[2025-12-04 08:50:22] [543/900] Testing configuration:
  k_target: 32
  coarsen_limit: 140
  balance_weight: 1.9
  num_reads: 150
================================================================================
[2025-12-04 08:50:23]   Trial 1/3: ✓ cut=40340.87, balance=0.9335, time=1.09s
[2025-12-04 08:50:24]   Trial 2/3: ✓ cut=40258.29, balance=0.9478, time=1.10s
[2025-12-04 08:50:26]   Trial 3/3: ✓ cut=41392.77, balance=0.9574, time=1.09s
[2025-12-04 08:50:26] 
  Running METIS baseline...
[2025-12-04 08:50:26]   METIS baseline: cut=32314.17, balance=0.6074, time=0.05s
[2025-12-04 08:50:26]   METIS weights: min=800.76, max=1318.27, avg=1085.35, std=98.47
[2025-12-04 08:50:26]   → Quantum vs METIS: cut improvement = -25.84%
[2025-12-04 08:50:26] 
  → Aggregate: cut=40663.98±516.43, balance=0.9462, time=1.09±0.00s

================================================================================
[2025-12-04 08:50:26] [544/900] Testing configuration:
  k_target: 32
  coarsen_limit: 140
  balance_weight: 1.9
  num_reads: 200
================================================================================
[2025-12-04 08:50:27]   Trial 1/3: ✓ cut=41252.54, balance=0.9155, time=1.39s
[2025-12-04 08:50:28]   Trial 2/3: ✓ cut=40326.80, balance=0.9520, time=1.39s
[2025-12-04 08:50:30]   Trial 3/3: ✓ cut=40913.91, balance=0.9633, time=1.40s
[2025-12-04 08:50:30] 
  Running METIS baseline...
[2025-12-04 08:50:30]   METIS baseline: cut=32314.17, balance=0.6074, time=0.05s
[2025-12-04 08:50:30]   METIS weights: min=800.76, max=1318.27, avg=1085.35, std=98.47
[2025-12-04 08:50:30]   → Quantum vs METIS: cut improvement = -26.36%
[2025-12-04 08:50:30] 
  → Aggregate: cut=40831.09±382.44, balance=0.9436, time=1.39±0.00s

================================================================================
[2025-12-04 08:50:30] [545/900] Testing configuration:
  k_target: 32
  coarsen_limit: 140
  balance_weight: 1.9
  num_reads: 250
================================================================================
[2025-12-04 08:50:32]   Trial 1/3: ✓ cut=40483.43, balance=0.9251, time=1.79s
[2025-12-04 08:50:33]   Trial 2/3: ✓ cut=41122.37, balance=0.9703, time=1.71s
[2025-12-04 08:50:35]   Trial 3/3: ✓ cut=40748.54, balance=0.8973, time=1.71s
[2025-12-04 08:50:35] 
  Running METIS baseline...
[2025-12-04 08:50:35]   METIS baseline: cut=32314.17, balance=0.6074, time=0.05s
[2025-12-04 08:50:35]   METIS weights: min=800.76, max=1318.27, avg=1085.35, std=98.47
[2025-12-04 08:50:35]   → Quantum vs METIS: cut improvement = -26.21%
[2025-12-04 08:50:35] 
  → Aggregate: cut=40784.78±262.10, balance=0.9309, time=1.74±0.04s

================================================================================
[2025-12-04 08:50:35] [546/900] Testing configuration:
  k_target: 32
  coarsen_limit: 140
  balance_weight: 1.9
  num_reads: 300
================================================================================
[2025-12-04 08:50:37]   Trial 1/3: ✓ cut=40505.45, balance=0.9764, time=2.02s
[2025-12-04 08:50:39]   Trial 2/3: ✓ cut=40071.23, balance=0.9205, time=2.02s
[2025-12-04 08:50:41]   Trial 3/3: ✓ cut=40153.20, balance=0.9454, time=2.03s
[2025-12-04 08:50:41] 
  Running METIS baseline...
[2025-12-04 08:50:41]   METIS baseline: cut=32314.17, balance=0.6074, time=0.05s
[2025-12-04 08:50:41]   METIS weights: min=800.76, max=1318.27, avg=1085.35, std=98.47
[2025-12-04 08:50:41]   → Quantum vs METIS: cut improvement = -24.54%
[2025-12-04 08:50:41] 
  → Aggregate: cut=40243.29±188.37, balance=0.9474, time=2.02±0.00s

================================================================================
[2025-12-04 08:50:41] [547/900] Testing configuration:
  k_target: 32
  coarsen_limit: 140
  balance_weight: 1.9
  num_reads: 350
================================================================================
[2025-12-04 08:50:44]   Trial 1/3: ✓ cut=40034.13, balance=0.9445, time=2.35s
[2025-12-04 08:50:46]   Trial 2/3: ✓ cut=40879.63, balance=0.9150, time=2.34s
[2025-12-04 08:50:49]   Trial 3/3: ✓ cut=41338.46, balance=0.9170, time=2.36s
[2025-12-04 08:50:49] 
  Running METIS baseline...
[2025-12-04 08:50:49]   METIS baseline: cut=32314.17, balance=0.6074, time=0.05s
[2025-12-04 08:50:49]   METIS weights: min=800.76, max=1318.27, avg=1085.35, std=98.47
[2025-12-04 08:50:49]   → Quantum vs METIS: cut improvement = -26.11%
[2025-12-04 08:50:49] 
  → Aggregate: cut=40750.74±540.23, balance=0.9255, time=2.35±0.01s

================================================================================
[2025-12-04 08:50:49] [548/900] Testing configuration:
  k_target: 32
  coarsen_limit: 140
  balance_weight: 1.9
  num_reads: 400
================================================================================
[2025-12-04 08:50:51]   Trial 1/3: ✓ cut=40245.28, balance=0.9641, time=2.66s
[2025-12-04 08:50:54]   Trial 2/3: ✓ cut=41427.86, balance=0.9816, time=2.66s
[2025-12-04 08:50:57]   Trial 3/3: ✓ cut=40923.87, balance=0.9195, time=2.66s
[2025-12-04 08:50:57] 
  Running METIS baseline...
[2025-12-04 08:50:57]   METIS baseline: cut=32314.17, balance=0.6074, time=0.05s
[2025-12-04 08:50:57]   METIS weights: min=800.76, max=1318.27, avg=1085.35, std=98.47
[2025-12-04 08:50:57]   → Quantum vs METIS: cut improvement = -26.46%
[2025-12-04 08:50:57] 
  → Aggregate: cut=40865.67±484.54, balance=0.9551, time=2.66±0.00s

================================================================================
[2025-12-04 08:50:57] [549/900] Testing configuration:
  k_target: 32
  coarsen_limit: 140
  balance_weight: 1.9
  num_reads: 450
================================================================================
[2025-12-04 08:51:00]   Trial 1/3: ✓ cut=39967.22, balance=0.9440, time=2.96s
[2025-12-04 08:51:03]   Trial 2/3: ✓ cut=40459.73, balance=0.9035, time=3.16s
[2025-12-04 08:51:06]   Trial 3/3: ✓ cut=40377.28, balance=0.9240, time=3.13s
[2025-12-04 08:51:06] 
  Running METIS baseline...
[2025-12-04 08:51:06]   METIS baseline: cut=32314.17, balance=0.6074, time=0.06s
[2025-12-04 08:51:06]   METIS weights: min=800.76, max=1318.27, avg=1085.35, std=98.47
[2025-12-04 08:51:06]   → Quantum vs METIS: cut improvement = -24.61%
[2025-12-04 08:51:06] 
  → Aggregate: cut=40268.08±215.38, balance=0.9239, time=3.08±0.09s

================================================================================
[2025-12-04 08:51:06] [550/900] Testing configuration:
  k_target: 32
  coarsen_limit: 140
  balance_weight: 1.9
  num_reads: 500
================================================================================
[2025-12-04 08:51:09]   Trial 1/3: ✓ cut=39703.83, balance=0.9772, time=3.42s
[2025-12-04 08:51:13]   Trial 2/3: ✓ cut=40718.28, balance=0.9287, time=3.46s
[2025-12-04 08:51:16]   Trial 3/3: ✓ cut=40748.06, balance=0.9636, time=3.31s
[2025-12-04 08:51:16] 
  Running METIS baseline...
[2025-12-04 08:51:16]   METIS baseline: cut=32314.17, balance=0.6074, time=0.05s
[2025-12-04 08:51:16]   METIS weights: min=800.76, max=1318.27, avg=1085.35, std=98.47
[2025-12-04 08:51:16]   → Quantum vs METIS: cut improvement = -24.99%
[2025-12-04 08:51:16] 
  → Aggregate: cut=40390.05±485.39, balance=0.9565, time=3.39±0.06s

================================================================================
[2025-12-04 08:51:16] [551/900] Testing configuration:
  k_target: 32
  coarsen_limit: 140
  balance_weight: 2.1
  num_reads: 50
================================================================================
[2025-12-04 08:51:17]   Trial 1/3: ✓ cut=41614.18, balance=0.9431, time=0.46s
[2025-12-04 08:51:17]   Trial 2/3: ✓ cut=41999.00, balance=0.9815, time=0.45s
[2025-12-04 08:51:18]   Trial 3/3: ✓ cut=41215.57, balance=0.9769, time=0.45s
[2025-12-04 08:51:18] 
  Running METIS baseline...
[2025-12-04 08:51:18]   METIS baseline: cut=32314.17, balance=0.6074, time=0.05s
[2025-12-04 08:51:18]   METIS weights: min=800.76, max=1318.27, avg=1085.35, std=98.47
[2025-12-04 08:51:18]   → Quantum vs METIS: cut improvement = -28.77%
[2025-12-04 08:51:18] 
  → Aggregate: cut=41609.58±319.85, balance=0.9672, time=0.45±0.00s

================================================================================
[2025-12-04 08:51:18] [552/900] Testing configuration:
  k_target: 32
  coarsen_limit: 140
  balance_weight: 2.1
  num_reads: 100
================================================================================
[2025-12-04 08:51:19]   Trial 1/3: ✓ cut=40771.95, balance=0.9747, time=0.77s
[2025-12-04 08:51:19]   Trial 2/3: ✓ cut=41398.81, balance=0.8682, time=0.77s
[2025-12-04 08:51:20]   Trial 3/3: ✓ cut=40629.52, balance=0.9382, time=0.77s
[2025-12-04 08:51:20] 
  Running METIS baseline...
[2025-12-04 08:51:20]   METIS baseline: cut=32314.17, balance=0.6074, time=0.05s
[2025-12-04 08:51:20]   METIS weights: min=800.76, max=1318.27, avg=1085.35, std=98.47
[2025-12-04 08:51:20]   → Quantum vs METIS: cut improvement = -26.67%
[2025-12-04 08:51:20] 
  → Aggregate: cut=40933.43±334.18, balance=0.9270, time=0.77±0.00s

================================================================================
[2025-12-04 08:51:20] [553/900] Testing configuration:
  k_target: 32
  coarsen_limit: 140
  balance_weight: 2.1
  num_reads: 150
================================================================================
[2025-12-04 08:51:21]   Trial 1/3: ✓ cut=41105.78, balance=0.9646, time=1.09s
[2025-12-04 08:51:22]   Trial 2/3: ✓ cut=41017.48, balance=0.9054, time=1.10s
[2025-12-04 08:51:24]   Trial 3/3: ✓ cut=40705.21, balance=0.9629, time=1.18s
[2025-12-04 08:51:24] 
  Running METIS baseline...
[2025-12-04 08:51:24]   METIS baseline: cut=32314.17, balance=0.6074, time=0.05s
[2025-12-04 08:51:24]   METIS weights: min=800.76, max=1318.27, avg=1085.35, std=98.47
[2025-12-04 08:51:24]   → Quantum vs METIS: cut improvement = -26.70%
[2025-12-04 08:51:24] 
  → Aggregate: cut=40942.82±171.84, balance=0.9443, time=1.12±0.04s

================================================================================
[2025-12-04 08:51:24] [554/900] Testing configuration:
  k_target: 32
  coarsen_limit: 140
  balance_weight: 2.1
  num_reads: 200
================================================================================
[2025-12-04 08:51:25]   Trial 1/3: ✓ cut=40889.84, balance=0.9753, time=1.43s
[2025-12-04 08:51:27]   Trial 2/3: ✓ cut=40387.17, balance=0.9714, time=1.41s
[2025-12-04 08:51:28]   Trial 3/3: ✓ cut=40543.97, balance=0.9317, time=1.40s
[2025-12-04 08:51:28] 
  Running METIS baseline...
[2025-12-04 08:51:28]   METIS baseline: cut=32314.17, balance=0.6074, time=0.05s
[2025-12-04 08:51:28]   METIS weights: min=800.76, max=1318.27, avg=1085.35, std=98.47
[2025-12-04 08:51:28]   → Quantum vs METIS: cut improvement = -25.66%
[2025-12-04 08:51:28] 
  → Aggregate: cut=40607.00±210.00, balance=0.9595, time=1.42±0.01s

================================================================================
[2025-12-04 08:51:28] [555/900] Testing configuration:
  k_target: 32
  coarsen_limit: 140
  balance_weight: 2.1
  num_reads: 250
================================================================================
[2025-12-04 08:51:30]   Trial 1/3: ✓ cut=39599.61, balance=0.9722, time=1.73s
[2025-12-04 08:51:32]   Trial 2/3: ✓ cut=40201.86, balance=0.9225, time=1.74s
[2025-12-04 08:51:33]   Trial 3/3: ✓ cut=40715.31, balance=0.9680, time=1.75s
[2025-12-04 08:51:33] 
  Running METIS baseline...
[2025-12-04 08:51:33]   METIS baseline: cut=32314.17, balance=0.6074, time=0.05s
[2025-12-04 08:51:33]   METIS weights: min=800.76, max=1318.27, avg=1085.35, std=98.47
[2025-12-04 08:51:33]   → Quantum vs METIS: cut improvement = -24.32%
[2025-12-04 08:51:33] 
  → Aggregate: cut=40172.26±455.96, balance=0.9542, time=1.74±0.01s

================================================================================
[2025-12-04 08:51:33] [556/900] Testing configuration:
  k_target: 32
  coarsen_limit: 140
  balance_weight: 2.1
  num_reads: 300
================================================================================
[2025-12-04 08:51:35]   Trial 1/3: ✓ cut=40831.55, balance=0.9469, time=2.06s
[2025-12-04 08:51:37]   Trial 2/3: ✓ cut=40143.79, balance=0.9381, time=2.06s
[2025-12-04 08:51:40]   Trial 3/3: ✓ cut=41652.57, balance=0.8557, time=2.04s
[2025-12-04 08:51:40] 
  Running METIS baseline...
[2025-12-04 08:51:40]   METIS baseline: cut=32314.17, balance=0.6074, time=0.05s
[2025-12-04 08:51:40]   METIS weights: min=800.76, max=1318.27, avg=1085.35, std=98.47
[2025-12-04 08:51:40]   → Quantum vs METIS: cut improvement = -26.50%
[2025-12-04 08:51:40] 
  → Aggregate: cut=40875.97±616.76, balance=0.9135, time=2.05±0.01s

================================================================================
[2025-12-04 08:51:40] [557/900] Testing configuration:
  k_target: 32
  coarsen_limit: 140
  balance_weight: 2.1
  num_reads: 350
================================================================================
[2025-12-04 08:51:42]   Trial 1/3: ✓ cut=40875.52, balance=0.9383, time=2.35s
[2025-12-04 08:51:44]   Trial 2/3: ✓ cut=40785.47, balance=0.9618, time=2.37s
[2025-12-04 08:51:47]   Trial 3/3: ✓ cut=40351.91, balance=0.9382, time=2.36s
[2025-12-04 08:51:47] 
  Running METIS baseline...
[2025-12-04 08:51:47]   METIS baseline: cut=32314.17, balance=0.6074, time=0.13s
[2025-12-04 08:51:47]   METIS weights: min=800.76, max=1318.27, avg=1085.35, std=98.47
[2025-12-04 08:51:47]   → Quantum vs METIS: cut improvement = -25.86%
[2025-12-04 08:51:47] 
  → Aggregate: cut=40670.97±228.58, balance=0.9461, time=2.36±0.01s

================================================================================
[2025-12-04 08:51:47] [558/900] Testing configuration:
  k_target: 32
  coarsen_limit: 140
  balance_weight: 2.1
  num_reads: 400
================================================================================
[2025-12-04 08:51:50]   Trial 1/3: ✓ cut=40200.52, balance=0.9785, time=2.69s
[2025-12-04 08:51:52]   Trial 2/3: ✓ cut=39598.35, balance=0.9281, time=2.67s
[2025-12-04 08:51:55]   Trial 3/3: ✓ cut=40090.97, balance=0.9815, time=2.70s
[2025-12-04 08:51:55] 
  Running METIS baseline...
[2025-12-04 08:51:55]   METIS baseline: cut=32314.17, balance=0.6074, time=0.05s
[2025-12-04 08:51:55]   METIS weights: min=800.76, max=1318.27, avg=1085.35, std=98.47
[2025-12-04 08:51:55]   → Quantum vs METIS: cut improvement = -23.67%
[2025-12-04 08:51:55] 
  → Aggregate: cut=39963.28±261.89, balance=0.9627, time=2.69±0.01s

================================================================================
[2025-12-04 08:51:55] [559/900] Testing configuration:
  k_target: 32
  coarsen_limit: 140
  balance_weight: 2.1
  num_reads: 450
================================================================================
[2025-12-04 08:51:58]   Trial 1/3: ✓ cut=40137.09, balance=0.9655, time=2.99s
[2025-12-04 08:52:01]   Trial 2/3: ✓ cut=39679.36, balance=0.8789, time=3.04s
[2025-12-04 08:52:04]   Trial 3/3: ✓ cut=39815.42, balance=0.9671, time=3.20s
[2025-12-04 08:52:04] 
  Running METIS baseline...
[2025-12-04 08:52:04]   METIS baseline: cut=32314.17, balance=0.6074, time=0.06s
[2025-12-04 08:52:04]   METIS weights: min=800.76, max=1318.27, avg=1085.35, std=98.47
[2025-12-04 08:52:04]   → Quantum vs METIS: cut improvement = -23.40%
[2025-12-04 08:52:04] 
  → Aggregate: cut=39877.29±191.92, balance=0.9372, time=3.08±0.09s

================================================================================
[2025-12-04 08:52:04] [560/900] Testing configuration:
  k_target: 32
  coarsen_limit: 140
  balance_weight: 2.1
  num_reads: 500
================================================================================
[2025-12-04 08:52:08]   Trial 1/3: ✓ cut=40457.40, balance=0.9682, time=3.60s
[2025-12-04 08:52:12]   Trial 2/3: ✓ cut=40425.05, balance=0.9169, time=3.50s
[2025-12-04 08:52:15]   Trial 3/3: ✓ cut=40321.56, balance=0.9241, time=3.35s
[2025-12-04 08:52:15] 
  Running METIS baseline...
[2025-12-04 08:52:15]   METIS baseline: cut=32314.17, balance=0.6074, time=0.05s
[2025-12-04 08:52:15]   METIS weights: min=800.76, max=1318.27, avg=1085.35, std=98.47
[2025-12-04 08:52:15]   → Quantum vs METIS: cut improvement = -25.03%
[2025-12-04 08:52:15] 
  → Aggregate: cut=40401.34±57.94, balance=0.9364, time=3.48±0.11s

================================================================================
[2025-12-04 08:52:15] [561/900] Testing configuration:
  k_target: 32
  coarsen_limit: 140
  balance_weight: 2.3
  num_reads: 50
================================================================================
[2025-12-04 08:52:15]   Trial 1/3: ✓ cut=41507.25, balance=0.9491, time=0.45s
[2025-12-04 08:52:16]   Trial 2/3: ✓ cut=41401.29, balance=0.8915, time=0.45s
[2025-12-04 08:52:16]   Trial 3/3: ✓ cut=41994.65, balance=0.9157, time=0.45s
[2025-12-04 08:52:16] 
  Running METIS baseline...
[2025-12-04 08:52:16]   METIS baseline: cut=32314.17, balance=0.6074, time=0.05s
[2025-12-04 08:52:16]   METIS weights: min=800.76, max=1318.27, avg=1085.35, std=98.47
[2025-12-04 08:52:16]   → Quantum vs METIS: cut improvement = -28.84%
[2025-12-04 08:52:16] 
  → Aggregate: cut=41634.40±258.38, balance=0.9188, time=0.45±0.00s

================================================================================
[2025-12-04 08:52:16] [562/900] Testing configuration:
  k_target: 32
  coarsen_limit: 140
  balance_weight: 2.3
  num_reads: 100
================================================================================
[2025-12-04 08:52:17]   Trial 1/3: ✓ cut=40701.21, balance=0.9460, time=0.84s
[2025-12-04 08:52:18]   Trial 2/3: ✓ cut=41314.16, balance=0.9402, time=0.77s
[2025-12-04 08:52:19]   Trial 3/3: ✓ cut=41367.84, balance=0.9641, time=0.78s
[2025-12-04 08:52:19] 
  Running METIS baseline...
[2025-12-04 08:52:19]   METIS baseline: cut=32314.17, balance=0.6074, time=0.05s
[2025-12-04 08:52:19]   METIS weights: min=800.76, max=1318.27, avg=1085.35, std=98.47
[2025-12-04 08:52:19]   → Quantum vs METIS: cut improvement = -27.27%
[2025-12-04 08:52:19] 
  → Aggregate: cut=41127.74±302.40, balance=0.9501, time=0.80±0.03s

================================================================================
[2025-12-04 08:52:19] [563/900] Testing configuration:
  k_target: 32
  coarsen_limit: 140
  balance_weight: 2.3
  num_reads: 150
================================================================================
[2025-12-04 08:52:20]   Trial 1/3: ✓ cut=41604.37, balance=0.9447, time=1.08s
[2025-12-04 08:52:21]   Trial 2/3: ✓ cut=41145.94, balance=0.9173, time=1.09s
[2025-12-04 08:52:22]   Trial 3/3: ✓ cut=40956.01, balance=0.8977, time=1.09s
[2025-12-04 08:52:22] 
  Running METIS baseline...
[2025-12-04 08:52:22]   METIS baseline: cut=32314.17, balance=0.6074, time=0.05s
[2025-12-04 08:52:22]   METIS weights: min=800.76, max=1318.27, avg=1085.35, std=98.47
[2025-12-04 08:52:22]   → Quantum vs METIS: cut improvement = -27.61%
[2025-12-04 08:52:22] 
  → Aggregate: cut=41235.44±272.15, balance=0.9199, time=1.09±0.00s

================================================================================
[2025-12-04 08:52:22] [564/900] Testing configuration:
  k_target: 32
  coarsen_limit: 140
  balance_weight: 2.3
  num_reads: 200
================================================================================
[2025-12-04 08:52:24]   Trial 1/3: ✓ cut=40773.23, balance=0.9015, time=1.42s
[2025-12-04 08:52:25]   Trial 2/3: ✓ cut=40836.51, balance=0.8815, time=1.44s
[2025-12-04 08:52:27]   Trial 3/3: ✓ cut=40738.56, balance=0.9418, time=1.42s
[2025-12-04 08:52:27] 
  Running METIS baseline...
[2025-12-04 08:52:27]   METIS baseline: cut=32314.17, balance=0.6074, time=0.05s
[2025-12-04 08:52:27]   METIS weights: min=800.76, max=1318.27, avg=1085.35, std=98.47
[2025-12-04 08:52:27]   → Quantum vs METIS: cut improvement = -26.21%
[2025-12-04 08:52:27] 
  → Aggregate: cut=40782.77±40.55, balance=0.9083, time=1.43±0.01s

================================================================================
[2025-12-04 08:52:27] [565/900] Testing configuration:
  k_target: 32
  coarsen_limit: 140
  balance_weight: 2.3
  num_reads: 250
================================================================================
[2025-12-04 08:52:28]   Trial 1/3: ✓ cut=41416.79, balance=0.8893, time=1.73s
[2025-12-04 08:52:30]   Trial 2/3: ✓ cut=40259.18, balance=0.9357, time=1.73s
[2025-12-04 08:52:32]   Trial 3/3: ✓ cut=40883.77, balance=0.9624, time=1.72s
[2025-12-04 08:52:32] 
  Running METIS baseline...
[2025-12-04 08:52:32]   METIS baseline: cut=32314.17, balance=0.6074, time=0.05s
[2025-12-04 08:52:32]   METIS weights: min=800.76, max=1318.27, avg=1085.35, std=98.47
[2025-12-04 08:52:32]   → Quantum vs METIS: cut improvement = -26.43%
[2025-12-04 08:52:32] 
  → Aggregate: cut=40853.25±473.08, balance=0.9291, time=1.73±0.01s

================================================================================
[2025-12-04 08:52:32] [566/900] Testing configuration:
  k_target: 32
  coarsen_limit: 140
  balance_weight: 2.3
  num_reads: 300
================================================================================
[2025-12-04 08:52:34]   Trial 1/3: ✓ cut=40651.22, balance=0.9133, time=2.05s
[2025-12-04 08:52:36]   Trial 2/3: ✓ cut=40769.56, balance=0.9766, time=2.06s
[2025-12-04 08:52:38]   Trial 3/3: ✓ cut=40739.09, balance=0.9398, time=2.15s
[2025-12-04 08:52:38] 
  Running METIS baseline...
[2025-12-04 08:52:38]   METIS baseline: cut=32314.17, balance=0.6074, time=0.05s
[2025-12-04 08:52:38]   METIS weights: min=800.76, max=1318.27, avg=1085.35, std=98.47
[2025-12-04 08:52:38]   → Quantum vs METIS: cut improvement = -26.01%
[2025-12-04 08:52:38] 
  → Aggregate: cut=40719.96±50.17, balance=0.9432, time=2.08±0.05s

================================================================================
[2025-12-04 08:52:38] [567/900] Testing configuration:
  k_target: 32
  coarsen_limit: 140
  balance_weight: 2.3
  num_reads: 350
================================================================================
[2025-12-04 08:52:41]   Trial 1/3: ✓ cut=41123.17, balance=0.8896, time=2.39s
[2025-12-04 08:52:43]   Trial 2/3: ✓ cut=39846.18, balance=0.9567, time=2.36s
[2025-12-04 08:52:46]   Trial 3/3: ✓ cut=40587.91, balance=0.9615, time=2.39s
[2025-12-04 08:52:46] 
  Running METIS baseline...
[2025-12-04 08:52:46]   METIS baseline: cut=32314.17, balance=0.6074, time=0.05s
[2025-12-04 08:52:46]   METIS weights: min=800.76, max=1318.27, avg=1085.35, std=98.47
[2025-12-04 08:52:46]   → Quantum vs METIS: cut improvement = -25.39%
[2025-12-04 08:52:46] 
  → Aggregate: cut=40519.09±523.59, balance=0.9359, time=2.38±0.02s

================================================================================
[2025-12-04 08:52:46] [568/900] Testing configuration:
  k_target: 32
  coarsen_limit: 140
  balance_weight: 2.3
  num_reads: 400
================================================================================
[2025-12-04 08:52:48]   Trial 1/3: ✓ cut=41245.10, balance=0.9285, time=2.72s
[2025-12-04 08:52:51]   Trial 2/3: ✓ cut=40630.92, balance=0.9431, time=2.69s
[2025-12-04 08:52:54]   Trial 3/3: ✓ cut=41201.03, balance=0.9803, time=2.71s
[2025-12-04 08:52:54] 
  Running METIS baseline...
[2025-12-04 08:52:54]   METIS baseline: cut=32314.17, balance=0.6074, time=0.05s
[2025-12-04 08:52:54]   METIS weights: min=800.76, max=1318.27, avg=1085.35, std=98.47
[2025-12-04 08:52:54]   → Quantum vs METIS: cut improvement = -26.96%
[2025-12-04 08:52:54] 
  → Aggregate: cut=41025.68±279.72, balance=0.9506, time=2.71±0.01s

================================================================================
[2025-12-04 08:52:54] [569/900] Testing configuration:
  k_target: 32
  coarsen_limit: 140
  balance_weight: 2.3
  num_reads: 450
================================================================================
[2025-12-04 08:52:57]   Trial 1/3: ✓ cut=40646.33, balance=0.9368, time=3.05s
[2025-12-04 08:53:00]   Trial 2/3: ✓ cut=40471.55, balance=0.9061, time=3.02s
[2025-12-04 08:53:03]   Trial 3/3: ✓ cut=40806.84, balance=0.8888, time=3.19s
[2025-12-04 08:53:03] 
  Running METIS baseline...
[2025-12-04 08:53:03]   METIS baseline: cut=32314.17, balance=0.6074, time=0.05s
[2025-12-04 08:53:03]   METIS weights: min=800.76, max=1318.27, avg=1085.35, std=98.47
[2025-12-04 08:53:03]   → Quantum vs METIS: cut improvement = -25.77%
[2025-12-04 08:53:03] 
  → Aggregate: cut=40641.57±136.92, balance=0.9106, time=3.08±0.08s

================================================================================
[2025-12-04 08:53:03] [570/900] Testing configuration:
  k_target: 32
  coarsen_limit: 140
  balance_weight: 2.3
  num_reads: 500
================================================================================
[2025-12-04 08:53:07]   Trial 1/3: ✓ cut=39983.34, balance=0.9585, time=3.57s
[2025-12-04 08:53:10]   Trial 2/3: ✓ cut=39878.49, balance=0.9194, time=3.39s
[2025-12-04 08:53:14]   Trial 3/3: ✓ cut=40868.62, balance=0.9090, time=3.44s
[2025-12-04 08:53:14] 
  Running METIS baseline...
[2025-12-04 08:53:14]   METIS baseline: cut=32314.17, balance=0.6074, time=0.13s
[2025-12-04 08:53:14]   METIS weights: min=800.76, max=1318.27, avg=1085.35, std=98.47
[2025-12-04 08:53:14]   → Quantum vs METIS: cut improvement = -24.54%
[2025-12-04 08:53:14] 
  → Aggregate: cut=40243.48±444.11, balance=0.9290, time=3.47±0.08s

================================================================================
[2025-12-04 08:53:14] [571/900] Testing configuration:
  k_target: 32
  coarsen_limit: 140
  balance_weight: 2.5
  num_reads: 50
================================================================================
[2025-12-04 08:53:14]   Trial 1/3: ✓ cut=41490.17, balance=0.8880, time=0.46s
[2025-12-04 08:53:15]   Trial 2/3: ✓ cut=41502.03, balance=0.9742, time=0.46s
[2025-12-04 08:53:15]   Trial 3/3: ✓ cut=41469.83, balance=0.8945, time=0.46s
[2025-12-04 08:53:15] 
  Running METIS baseline...
[2025-12-04 08:53:15]   METIS baseline: cut=32314.17, balance=0.6074, time=0.05s
[2025-12-04 08:53:15]   METIS weights: min=800.76, max=1318.27, avg=1085.35, std=98.47
[2025-12-04 08:53:15]   → Quantum vs METIS: cut improvement = -28.39%
[2025-12-04 08:53:15] 
  → Aggregate: cut=41487.34±13.30, balance=0.9189, time=0.46±0.00s

================================================================================
[2025-12-04 08:53:15] [572/900] Testing configuration:
  k_target: 32
  coarsen_limit: 140
  balance_weight: 2.5
  num_reads: 100
================================================================================
[2025-12-04 08:53:16]   Trial 1/3: ✓ cut=41623.00, balance=0.9565, time=0.76s
[2025-12-04 08:53:17]   Trial 2/3: ✓ cut=41380.61, balance=0.9293, time=0.77s
[2025-12-04 08:53:18]   Trial 3/3: ✓ cut=41502.23, balance=0.9221, time=0.77s
[2025-12-04 08:53:18] 
  Running METIS baseline...
[2025-12-04 08:53:18]   METIS baseline: cut=32314.17, balance=0.6074, time=0.05s
[2025-12-04 08:53:18]   METIS weights: min=800.76, max=1318.27, avg=1085.35, std=98.47
[2025-12-04 08:53:18]   → Quantum vs METIS: cut improvement = -28.43%
[2025-12-04 08:53:18] 
  → Aggregate: cut=41501.95±98.95, balance=0.9360, time=0.77±0.00s

================================================================================
[2025-12-04 08:53:18] [573/900] Testing configuration:
  k_target: 32
  coarsen_limit: 140
  balance_weight: 2.5
  num_reads: 150
================================================================================
[2025-12-04 08:53:19]   Trial 1/3: ✓ cut=40241.44, balance=0.9497, time=1.10s
[2025-12-04 08:53:20]   Trial 2/3: ✓ cut=40765.23, balance=0.9810, time=1.09s
[2025-12-04 08:53:21]   Trial 3/3: ✓ cut=40923.61, balance=0.8811, time=1.09s
[2025-12-04 08:53:21] 
  Running METIS baseline...
[2025-12-04 08:53:21]   METIS baseline: cut=32314.17, balance=0.6074, time=0.05s
[2025-12-04 08:53:21]   METIS weights: min=800.76, max=1318.27, avg=1085.35, std=98.47
[2025-12-04 08:53:21]   → Quantum vs METIS: cut improvement = -25.78%
[2025-12-04 08:53:21] 
  → Aggregate: cut=40643.43±291.51, balance=0.9372, time=1.09±0.00s

================================================================================
[2025-12-04 08:53:21] [574/900] Testing configuration:
  k_target: 32
  coarsen_limit: 140
  balance_weight: 2.5
  num_reads: 200
================================================================================
[2025-12-04 08:53:22]   Trial 1/3: ✓ cut=41139.34, balance=0.9040, time=1.40s
[2025-12-04 08:53:24]   Trial 2/3: ✓ cut=39870.20, balance=0.9426, time=1.43s
[2025-12-04 08:53:25]   Trial 3/3: ✓ cut=41187.96, balance=0.9194, time=1.43s
[2025-12-04 08:53:25] 
  Running METIS baseline...
[2025-12-04 08:53:25]   METIS baseline: cut=32314.17, balance=0.6074, time=0.05s
[2025-12-04 08:53:25]   METIS weights: min=800.76, max=1318.27, avg=1085.35, std=98.47
[2025-12-04 08:53:25]   → Quantum vs METIS: cut improvement = -26.05%
[2025-12-04 08:53:25] 
  → Aggregate: cut=40732.50±610.06, balance=0.9220, time=1.42±0.02s

================================================================================
[2025-12-04 08:53:25] [575/900] Testing configuration:
  k_target: 32
  coarsen_limit: 140
  balance_weight: 2.5
  num_reads: 250
================================================================================
[2025-12-04 08:53:27]   Trial 1/3: ✓ cut=40794.20, balance=0.8369, time=1.82s
[2025-12-04 08:53:29]   Trial 2/3: ✓ cut=40761.47, balance=0.9621, time=1.73s
[2025-12-04 08:53:31]   Trial 3/3: ✓ cut=41054.70, balance=0.9486, time=1.73s
[2025-12-04 08:53:31] 
  Running METIS baseline...
[2025-12-04 08:53:31]   METIS baseline: cut=32314.17, balance=0.6074, time=0.05s
[2025-12-04 08:53:31]   METIS weights: min=800.76, max=1318.27, avg=1085.35, std=98.47
[2025-12-04 08:53:31]   → Quantum vs METIS: cut improvement = -26.48%
[2025-12-04 08:53:31] 
  → Aggregate: cut=40870.12±131.20, balance=0.9159, time=1.76±0.04s

================================================================================
[2025-12-04 08:53:31] [576/900] Testing configuration:
  k_target: 32
  coarsen_limit: 140
  balance_weight: 2.5
  num_reads: 300
================================================================================
[2025-12-04 08:53:33]   Trial 1/3: ✓ cut=40809.00, balance=0.9410, time=2.05s
[2025-12-04 08:53:35]   Trial 2/3: ✓ cut=41062.01, balance=0.9817, time=2.08s
[2025-12-04 08:53:37]   Trial 3/3: ✓ cut=40091.46, balance=0.8721, time=2.07s
[2025-12-04 08:53:37] 
  Running METIS baseline...
[2025-12-04 08:53:37]   METIS baseline: cut=32314.17, balance=0.6074, time=0.05s
[2025-12-04 08:53:37]   METIS weights: min=800.76, max=1318.27, avg=1085.35, std=98.47
[2025-12-04 08:53:37]   → Quantum vs METIS: cut improvement = -25.81%
[2025-12-04 08:53:37] 
  → Aggregate: cut=40654.16±411.07, balance=0.9316, time=2.06±0.01s

================================================================================
[2025-12-04 08:53:37] [577/900] Testing configuration:
  k_target: 32
  coarsen_limit: 140
  balance_weight: 2.5
  num_reads: 350
================================================================================
[2025-12-04 08:53:39]   Trial 1/3: ✓ cut=41134.44, balance=0.9437, time=2.38s
[2025-12-04 08:53:42]   Trial 2/3: ✓ cut=40809.32, balance=0.9564, time=2.38s
[2025-12-04 08:53:44]   Trial 3/3: ✓ cut=40398.30, balance=0.9773, time=2.36s
[2025-12-04 08:53:44] 
  Running METIS baseline...
[2025-12-04 08:53:44]   METIS baseline: cut=32314.17, balance=0.6074, time=0.05s
[2025-12-04 08:53:44]   METIS weights: min=800.76, max=1318.27, avg=1085.35, std=98.47
[2025-12-04 08:53:44]   → Quantum vs METIS: cut improvement = -26.20%
[2025-12-04 08:53:44] 
  → Aggregate: cut=40780.68±301.21, balance=0.9591, time=2.37±0.01s

================================================================================
[2025-12-04 08:53:44] [578/900] Testing configuration:
  k_target: 32
  coarsen_limit: 140
  balance_weight: 2.5
  num_reads: 400
================================================================================
[2025-12-04 08:53:47]   Trial 1/3: ✓ cut=40050.89, balance=0.9514, time=2.70s
[2025-12-04 08:53:50]   Trial 2/3: ✓ cut=40888.94, balance=0.9638, time=2.69s
[2025-12-04 08:53:52]   Trial 3/3: ✓ cut=40664.29, balance=0.9292, time=2.71s
[2025-12-04 08:53:52] 
  Running METIS baseline...
[2025-12-04 08:53:52]   METIS baseline: cut=32314.17, balance=0.6074, time=0.05s
[2025-12-04 08:53:52]   METIS weights: min=800.76, max=1318.27, avg=1085.35, std=98.47
[2025-12-04 08:53:52]   → Quantum vs METIS: cut improvement = -25.44%
[2025-12-04 08:53:52] 
  → Aggregate: cut=40534.71±354.19, balance=0.9481, time=2.70±0.01s

================================================================================
[2025-12-04 08:53:53] [579/900] Testing configuration:
  k_target: 32
  coarsen_limit: 140
  balance_weight: 2.5
  num_reads: 450
================================================================================
[2025-12-04 08:53:56]   Trial 1/3: ✓ cut=41404.26, balance=0.9741, time=3.06s
[2025-12-04 08:53:59]   Trial 2/3: ✓ cut=40299.51, balance=0.9626, time=3.10s
[2025-12-04 08:54:02]   Trial 3/3: ✓ cut=39756.04, balance=0.9749, time=3.08s
[2025-12-04 08:54:02] 
  Running METIS baseline...
[2025-12-04 08:54:02]   METIS baseline: cut=32314.17, balance=0.6074, time=0.06s
[2025-12-04 08:54:02]   METIS weights: min=800.76, max=1318.27, avg=1085.35, std=98.47
[2025-12-04 08:54:02]   → Quantum vs METIS: cut improvement = -25.29%
[2025-12-04 08:54:02] 
  → Aggregate: cut=40486.60±685.76, balance=0.9705, time=3.08±0.01s

================================================================================
[2025-12-04 08:54:02] [580/900] Testing configuration:
  k_target: 32
  coarsen_limit: 140
  balance_weight: 2.5
  num_reads: 500
================================================================================
[2025-12-04 08:54:06]   Trial 1/3: ✓ cut=40494.15, balance=0.9154, time=3.61s
[2025-12-04 08:54:09]   Trial 2/3: ✓ cut=40242.29, balance=0.9290, time=3.45s
[2025-12-04 08:54:12]   Trial 3/3: ✓ cut=40272.01, balance=0.9247, time=3.52s
[2025-12-04 08:54:12] 
  Running METIS baseline...
[2025-12-04 08:54:13]   METIS baseline: cut=32314.17, balance=0.6074, time=0.05s
[2025-12-04 08:54:13]   METIS weights: min=800.76, max=1318.27, avg=1085.35, std=98.47
[2025-12-04 08:54:13]   → Quantum vs METIS: cut improvement = -24.82%
[2025-12-04 08:54:13] 
  → Aggregate: cut=40336.15±112.38, balance=0.9230, time=3.53±0.07s

================================================================================
[2025-12-04 08:54:13] [581/900] Testing configuration:
  k_target: 32
  coarsen_limit: 140
  balance_weight: 2.7
  num_reads: 50
================================================================================
[2025-12-04 08:54:13]   Trial 1/3: ✓ cut=40981.92, balance=0.9705, time=0.46s
[2025-12-04 08:54:14]   Trial 2/3: ✓ cut=41751.12, balance=0.9733, time=0.45s
[2025-12-04 08:54:14]   Trial 3/3: ✓ cut=41484.87, balance=0.9583, time=0.46s
[2025-12-04 08:54:14] 
  Running METIS baseline...
[2025-12-04 08:54:14]   METIS baseline: cut=32314.17, balance=0.6074, time=0.05s
[2025-12-04 08:54:14]   METIS weights: min=800.76, max=1318.27, avg=1085.35, std=98.47
[2025-12-04 08:54:14]   → Quantum vs METIS: cut improvement = -28.14%
[2025-12-04 08:54:14] 
  → Aggregate: cut=41405.97±318.94, balance=0.9674, time=0.46±0.01s

================================================================================
[2025-12-04 08:54:14] [582/900] Testing configuration:
  k_target: 32
  coarsen_limit: 140
  balance_weight: 2.7
  num_reads: 100
================================================================================
[2025-12-04 08:54:15]   Trial 1/3: ✓ cut=41402.22, balance=0.9686, time=0.79s
[2025-12-04 08:54:16]   Trial 2/3: ✓ cut=41429.30, balance=0.8603, time=0.77s
[2025-12-04 08:54:16]   Trial 3/3: ✓ cut=40835.46, balance=0.9272, time=0.77s
[2025-12-04 08:54:16] 
  Running METIS baseline...
[2025-12-04 08:54:16]   METIS baseline: cut=32314.17, balance=0.6074, time=0.05s
[2025-12-04 08:54:16]   METIS weights: min=800.76, max=1318.27, avg=1085.35, std=98.47
[2025-12-04 08:54:16]   → Quantum vs METIS: cut improvement = -27.57%
[2025-12-04 08:54:16] 
  → Aggregate: cut=41222.32±273.78, balance=0.9187, time=0.78±0.01s

================================================================================
[2025-12-04 08:54:16] [583/900] Testing configuration:
  k_target: 32
  coarsen_limit: 140
  balance_weight: 2.7
  num_reads: 150
================================================================================
[2025-12-04 08:54:18]   Trial 1/3: ✓ cut=40810.97, balance=0.8987, time=1.08s
[2025-12-04 08:54:19]   Trial 2/3: ✓ cut=40751.87, balance=0.9602, time=1.09s
[2025-12-04 08:54:20]   Trial 3/3: ✓ cut=40735.48, balance=0.9699, time=1.17s
[2025-12-04 08:54:20] 
  Running METIS baseline...
[2025-12-04 08:54:20]   METIS baseline: cut=32314.17, balance=0.6074, time=0.05s
[2025-12-04 08:54:20]   METIS weights: min=800.76, max=1318.27, avg=1085.35, std=98.47
[2025-12-04 08:54:20]   → Quantum vs METIS: cut improvement = -26.16%
[2025-12-04 08:54:20] 
  → Aggregate: cut=40766.11±32.42, balance=0.9429, time=1.11±0.04s

================================================================================
[2025-12-04 08:54:20] [584/900] Testing configuration:
  k_target: 32
  coarsen_limit: 140
  balance_weight: 2.7
  num_reads: 200
================================================================================
[2025-12-04 08:54:21]   Trial 1/3: ✓ cut=40758.70, balance=0.9145, time=1.40s
[2025-12-04 08:54:23]   Trial 2/3: ✓ cut=41043.02, balance=0.9764, time=1.42s
[2025-12-04 08:54:24]   Trial 3/3: ✓ cut=41184.29, balance=0.9701, time=1.40s
[2025-12-04 08:54:24] 
  Running METIS baseline...
[2025-12-04 08:54:24]   METIS baseline: cut=32314.17, balance=0.6074, time=0.06s
[2025-12-04 08:54:24]   METIS weights: min=800.76, max=1318.27, avg=1085.35, std=98.47
[2025-12-04 08:54:24]   → Quantum vs METIS: cut improvement = -26.86%
[2025-12-04 08:54:24] 
  → Aggregate: cut=40995.34±176.99, balance=0.9537, time=1.40±0.01s

================================================================================
[2025-12-04 08:54:24] [585/900] Testing configuration:
  k_target: 32
  coarsen_limit: 140
  balance_weight: 2.7
  num_reads: 250
================================================================================
[2025-12-04 08:54:26]   Trial 1/3: ✓ cut=40558.43, balance=0.8754, time=1.76s
[2025-12-04 08:54:28]   Trial 2/3: ✓ cut=41317.00, balance=0.9775, time=1.72s
[2025-12-04 08:54:29]   Trial 3/3: ✓ cut=40705.10, balance=0.9346, time=1.73s
[2025-12-04 08:54:29] 
  Running METIS baseline...
[2025-12-04 08:54:30]   METIS baseline: cut=32314.17, balance=0.6074, time=0.05s
[2025-12-04 08:54:30]   METIS weights: min=800.76, max=1318.27, avg=1085.35, std=98.47
[2025-12-04 08:54:30]   → Quantum vs METIS: cut improvement = -26.45%
[2025-12-04 08:54:30] 
  → Aggregate: cut=40860.18±328.52, balance=0.9292, time=1.73±0.02s

================================================================================
[2025-12-04 08:54:30] [586/900] Testing configuration:
  k_target: 32
  coarsen_limit: 140
  balance_weight: 2.7
  num_reads: 300
================================================================================
[2025-12-04 08:54:32]   Trial 1/3: ✓ cut=40025.39, balance=0.9266, time=2.04s
[2025-12-04 08:54:34]   Trial 2/3: ✓ cut=40632.29, balance=0.9747, time=2.05s
[2025-12-04 08:54:36]   Trial 3/3: ✓ cut=40678.05, balance=0.9623, time=2.07s
[2025-12-04 08:54:36] 
  Running METIS baseline...
[2025-12-04 08:54:36]   METIS baseline: cut=32314.17, balance=0.6074, time=0.05s
[2025-12-04 08:54:36]   METIS weights: min=800.76, max=1318.27, avg=1085.35, std=98.47
[2025-12-04 08:54:36]   → Quantum vs METIS: cut improvement = -25.16%
[2025-12-04 08:54:36] 
  → Aggregate: cut=40445.25±297.47, balance=0.9545, time=2.05±0.02s

================================================================================
[2025-12-04 08:54:36] [587/900] Testing configuration:
  k_target: 32
  coarsen_limit: 140
  balance_weight: 2.7
  num_reads: 350
================================================================================
[2025-12-04 08:54:38]   Trial 1/3: ✓ cut=40664.68, balance=0.9567, time=2.35s
[2025-12-04 08:54:41]   Trial 2/3: ✓ cut=40356.03, balance=0.9293, time=2.37s
[2025-12-04 08:54:43]   Trial 3/3: ✓ cut=40373.87, balance=0.9437, time=2.36s
[2025-12-04 08:54:43] 
  Running METIS baseline...
[2025-12-04 08:54:43]   METIS baseline: cut=32314.17, balance=0.6074, time=0.05s
[2025-12-04 08:54:43]   METIS weights: min=800.76, max=1318.27, avg=1085.35, std=98.47
[2025-12-04 08:54:43]   → Quantum vs METIS: cut improvement = -25.22%
[2025-12-04 08:54:43] 
  → Aggregate: cut=40464.86±141.48, balance=0.9432, time=2.36±0.01s

================================================================================
[2025-12-04 08:54:43] [588/900] Testing configuration:
  k_target: 32
  coarsen_limit: 140
  balance_weight: 2.7
  num_reads: 400
================================================================================
[2025-12-04 08:54:46]   Trial 1/3: ✓ cut=40844.35, balance=0.9049, time=2.79s
[2025-12-04 08:54:49]   Trial 2/3: ✓ cut=41210.54, balance=0.9710, time=2.67s
[2025-12-04 08:54:51]   Trial 3/3: ✓ cut=40755.30, balance=0.9723, time=2.70s
[2025-12-04 08:54:51] 
  Running METIS baseline...
[2025-12-04 08:54:51]   METIS baseline: cut=32314.17, balance=0.6074, time=0.05s
[2025-12-04 08:54:51]   METIS weights: min=800.76, max=1318.27, avg=1085.35, std=98.47
[2025-12-04 08:54:51]   → Quantum vs METIS: cut improvement = -26.68%
[2025-12-04 08:54:51] 
  → Aggregate: cut=40936.73±197.00, balance=0.9494, time=2.72±0.05s

================================================================================
[2025-12-04 08:54:51] [589/900] Testing configuration:
  k_target: 32
  coarsen_limit: 140
  balance_weight: 2.7
  num_reads: 450
================================================================================
[2025-12-04 08:54:54]   Trial 1/3: ✓ cut=40259.16, balance=0.9198, time=3.01s
[2025-12-04 08:54:57]   Trial 2/3: ✓ cut=41012.34, balance=0.9127, time=3.02s
[2025-12-04 08:55:00]   Trial 3/3: ✓ cut=41249.62, balance=0.9585, time=2.99s
[2025-12-04 08:55:00] 
  Running METIS baseline...
[2025-12-04 08:55:00]   METIS baseline: cut=32314.17, balance=0.6074, time=0.05s
[2025-12-04 08:55:00]   METIS weights: min=800.76, max=1318.27, avg=1085.35, std=98.47
[2025-12-04 08:55:00]   → Quantum vs METIS: cut improvement = -26.39%
[2025-12-04 08:55:00] 
  → Aggregate: cut=40840.37±422.24, balance=0.9303, time=3.01±0.02s

================================================================================
[2025-12-04 08:55:00] [590/900] Testing configuration:
  k_target: 32
  coarsen_limit: 140
  balance_weight: 2.7
  num_reads: 500
================================================================================
[2025-12-04 08:55:04]   Trial 1/3: ✓ cut=40433.93, balance=0.9468, time=3.50s
[2025-12-04 08:55:08]   Trial 2/3: ✓ cut=40103.32, balance=0.9481, time=3.56s
[2025-12-04 08:55:11]   Trial 3/3: ✓ cut=40143.94, balance=0.9577, time=3.56s
[2025-12-04 08:55:11] 
  Running METIS baseline...
[2025-12-04 08:55:11]   METIS baseline: cut=32314.17, balance=0.6074, time=0.05s
[2025-12-04 08:55:11]   METIS weights: min=800.76, max=1318.27, avg=1085.35, std=98.47
[2025-12-04 08:55:11]   → Quantum vs METIS: cut improvement = -24.49%
[2025-12-04 08:55:11] 
  → Aggregate: cut=40227.06±147.21, balance=0.9509, time=3.54±0.03s

================================================================================
[2025-12-04 08:55:11] [591/900] Testing configuration:
  k_target: 32
  coarsen_limit: 140
  balance_weight: 2.9
  num_reads: 50
================================================================================
[2025-12-04 08:55:12]   Trial 1/3: ✓ cut=41551.92, balance=0.9723, time=0.47s
[2025-12-04 08:55:12]   Trial 2/3: ✓ cut=40870.18, balance=0.8744, time=0.45s
[2025-12-04 08:55:13]   Trial 3/3: ✓ cut=42525.07, balance=0.9557, time=0.45s
[2025-12-04 08:55:13] 
  Running METIS baseline...
[2025-12-04 08:55:13]   METIS baseline: cut=32314.17, balance=0.6074, time=0.05s
[2025-12-04 08:55:13]   METIS weights: min=800.76, max=1318.27, avg=1085.35, std=98.47
[2025-12-04 08:55:13]   → Quantum vs METIS: cut improvement = -28.89%
[2025-12-04 08:55:13] 
  → Aggregate: cut=41649.06±679.09, balance=0.9341, time=0.45±0.01s

================================================================================
[2025-12-04 08:55:13] [592/900] Testing configuration:
  k_target: 32
  coarsen_limit: 140
  balance_weight: 2.9
  num_reads: 100
================================================================================
[2025-12-04 08:55:13]   Trial 1/3: ✓ cut=41728.45, balance=0.9432, time=0.77s
[2025-12-04 08:55:14]   Trial 2/3: ✓ cut=41622.94, balance=0.9760, time=0.86s
[2025-12-04 08:55:15]   Trial 3/3: ✓ cut=40867.95, balance=0.9755, time=0.79s
[2025-12-04 08:55:15] 
  Running METIS baseline...
[2025-12-04 08:55:15]   METIS baseline: cut=32314.17, balance=0.6074, time=0.05s
[2025-12-04 08:55:15]   METIS weights: min=800.76, max=1318.27, avg=1085.35, std=98.47
[2025-12-04 08:55:15]   → Quantum vs METIS: cut improvement = -28.14%
[2025-12-04 08:55:15] 
  → Aggregate: cut=41406.44±383.20, balance=0.9649, time=0.81±0.04s

================================================================================
[2025-12-04 08:55:15] [593/900] Testing configuration:
  k_target: 32
  coarsen_limit: 140
  balance_weight: 2.9
  num_reads: 150
================================================================================
[2025-12-04 08:55:16]   Trial 1/3: ✓ cut=41523.48, balance=0.9783, time=1.08s
[2025-12-04 08:55:17]   Trial 2/3: ✓ cut=40339.67, balance=0.8754, time=1.08s
[2025-12-04 08:55:18]   Trial 3/3: ✓ cut=40944.09, balance=0.9622, time=1.07s
[2025-12-04 08:55:18] 
  Running METIS baseline...
[2025-12-04 08:55:18]   METIS baseline: cut=32314.17, balance=0.6074, time=0.05s
[2025-12-04 08:55:18]   METIS weights: min=800.76, max=1318.27, avg=1085.35, std=98.47
[2025-12-04 08:55:18]   → Quantum vs METIS: cut improvement = -26.68%
[2025-12-04 08:55:18] 
  → Aggregate: cut=40935.75±483.32, balance=0.9386, time=1.08±0.01s

================================================================================
[2025-12-04 08:55:19] [594/900] Testing configuration:
  k_target: 32
  coarsen_limit: 140
  balance_weight: 2.9
  num_reads: 200
================================================================================
[2025-12-04 08:55:20]   Trial 1/3: ✓ cut=41136.07, balance=0.9513, time=1.41s
[2025-12-04 08:55:21]   Trial 2/3: ✓ cut=40742.83, balance=0.9002, time=1.39s
[2025-12-04 08:55:23]   Trial 3/3: ✓ cut=40505.83, balance=0.9295, time=1.40s
[2025-12-04 08:55:23] 
  Running METIS baseline...
[2025-12-04 08:55:23]   METIS baseline: cut=32314.17, balance=0.6074, time=0.05s
[2025-12-04 08:55:23]   METIS weights: min=800.76, max=1318.27, avg=1085.35, std=98.47
[2025-12-04 08:55:23]   → Quantum vs METIS: cut improvement = -26.24%
[2025-12-04 08:55:23] 
  → Aggregate: cut=40794.91±259.92, balance=0.9270, time=1.40±0.01s

================================================================================
[2025-12-04 08:55:23] [595/900] Testing configuration:
  k_target: 32
  coarsen_limit: 140
  balance_weight: 2.9
  num_reads: 250
================================================================================
[2025-12-04 08:55:25]   Trial 1/3: ✓ cut=40853.47, balance=0.9654, time=1.71s
[2025-12-04 08:55:26]   Trial 2/3: ✓ cut=40740.96, balance=0.8999, time=1.74s
[2025-12-04 08:55:28]   Trial 3/3: ✓ cut=40723.27, balance=0.9713, time=1.72s
[2025-12-04 08:55:28] 
  Running METIS baseline...
[2025-12-04 08:55:28]   METIS baseline: cut=32314.17, balance=0.6074, time=0.05s
[2025-12-04 08:55:28]   METIS weights: min=800.76, max=1318.27, avg=1085.35, std=98.47
[2025-12-04 08:55:28]   → Quantum vs METIS: cut improvement = -26.18%
[2025-12-04 08:55:28] 
  → Aggregate: cut=40772.57±57.66, balance=0.9456, time=1.72±0.01s

================================================================================
[2025-12-04 08:55:28] [596/900] Testing configuration:
  k_target: 32
  coarsen_limit: 140
  balance_weight: 2.9
  num_reads: 300
================================================================================
[2025-12-04 08:55:30]   Trial 1/3: ✓ cut=40101.52, balance=0.9619, time=2.03s
[2025-12-04 08:55:32]   Trial 2/3: ✓ cut=40699.06, balance=0.9507, time=2.06s
[2025-12-04 08:55:34]   Trial 3/3: ✓ cut=40347.50, balance=0.9604, time=2.12s
[2025-12-04 08:55:34] 
  Running METIS baseline...
[2025-12-04 08:55:34]   METIS baseline: cut=32314.17, balance=0.6074, time=0.05s
[2025-12-04 08:55:34]   METIS weights: min=800.76, max=1318.27, avg=1085.35, std=98.47
[2025-12-04 08:55:34]   → Quantum vs METIS: cut improvement = -24.97%
[2025-12-04 08:55:34] 
  → Aggregate: cut=40382.69±245.21, balance=0.9577, time=2.07±0.04s

================================================================================
[2025-12-04 08:55:34] [597/900] Testing configuration:
  k_target: 32
  coarsen_limit: 140
  balance_weight: 2.9
  num_reads: 350
================================================================================
[2025-12-04 08:55:37]   Trial 1/3: ✓ cut=40744.73, balance=0.9202, time=2.38s
[2025-12-04 08:55:39]   Trial 2/3: ✓ cut=40498.36, balance=0.9726, time=2.35s
[2025-12-04 08:55:42]   Trial 3/3: ✓ cut=40549.16, balance=0.9261, time=2.34s
[2025-12-04 08:55:42] 
  Running METIS baseline...
[2025-12-04 08:55:42]   METIS baseline: cut=32314.17, balance=0.6074, time=0.05s
[2025-12-04 08:55:42]   METIS weights: min=800.76, max=1318.27, avg=1085.35, std=98.47
[2025-12-04 08:55:42]   → Quantum vs METIS: cut improvement = -25.63%
[2025-12-04 08:55:42] 
  → Aggregate: cut=40597.41±106.21, balance=0.9396, time=2.36±0.02s

================================================================================
[2025-12-04 08:55:42] [598/900] Testing configuration:
  k_target: 32
  coarsen_limit: 140
  balance_weight: 2.9
  num_reads: 400
================================================================================
[2025-12-04 08:55:44]   Trial 1/3: ✓ cut=40269.21, balance=0.9769, time=2.68s
[2025-12-04 08:55:47]   Trial 2/3: ✓ cut=40726.33, balance=0.9457, time=2.71s
[2025-12-04 08:55:50]   Trial 3/3: ✓ cut=40840.29, balance=0.9411, time=2.69s
[2025-12-04 08:55:50] 
  Running METIS baseline...
[2025-12-04 08:55:50]   METIS baseline: cut=32314.17, balance=0.6074, time=0.05s
[2025-12-04 08:55:50]   METIS weights: min=800.76, max=1318.27, avg=1085.35, std=98.47
[2025-12-04 08:55:50]   → Quantum vs METIS: cut improvement = -25.68%
[2025-12-04 08:55:50] 
  → Aggregate: cut=40611.95±246.78, balance=0.9546, time=2.69±0.01s

================================================================================
[2025-12-04 08:55:50] [599/900] Testing configuration:
  k_target: 32
  coarsen_limit: 140
  balance_weight: 2.9
  num_reads: 450
================================================================================
[2025-12-04 08:55:53]   Trial 1/3: ✓ cut=40609.43, balance=0.8313, time=3.00s
[2025-12-04 08:55:56]   Trial 2/3: ✓ cut=39707.50, balance=0.9558, time=3.01s
[2025-12-04 08:55:59]   Trial 3/3: ✓ cut=40126.81, balance=0.9517, time=2.97s
[2025-12-04 08:55:59] 
  Running METIS baseline...
[2025-12-04 08:55:59]   METIS baseline: cut=32314.17, balance=0.6074, time=0.05s
[2025-12-04 08:55:59]   METIS weights: min=800.76, max=1318.27, avg=1085.35, std=98.47
[2025-12-04 08:55:59]   → Quantum vs METIS: cut improvement = -24.24%
[2025-12-04 08:55:59] 
  → Aggregate: cut=40147.91±368.51, balance=0.9129, time=2.99±0.02s

================================================================================
[2025-12-04 08:55:59] [600/900] Testing configuration:
  k_target: 32
  coarsen_limit: 140
  balance_weight: 2.9
  num_reads: 500
================================================================================
[2025-12-04 08:56:02]   Trial 1/3: ✓ cut=40567.07, balance=0.9135, time=3.41s
[2025-12-04 08:56:06]   Trial 2/3: ✓ cut=40809.38, balance=0.8961, time=3.48s
[2025-12-04 08:56:09]   Trial 3/3: ✓ cut=40774.72, balance=0.9803, time=3.38s
[2025-12-04 08:56:09] 
  Running METIS baseline...
[2025-12-04 08:56:09]   METIS baseline: cut=32314.17, balance=0.6074, time=0.06s
[2025-12-04 08:56:09]   METIS weights: min=800.76, max=1318.27, avg=1085.35, std=98.47
[2025-12-04 08:56:09]   → Quantum vs METIS: cut improvement = -26.00%
[2025-12-04 08:56:09] 
  → Aggregate: cut=40717.06±107.00, balance=0.9299, time=3.42±0.04s

================================================================================
[2025-12-04 08:56:09] [601/900] Testing configuration:
  k_target: 32
  coarsen_limit: 170
  balance_weight: 0.1
  num_reads: 50
================================================================================
[2025-12-04 08:56:10]   Trial 1/3: ✓ cut=38870.91, balance=0.9250, time=0.55s
[2025-12-04 08:56:10]   Trial 2/3: ✓ cut=38405.97, balance=0.9248, time=0.46s
[2025-12-04 08:56:11]   Trial 3/3: ✓ cut=38330.92, balance=0.9351, time=0.45s
[2025-12-04 08:56:11] 
  Running METIS baseline...
[2025-12-04 08:56:11]   METIS baseline: cut=32314.17, balance=0.6074, time=0.05s
[2025-12-04 08:56:11]   METIS weights: min=800.76, max=1318.27, avg=1085.35, std=98.47
[2025-12-04 08:56:11]   → Quantum vs METIS: cut improvement = -19.25%
[2025-12-04 08:56:11] 
  → Aggregate: cut=38535.94±238.84, balance=0.9283, time=0.49±0.04s

================================================================================
[2025-12-04 08:56:11] [602/900] Testing configuration:
  k_target: 32
  coarsen_limit: 170
  balance_weight: 0.1
  num_reads: 100
================================================================================
[2025-12-04 08:56:12]   Trial 1/3: ✓ cut=38038.03, balance=0.9108, time=0.77s
[2025-12-04 08:56:12]   Trial 2/3: ✓ cut=38872.60, balance=0.9114, time=0.79s
[2025-12-04 08:56:13]   Trial 3/3: ✓ cut=38607.37, balance=0.9232, time=0.78s
[2025-12-04 08:56:13] 
  Running METIS baseline...
[2025-12-04 08:56:13]   METIS baseline: cut=32314.17, balance=0.6074, time=0.05s
[2025-12-04 08:56:13]   METIS weights: min=800.76, max=1318.27, avg=1085.35, std=98.47
[2025-12-04 08:56:13]   → Quantum vs METIS: cut improvement = -19.16%
[2025-12-04 08:56:13] 
  → Aggregate: cut=38506.00±348.17, balance=0.9151, time=0.78±0.01s

================================================================================
[2025-12-04 08:56:13] [603/900] Testing configuration:
  k_target: 32
  coarsen_limit: 170
  balance_weight: 0.1
  num_reads: 150
================================================================================
[2025-12-04 08:56:14]   Trial 1/3: ✓ cut=37970.37, balance=0.8949, time=1.11s
[2025-12-04 08:56:16]   Trial 2/3: ✓ cut=38272.08, balance=0.8871, time=1.10s
[2025-12-04 08:56:17]   Trial 3/3: ✓ cut=37832.53, balance=0.9259, time=1.09s
[2025-12-04 08:56:17] 
  Running METIS baseline...
[2025-12-04 08:56:17]   METIS baseline: cut=32314.17, balance=0.6074, time=0.05s
[2025-12-04 08:56:17]   METIS weights: min=800.76, max=1318.27, avg=1085.35, std=98.47
[2025-12-04 08:56:17]   → Quantum vs METIS: cut improvement = -17.67%
[2025-12-04 08:56:17] 
  → Aggregate: cut=38024.99±183.56, balance=0.9027, time=1.10±0.01s

================================================================================
[2025-12-04 08:56:17] [604/900] Testing configuration:
  k_target: 32
  coarsen_limit: 170
  balance_weight: 0.1
  num_reads: 200
================================================================================
[2025-12-04 08:56:18]   Trial 1/3: ✓ cut=38025.81, balance=0.9254, time=1.51s
[2025-12-04 08:56:20]   Trial 2/3: ✓ cut=38605.44, balance=0.9343, time=1.42s
[2025-12-04 08:56:21]   Trial 3/3: ✓ cut=38060.77, balance=0.9177, time=1.40s
[2025-12-04 08:56:21] 
  Running METIS baseline...
[2025-12-04 08:56:21]   METIS baseline: cut=32314.17, balance=0.6074, time=0.05s
[2025-12-04 08:56:21]   METIS weights: min=800.76, max=1318.27, avg=1085.35, std=98.47
[2025-12-04 08:56:21]   → Quantum vs METIS: cut improvement = -18.31%
[2025-12-04 08:56:21] 
  → Aggregate: cut=38230.67±265.38, balance=0.9258, time=1.44±0.05s

================================================================================
[2025-12-04 08:56:21] [605/900] Testing configuration:
  k_target: 32
  coarsen_limit: 170
  balance_weight: 0.1
  num_reads: 250
================================================================================
[2025-12-04 08:56:23]   Trial 1/3: ✓ cut=38174.01, balance=0.9097, time=1.72s
[2025-12-04 08:56:25]   Trial 2/3: ✓ cut=38014.52, balance=0.9224, time=1.84s
[2025-12-04 08:56:26]   Trial 3/3: ✓ cut=37413.55, balance=0.9108, time=1.76s
[2025-12-04 08:56:26] 
  Running METIS baseline...
[2025-12-04 08:56:27]   METIS baseline: cut=32314.17, balance=0.6074, time=0.05s
[2025-12-04 08:56:27]   METIS weights: min=800.76, max=1318.27, avg=1085.35, std=98.47
[2025-12-04 08:56:27]   → Quantum vs METIS: cut improvement = -17.18%
[2025-12-04 08:56:27] 
  → Aggregate: cut=37867.36±327.43, balance=0.9143, time=1.77±0.05s

================================================================================
[2025-12-04 08:56:27] [606/900] Testing configuration:
  k_target: 32
  coarsen_limit: 170
  balance_weight: 0.1
  num_reads: 300
================================================================================
[2025-12-04 08:56:29]   Trial 1/3: ✓ cut=37990.49, balance=0.9447, time=2.04s
[2025-12-04 08:56:31]   Trial 2/3: ✓ cut=38266.96, balance=0.9355, time=2.07s
[2025-12-04 08:56:33]   Trial 3/3: ✓ cut=38465.68, balance=0.9291, time=2.05s
[2025-12-04 08:56:33] 
  Running METIS baseline...
[2025-12-04 08:56:33]   METIS baseline: cut=32314.17, balance=0.6074, time=0.05s
[2025-12-04 08:56:33]   METIS weights: min=800.76, max=1318.27, avg=1085.35, std=98.47
[2025-12-04 08:56:33]   → Quantum vs METIS: cut improvement = -18.34%
[2025-12-04 08:56:33] 
  → Aggregate: cut=38241.04±194.86, balance=0.9364, time=2.06±0.01s

================================================================================
[2025-12-04 08:56:33] [607/900] Testing configuration:
  k_target: 32
  coarsen_limit: 170
  balance_weight: 0.1
  num_reads: 350
================================================================================
[2025-12-04 08:56:35]   Trial 1/3: ✓ cut=38170.90, balance=0.9224, time=2.40s
[2025-12-04 08:56:38]   Trial 2/3: ✓ cut=37603.80, balance=0.8953, time=2.37s
[2025-12-04 08:56:40]   Trial 3/3: ✓ cut=37601.76, balance=0.9272, time=2.38s
[2025-12-04 08:56:40] 
  Running METIS baseline...
[2025-12-04 08:56:40]   METIS baseline: cut=32314.17, balance=0.6074, time=0.05s
[2025-12-04 08:56:40]   METIS weights: min=800.76, max=1318.27, avg=1085.35, std=98.47
[2025-12-04 08:56:40]   → Quantum vs METIS: cut improvement = -16.95%
[2025-12-04 08:56:40] 
  → Aggregate: cut=37792.15±267.82, balance=0.9150, time=2.38±0.01s

================================================================================
[2025-12-04 08:56:40] [608/900] Testing configuration:
  k_target: 32
  coarsen_limit: 170
  balance_weight: 0.1
  num_reads: 400
================================================================================
[2025-12-04 08:56:43]   Trial 1/3: ✓ cut=37895.28, balance=0.9404, time=2.68s
[2025-12-04 08:56:45]   Trial 2/3: ✓ cut=37767.45, balance=0.8246, time=2.69s
[2025-12-04 08:56:48]   Trial 3/3: ✓ cut=38273.16, balance=0.9408, time=2.66s
[2025-12-04 08:56:48] 
  Running METIS baseline...
[2025-12-04 08:56:48]   METIS baseline: cut=32314.17, balance=0.6074, time=0.05s
[2025-12-04 08:56:48]   METIS weights: min=800.76, max=1318.27, avg=1085.35, std=98.47
[2025-12-04 08:56:48]   → Quantum vs METIS: cut improvement = -17.53%
[2025-12-04 08:56:48] 
  → Aggregate: cut=37978.63±214.70, balance=0.9019, time=2.68±0.01s

================================================================================
[2025-12-04 08:56:48] [609/900] Testing configuration:
  k_target: 32
  coarsen_limit: 170
  balance_weight: 0.1
  num_reads: 450
================================================================================
[2025-12-04 08:56:51]   Trial 1/3: ✓ cut=36678.13, balance=0.9299, time=3.02s
[2025-12-04 08:56:54]   Trial 2/3: ✓ cut=37463.86, balance=0.9132, time=3.01s
[2025-12-04 08:56:57]   Trial 3/3: ✓ cut=36801.14, balance=0.9128, time=3.03s
[2025-12-04 08:56:57] 
  Running METIS baseline...
[2025-12-04 08:56:57]   METIS baseline: cut=32314.17, balance=0.6074, time=0.13s
[2025-12-04 08:56:57]   METIS weights: min=800.76, max=1318.27, avg=1085.35, std=98.47
[2025-12-04 08:56:57]   → Quantum vs METIS: cut improvement = -14.44%
[2025-12-04 08:56:57] 
  → Aggregate: cut=36981.04±345.08, balance=0.9186, time=3.02±0.01s

================================================================================
[2025-12-04 08:56:58] [610/900] Testing configuration:
  k_target: 32
  coarsen_limit: 170
  balance_weight: 0.1
  num_reads: 500
================================================================================
[2025-12-04 08:57:01]   Trial 1/3: ✓ cut=37813.87, balance=0.9143, time=3.35s
[2025-12-04 08:57:04]   Trial 2/3: ✓ cut=37949.49, balance=0.9076, time=3.40s
[2025-12-04 08:57:08]   Trial 3/3: ✓ cut=37887.82, balance=0.9126, time=3.38s
[2025-12-04 08:57:08] 
  Running METIS baseline...
[2025-12-04 08:57:08]   METIS baseline: cut=32314.17, balance=0.6074, time=0.06s
[2025-12-04 08:57:08]   METIS weights: min=800.76, max=1318.27, avg=1085.35, std=98.47
[2025-12-04 08:57:08]   → Quantum vs METIS: cut improvement = -17.24%
[2025-12-04 08:57:08] 
  → Aggregate: cut=37883.73±55.44, balance=0.9115, time=3.38±0.02s

================================================================================
[2025-12-04 08:57:08] [611/900] Testing configuration:
  k_target: 32
  coarsen_limit: 170
  balance_weight: 0.3
  num_reads: 50
================================================================================
[2025-12-04 08:57:08]   Trial 1/3: ✓ cut=40493.52, balance=0.9350, time=0.46s
[2025-12-04 08:57:09]   Trial 2/3: ✓ cut=39962.86, balance=0.9516, time=0.46s
[2025-12-04 08:57:09]   Trial 3/3: ✓ cut=40775.85, balance=0.9533, time=0.46s
[2025-12-04 08:57:09] 
  Running METIS baseline...
[2025-12-04 08:57:09]   METIS baseline: cut=32314.17, balance=0.6074, time=0.05s
[2025-12-04 08:57:09]   METIS weights: min=800.76, max=1318.27, avg=1085.35, std=98.47
[2025-12-04 08:57:09]   → Quantum vs METIS: cut improvement = -25.06%
[2025-12-04 08:57:09] 
  → Aggregate: cut=40410.74±337.02, balance=0.9466, time=0.46±0.00s

================================================================================
[2025-12-04 08:57:09] [612/900] Testing configuration:
  k_target: 32
  coarsen_limit: 170
  balance_weight: 0.3
  num_reads: 100
================================================================================
[2025-12-04 08:57:10]   Trial 1/3: ✓ cut=39593.76, balance=0.9545, time=0.80s
[2025-12-04 08:57:11]   Trial 2/3: ✓ cut=39895.55, balance=0.9549, time=0.78s
[2025-12-04 08:57:12]   Trial 3/3: ✓ cut=39698.23, balance=0.9665, time=0.81s
[2025-12-04 08:57:12] 
  Running METIS baseline...
[2025-12-04 08:57:12]   METIS baseline: cut=32314.17, balance=0.6074, time=0.05s
[2025-12-04 08:57:12]   METIS weights: min=800.76, max=1318.27, avg=1085.35, std=98.47
[2025-12-04 08:57:12]   → Quantum vs METIS: cut improvement = -22.95%
[2025-12-04 08:57:12] 
  → Aggregate: cut=39729.18±125.14, balance=0.9586, time=0.80±0.01s

================================================================================
[2025-12-04 08:57:12] [613/900] Testing configuration:
  k_target: 32
  coarsen_limit: 170
  balance_weight: 0.3
  num_reads: 150
================================================================================
[2025-12-04 08:57:13]   Trial 1/3: ✓ cut=39012.62, balance=0.9269, time=1.10s
[2025-12-04 08:57:14]   Trial 2/3: ✓ cut=39180.62, balance=0.9513, time=1.10s
[2025-12-04 08:57:15]   Trial 3/3: ✓ cut=39634.11, balance=0.9268, time=1.11s
[2025-12-04 08:57:15] 
  Running METIS baseline...
[2025-12-04 08:57:15]   METIS baseline: cut=32314.17, balance=0.6074, time=0.05s
[2025-12-04 08:57:15]   METIS weights: min=800.76, max=1318.27, avg=1085.35, std=98.47
[2025-12-04 08:57:15]   → Quantum vs METIS: cut improvement = -21.54%
[2025-12-04 08:57:15] 
  → Aggregate: cut=39275.78±262.50, balance=0.9350, time=1.11±0.00s

================================================================================
[2025-12-04 08:57:15] [614/900] Testing configuration:
  k_target: 32
  coarsen_limit: 170
  balance_weight: 0.3
  num_reads: 200
================================================================================
[2025-12-04 08:57:17]   Trial 1/3: ✓ cut=39359.97, balance=0.9579, time=1.49s
[2025-12-04 08:57:18]   Trial 2/3: ✓ cut=38851.79, balance=0.9028, time=1.42s
[2025-12-04 08:57:20]   Trial 3/3: ✓ cut=40440.83, balance=0.9459, time=1.43s
[2025-12-04 08:57:20] 
  Running METIS baseline...
[2025-12-04 08:57:20]   METIS baseline: cut=32314.17, balance=0.6074, time=0.05s
[2025-12-04 08:57:20]   METIS weights: min=800.76, max=1318.27, avg=1085.35, std=98.47
[2025-12-04 08:57:20]   → Quantum vs METIS: cut improvement = -22.39%
[2025-12-04 08:57:20] 
  → Aggregate: cut=39550.86±662.62, balance=0.9355, time=1.45±0.03s

================================================================================
[2025-12-04 08:57:20] [615/900] Testing configuration:
  k_target: 32
  coarsen_limit: 170
  balance_weight: 0.3
  num_reads: 250
================================================================================
[2025-12-04 08:57:21]   Trial 1/3: ✓ cut=38950.24, balance=0.8849, time=1.73s
[2025-12-04 08:57:23]   Trial 2/3: ✓ cut=39363.42, balance=0.9251, time=1.73s
[2025-12-04 08:57:25]   Trial 3/3: ✓ cut=39556.72, balance=0.9627, time=1.77s
[2025-12-04 08:57:25] 
  Running METIS baseline...
[2025-12-04 08:57:25]   METIS baseline: cut=32314.17, balance=0.6074, time=0.05s
[2025-12-04 08:57:25]   METIS weights: min=800.76, max=1318.27, avg=1085.35, std=98.47
[2025-12-04 08:57:25]   → Quantum vs METIS: cut improvement = -21.59%
[2025-12-04 08:57:25] 
  → Aggregate: cut=39290.13±252.96, balance=0.9242, time=1.74±0.02s

================================================================================
[2025-12-04 08:57:25] [616/900] Testing configuration:
  k_target: 32
  coarsen_limit: 170
  balance_weight: 0.3
  num_reads: 300
================================================================================
[2025-12-04 08:57:27]   Trial 1/3: ✓ cut=38783.51, balance=0.9078, time=2.08s
[2025-12-04 08:57:29]   Trial 2/3: ✓ cut=39397.01, balance=0.9175, time=2.07s
[2025-12-04 08:57:31]   Trial 3/3: ✓ cut=39855.27, balance=0.9557, time=2.07s
[2025-12-04 08:57:31] 
  Running METIS baseline...
[2025-12-04 08:57:31]   METIS baseline: cut=32314.17, balance=0.6074, time=0.05s
[2025-12-04 08:57:31]   METIS weights: min=800.76, max=1318.27, avg=1085.35, std=98.47
[2025-12-04 08:57:31]   → Quantum vs METIS: cut improvement = -21.76%
[2025-12-04 08:57:31] 
  → Aggregate: cut=39345.26±439.07, balance=0.9270, time=2.07±0.01s

================================================================================
[2025-12-04 08:57:31] [617/900] Testing configuration:
  k_target: 32
  coarsen_limit: 170
  balance_weight: 0.3
  num_reads: 350
================================================================================
[2025-12-04 08:57:34]   Trial 1/3: ✓ cut=38831.25, balance=0.9515, time=2.37s
[2025-12-04 08:57:36]   Trial 2/3: ✓ cut=39100.78, balance=0.9484, time=2.41s
[2025-12-04 08:57:38]   Trial 3/3: ✓ cut=38836.08, balance=0.9523, time=2.38s
[2025-12-04 08:57:38] 
  Running METIS baseline...
[2025-12-04 08:57:39]   METIS baseline: cut=32314.17, balance=0.6074, time=0.06s
[2025-12-04 08:57:39]   METIS weights: min=800.76, max=1318.27, avg=1085.35, std=98.47
[2025-12-04 08:57:39]   → Quantum vs METIS: cut improvement = -20.45%
[2025-12-04 08:57:39] 
  → Aggregate: cut=38922.70±125.93, balance=0.9507, time=2.38±0.01s

================================================================================
[2025-12-04 08:57:39] [618/900] Testing configuration:
  k_target: 32
  coarsen_limit: 170
  balance_weight: 0.3
  num_reads: 400
================================================================================
[2025-12-04 08:57:41]   Trial 1/3: ✓ cut=38794.73, balance=0.9292, time=2.69s
[2025-12-04 08:57:44]   Trial 2/3: ✓ cut=40017.16, balance=0.8888, time=2.80s
[2025-12-04 08:57:47]   Trial 3/3: ✓ cut=38562.01, balance=0.9446, time=2.69s
[2025-12-04 08:57:47] 
  Running METIS baseline...
[2025-12-04 08:57:47]   METIS baseline: cut=32314.17, balance=0.6074, time=0.05s
[2025-12-04 08:57:47]   METIS weights: min=800.76, max=1318.27, avg=1085.35, std=98.47
[2025-12-04 08:57:47]   → Quantum vs METIS: cut improvement = -21.08%
[2025-12-04 08:57:47] 
  → Aggregate: cut=39124.64±638.22, balance=0.9209, time=2.73±0.05s

================================================================================
[2025-12-04 08:57:47] [619/900] Testing configuration:
  k_target: 32
  coarsen_limit: 170
  balance_weight: 0.3
  num_reads: 450
================================================================================
[2025-12-04 08:57:50]   Trial 1/3: ✓ cut=39441.91, balance=0.8907, time=3.02s
[2025-12-04 08:57:53]   Trial 2/3: ✓ cut=38912.23, balance=0.8951, time=2.99s
[2025-12-04 08:57:56]   Trial 3/3: ✓ cut=39165.47, balance=0.9148, time=3.03s
[2025-12-04 08:57:56] 
  Running METIS baseline...
[2025-12-04 08:57:56]   METIS baseline: cut=32314.17, balance=0.6074, time=0.05s
[2025-12-04 08:57:56]   METIS weights: min=800.76, max=1318.27, avg=1085.35, std=98.47
[2025-12-04 08:57:56]   → Quantum vs METIS: cut improvement = -21.23%
[2025-12-04 08:57:56] 
  → Aggregate: cut=39173.21±216.31, balance=0.9002, time=3.02±0.02s

================================================================================
[2025-12-04 08:57:56] [620/900] Testing configuration:
  k_target: 32
  coarsen_limit: 170
  balance_weight: 0.3
  num_reads: 500
================================================================================
[2025-12-04 08:57:59]   Trial 1/3: ✓ cut=38569.71, balance=0.9604, time=3.33s
[2025-12-04 08:58:03]   Trial 2/3: ✓ cut=39474.43, balance=0.9515, time=3.52s
[2025-12-04 08:58:06]   Trial 3/3: ✓ cut=38124.26, balance=0.9503, time=3.55s
[2025-12-04 08:58:06] 
  Running METIS baseline...
[2025-12-04 08:58:07]   METIS baseline: cut=32314.17, balance=0.6074, time=0.06s
[2025-12-04 08:58:07]   METIS weights: min=800.76, max=1318.27, avg=1085.35, std=98.47
[2025-12-04 08:58:07]   → Quantum vs METIS: cut improvement = -19.83%
[2025-12-04 08:58:07] 
  → Aggregate: cut=38722.80±561.73, balance=0.9541, time=3.47±0.10s

================================================================================
[2025-12-04 08:58:07] [621/900] Testing configuration:
  k_target: 32
  coarsen_limit: 170
  balance_weight: 0.5
  num_reads: 50
================================================================================
[2025-12-04 08:58:07]   Trial 1/3: ✓ cut=40730.97, balance=0.9351, time=0.47s
[2025-12-04 08:58:07]   Trial 2/3: ✓ cut=40102.96, balance=0.9674, time=0.46s
[2025-12-04 08:58:08]   Trial 3/3: ✓ cut=41102.21, balance=0.9457, time=0.48s
[2025-12-04 08:58:08] 
  Running METIS baseline...
[2025-12-04 08:58:08]   METIS baseline: cut=32314.17, balance=0.6074, time=0.05s
[2025-12-04 08:58:08]   METIS weights: min=800.76, max=1318.27, avg=1085.35, std=98.47
[2025-12-04 08:58:08]   → Quantum vs METIS: cut improvement = -25.78%
[2025-12-04 08:58:08] 
  → Aggregate: cut=40645.38±412.41, balance=0.9494, time=0.47±0.01s

================================================================================
[2025-12-04 08:58:08] [622/900] Testing configuration:
  k_target: 32
  coarsen_limit: 170
  balance_weight: 0.5
  num_reads: 100
================================================================================
[2025-12-04 08:58:09]   Trial 1/3: ✓ cut=40135.26, balance=0.9705, time=0.82s
[2025-12-04 08:58:10]   Trial 2/3: ✓ cut=40269.84, balance=0.9521, time=0.84s
[2025-12-04 08:58:11]   Trial 3/3: ✓ cut=40451.97, balance=0.9597, time=0.92s
[2025-12-04 08:58:11] 
  Running METIS baseline...
[2025-12-04 08:58:11]   METIS baseline: cut=32314.17, balance=0.6074, time=0.06s
[2025-12-04 08:58:11]   METIS weights: min=800.76, max=1318.27, avg=1085.35, std=98.47
[2025-12-04 08:58:11]   → Quantum vs METIS: cut improvement = -24.67%
[2025-12-04 08:58:11] 
  → Aggregate: cut=40285.69±129.78, balance=0.9608, time=0.86±0.04s

================================================================================
[2025-12-04 08:58:11] [623/900] Testing configuration:
  k_target: 32
  coarsen_limit: 170
  balance_weight: 0.5
  num_reads: 150
================================================================================
[2025-12-04 08:58:12]   Trial 1/3: ✓ cut=39594.84, balance=0.9085, time=1.12s
[2025-12-04 08:58:13]   Trial 2/3: ✓ cut=39913.68, balance=0.9370, time=1.09s
[2025-12-04 08:58:14]   Trial 3/3: ✓ cut=39746.44, balance=0.9494, time=1.10s
[2025-12-04 08:58:14] 
  Running METIS baseline...
[2025-12-04 08:58:14]   METIS baseline: cut=32314.17, balance=0.6074, time=0.05s
[2025-12-04 08:58:14]   METIS weights: min=800.76, max=1318.27, avg=1085.35, std=98.47
[2025-12-04 08:58:14]   → Quantum vs METIS: cut improvement = -23.02%
[2025-12-04 08:58:14] 
  → Aggregate: cut=39751.65±130.22, balance=0.9316, time=1.10±0.01s

================================================================================
[2025-12-04 08:58:14] [624/900] Testing configuration:
  k_target: 32
  coarsen_limit: 170
  balance_weight: 0.5
  num_reads: 200
================================================================================
[2025-12-04 08:58:16]   Trial 1/3: ✓ cut=39591.23, balance=0.9180, time=1.42s
[2025-12-04 08:58:17]   Trial 2/3: ✓ cut=40749.20, balance=0.9620, time=1.41s
[2025-12-04 08:58:18]   Trial 3/3: ✓ cut=40339.60, balance=0.9599, time=1.41s
[2025-12-04 08:58:18] 
  Running METIS baseline...
[2025-12-04 08:58:19]   METIS baseline: cut=32314.17, balance=0.6074, time=0.05s
[2025-12-04 08:58:19]   METIS weights: min=800.76, max=1318.27, avg=1085.35, std=98.47
[2025-12-04 08:58:19]   → Quantum vs METIS: cut improvement = -24.49%
[2025-12-04 08:58:19] 
  → Aggregate: cut=40226.68±479.44, balance=0.9467, time=1.41±0.01s

================================================================================
[2025-12-04 08:58:19] [625/900] Testing configuration:
  k_target: 32
  coarsen_limit: 170
  balance_weight: 0.5
  num_reads: 250
================================================================================
[2025-12-04 08:58:20]   Trial 1/3: ✓ cut=39529.64, balance=0.9604, time=1.74s
[2025-12-04 08:58:22]   Trial 2/3: ✓ cut=38977.39, balance=0.9485, time=1.74s
[2025-12-04 08:58:24]   Trial 3/3: ✓ cut=39425.26, balance=0.9445, time=1.74s
[2025-12-04 08:58:24] 
  Running METIS baseline...
[2025-12-04 08:58:24]   METIS baseline: cut=32314.17, balance=0.6074, time=0.05s
[2025-12-04 08:58:24]   METIS weights: min=800.76, max=1318.27, avg=1085.35, std=98.47
[2025-12-04 08:58:24]   → Quantum vs METIS: cut improvement = -21.65%
[2025-12-04 08:58:24] 
  → Aggregate: cut=39310.76±239.55, balance=0.9511, time=1.74±0.00s

================================================================================
[2025-12-04 08:58:24] [626/900] Testing configuration:
  k_target: 32
  coarsen_limit: 170
  balance_weight: 0.5
  num_reads: 300
================================================================================
[2025-12-04 08:58:26]   Trial 1/3: ✓ cut=40156.79, balance=0.9504, time=2.10s
[2025-12-04 08:58:28]   Trial 2/3: ✓ cut=39194.59, balance=0.9537, time=2.05s
[2025-12-04 08:58:30]   Trial 3/3: ✓ cut=39472.18, balance=0.9211, time=2.05s
[2025-12-04 08:58:30] 
  Running METIS baseline...
[2025-12-04 08:58:30]   METIS baseline: cut=32314.17, balance=0.6074, time=0.05s
[2025-12-04 08:58:30]   METIS weights: min=800.76, max=1318.27, avg=1085.35, std=98.47
[2025-12-04 08:58:30]   → Quantum vs METIS: cut improvement = -22.57%
[2025-12-04 08:58:30] 
  → Aggregate: cut=39607.85±404.36, balance=0.9418, time=2.07±0.02s

================================================================================
[2025-12-04 08:58:30] [627/900] Testing configuration:
  k_target: 32
  coarsen_limit: 170
  balance_weight: 0.5
  num_reads: 350
================================================================================
[2025-12-04 08:58:33]   Trial 1/3: ✓ cut=39979.59, balance=0.8995, time=2.46s
[2025-12-04 08:58:35]   Trial 2/3: ✓ cut=39141.97, balance=0.8832, time=2.40s
[2025-12-04 08:58:37]   Trial 3/3: ✓ cut=39318.98, balance=0.9343, time=2.42s
[2025-12-04 08:58:37] 
  Running METIS baseline...
[2025-12-04 08:58:38]   METIS baseline: cut=32314.17, balance=0.6074, time=0.05s
[2025-12-04 08:58:38]   METIS weights: min=800.76, max=1318.27, avg=1085.35, std=98.47
[2025-12-04 08:58:38]   → Quantum vs METIS: cut improvement = -22.18%
[2025-12-04 08:58:38] 
  → Aggregate: cut=39480.18±360.46, balance=0.9057, time=2.43±0.02s

================================================================================
[2025-12-04 08:58:38] [628/900] Testing configuration:
  k_target: 32
  coarsen_limit: 170
  balance_weight: 0.5
  num_reads: 400
================================================================================
[2025-12-04 08:58:40]   Trial 1/3: ✓ cut=39612.61, balance=0.9464, time=2.72s
[2025-12-04 08:58:43]   Trial 2/3: ✓ cut=39776.49, balance=0.9556, time=2.71s
[2025-12-04 08:58:46]   Trial 3/3: ✓ cut=39667.75, balance=0.9570, time=2.75s
[2025-12-04 08:58:46] 
  Running METIS baseline...
[2025-12-04 08:58:46]   METIS baseline: cut=32314.17, balance=0.6074, time=0.05s
[2025-12-04 08:58:46]   METIS weights: min=800.76, max=1318.27, avg=1085.35, std=98.47
[2025-12-04 08:58:46]   → Quantum vs METIS: cut improvement = -22.81%
[2025-12-04 08:58:46] 
  → Aggregate: cut=39685.62±68.09, balance=0.9530, time=2.73±0.02s

================================================================================
[2025-12-04 08:58:46] [629/900] Testing configuration:
  k_target: 32
  coarsen_limit: 170
  balance_weight: 0.5
  num_reads: 450
================================================================================
[2025-12-04 08:58:49]   Trial 1/3: ✓ cut=39602.33, balance=0.9337, time=3.03s
[2025-12-04 08:58:52]   Trial 2/3: ✓ cut=38743.05, balance=0.9414, time=3.00s
[2025-12-04 08:58:55]   Trial 3/3: ✓ cut=40016.92, balance=0.9444, time=3.02s
[2025-12-04 08:58:55] 
  Running METIS baseline...
[2025-12-04 08:58:55]   METIS baseline: cut=32314.17, balance=0.6074, time=0.05s
[2025-12-04 08:58:55]   METIS weights: min=800.76, max=1318.27, avg=1085.35, std=98.47
[2025-12-04 08:58:55]   → Quantum vs METIS: cut improvement = -22.10%
[2025-12-04 08:58:55] 
  → Aggregate: cut=39454.10±530.51, balance=0.9398, time=3.02±0.01s

================================================================================
[2025-12-04 08:58:55] [630/900] Testing configuration:
  k_target: 32
  coarsen_limit: 170
  balance_weight: 0.5
  num_reads: 500
================================================================================
[2025-12-04 08:58:58]   Trial 1/3: ✓ cut=39176.58, balance=0.9690, time=3.33s
[2025-12-04 08:59:02]   Trial 2/3: ✓ cut=39256.00, balance=0.8491, time=3.49s
[2025-12-04 08:59:05]   Trial 3/3: ✓ cut=38973.58, balance=0.9055, time=3.59s
[2025-12-04 08:59:05] 
  Running METIS baseline...
[2025-12-04 08:59:06]   METIS baseline: cut=32314.17, balance=0.6074, time=0.06s
[2025-12-04 08:59:06]   METIS weights: min=800.76, max=1318.27, avg=1085.35, std=98.47
[2025-12-04 08:59:06]   → Quantum vs METIS: cut improvement = -21.11%
[2025-12-04 08:59:06] 
  → Aggregate: cut=39135.39±118.92, balance=0.9079, time=3.47±0.10s

================================================================================
[2025-12-04 08:59:06] [631/900] Testing configuration:
  k_target: 32
  coarsen_limit: 170
  balance_weight: 0.7
  num_reads: 50
================================================================================
[2025-12-04 08:59:06]   Trial 1/3: ✓ cut=40799.82, balance=0.9496, time=0.48s
[2025-12-04 08:59:07]   Trial 2/3: ✓ cut=40979.12, balance=0.9469, time=0.57s
[2025-12-04 08:59:07]   Trial 3/3: ✓ cut=40990.67, balance=0.9567, time=0.49s
[2025-12-04 08:59:07] 
  Running METIS baseline...
[2025-12-04 08:59:07]   METIS baseline: cut=32314.17, balance=0.6074, time=0.06s
[2025-12-04 08:59:07]   METIS weights: min=800.76, max=1318.27, avg=1085.35, std=98.47
[2025-12-04 08:59:07]   → Quantum vs METIS: cut improvement = -26.64%
[2025-12-04 08:59:07] 
  → Aggregate: cut=40923.20±87.37, balance=0.9511, time=0.51±0.04s

================================================================================
[2025-12-04 08:59:07] [632/900] Testing configuration:
  k_target: 32
  coarsen_limit: 170
  balance_weight: 0.7
  num_reads: 100
================================================================================
[2025-12-04 08:59:08]   Trial 1/3: ✓ cut=41118.22, balance=0.9431, time=0.81s
[2025-12-04 08:59:09]   Trial 2/3: ✓ cut=40746.61, balance=0.9649, time=0.79s
[2025-12-04 08:59:10]   Trial 3/3: ✓ cut=40680.87, balance=0.9678, time=0.84s
[2025-12-04 08:59:10] 
  Running METIS baseline...
[2025-12-04 08:59:10]   METIS baseline: cut=32314.17, balance=0.6074, time=0.06s
[2025-12-04 08:59:10]   METIS weights: min=800.76, max=1318.27, avg=1085.35, std=98.47
[2025-12-04 08:59:10]   → Quantum vs METIS: cut improvement = -26.41%
[2025-12-04 08:59:10] 
  → Aggregate: cut=40848.57±192.55, balance=0.9586, time=0.81±0.02s

================================================================================
[2025-12-04 08:59:10] [633/900] Testing configuration:
  k_target: 32
  coarsen_limit: 170
  balance_weight: 0.7
  num_reads: 150
================================================================================
[2025-12-04 08:59:11]   Trial 1/3: ✓ cut=41063.15, balance=0.9628, time=1.15s
[2025-12-04 08:59:12]   Trial 2/3: ✓ cut=40368.84, balance=0.9106, time=1.12s
[2025-12-04 08:59:13]   Trial 3/3: ✓ cut=40238.15, balance=0.9421, time=1.10s
[2025-12-04 08:59:13] 
  Running METIS baseline...
[2025-12-04 08:59:13]   METIS baseline: cut=32314.17, balance=0.6074, time=0.05s
[2025-12-04 08:59:13]   METIS weights: min=800.76, max=1318.27, avg=1085.35, std=98.47
[2025-12-04 08:59:13]   → Quantum vs METIS: cut improvement = -25.51%
[2025-12-04 08:59:13] 
  → Aggregate: cut=40556.71±362.06, balance=0.9385, time=1.12±0.02s

================================================================================
[2025-12-04 08:59:13] [634/900] Testing configuration:
  k_target: 32
  coarsen_limit: 170
  balance_weight: 0.7
  num_reads: 200
================================================================================
[2025-12-04 08:59:15]   Trial 1/3: ✓ cut=40650.49, balance=0.9217, time=1.42s
[2025-12-04 08:59:16]   Trial 2/3: ✓ cut=40159.26, balance=0.9597, time=1.41s
[2025-12-04 08:59:18]   Trial 3/3: ✓ cut=39791.69, balance=0.9399, time=1.40s
[2025-12-04 08:59:18] 
  Running METIS baseline...
[2025-12-04 08:59:18]   METIS baseline: cut=32314.17, balance=0.6074, time=0.05s
[2025-12-04 08:59:18]   METIS weights: min=800.76, max=1318.27, avg=1085.35, std=98.47
[2025-12-04 08:59:18]   → Quantum vs METIS: cut improvement = -24.41%
[2025-12-04 08:59:18] 
  → Aggregate: cut=40200.48±351.81, balance=0.9404, time=1.41±0.01s

================================================================================
[2025-12-04 08:59:18] [635/900] Testing configuration:
  k_target: 32
  coarsen_limit: 170
  balance_weight: 0.7
  num_reads: 250
================================================================================
[2025-12-04 08:59:19]   Trial 1/3: ✓ cut=39416.25, balance=0.9212, time=1.71s
[2025-12-04 08:59:21]   Trial 2/3: ✓ cut=39762.28, balance=0.9576, time=1.73s
[2025-12-04 08:59:23]   Trial 3/3: ✓ cut=40569.82, balance=0.9399, time=1.81s
[2025-12-04 08:59:23] 
  Running METIS baseline...
[2025-12-04 08:59:23]   METIS baseline: cut=32314.17, balance=0.6074, time=0.05s
[2025-12-04 08:59:23]   METIS weights: min=800.76, max=1318.27, avg=1085.35, std=98.47
[2025-12-04 08:59:23]   → Quantum vs METIS: cut improvement = -23.53%
[2025-12-04 08:59:23] 
  → Aggregate: cut=39916.11±483.34, balance=0.9396, time=1.75±0.04s

================================================================================
[2025-12-04 08:59:23] [636/900] Testing configuration:
  k_target: 32
  coarsen_limit: 170
  balance_weight: 0.7
  num_reads: 300
================================================================================
[2025-12-04 08:59:25]   Trial 1/3: ✓ cut=40224.26, balance=0.9519, time=2.07s
[2025-12-04 08:59:27]   Trial 2/3: ✓ cut=39707.59, balance=0.9565, time=2.04s
[2025-12-04 08:59:29]   Trial 3/3: ✓ cut=40518.88, balance=0.9601, time=2.07s
[2025-12-04 08:59:29] 
  Running METIS baseline...
[2025-12-04 08:59:29]   METIS baseline: cut=32314.17, balance=0.6074, time=0.05s
[2025-12-04 08:59:29]   METIS weights: min=800.76, max=1318.27, avg=1085.35, std=98.47
[2025-12-04 08:59:29]   → Quantum vs METIS: cut improvement = -24.25%
[2025-12-04 08:59:29] 
  → Aggregate: cut=40150.24±335.32, balance=0.9562, time=2.06±0.02s

================================================================================
[2025-12-04 08:59:29] [637/900] Testing configuration:
  k_target: 32
  coarsen_limit: 170
  balance_weight: 0.7
  num_reads: 350
================================================================================
[2025-12-04 08:59:32]   Trial 1/3: ✓ cut=39772.66, balance=0.9607, time=2.37s
[2025-12-04 08:59:34]   Trial 2/3: ✓ cut=40267.26, balance=0.9379, time=2.36s
[2025-12-04 08:59:36]   Trial 3/3: ✓ cut=40352.05, balance=0.9584, time=2.38s
[2025-12-04 08:59:36] 
  Running METIS baseline...
[2025-12-04 08:59:36]   METIS baseline: cut=32314.17, balance=0.6074, time=0.05s
[2025-12-04 08:59:36]   METIS weights: min=800.76, max=1318.27, avg=1085.35, std=98.47
[2025-12-04 08:59:36]   → Quantum vs METIS: cut improvement = -24.19%
[2025-12-04 08:59:36] 
  → Aggregate: cut=40130.65±255.50, balance=0.9524, time=2.37±0.01s

================================================================================
[2025-12-04 08:59:36] [638/900] Testing configuration:
  k_target: 32
  coarsen_limit: 170
  balance_weight: 0.7
  num_reads: 400
================================================================================
[2025-12-04 08:59:39]   Trial 1/3: ✓ cut=39614.81, balance=0.9625, time=2.71s
[2025-12-04 08:59:42]   Trial 2/3: ✓ cut=39161.09, balance=0.9435, time=2.67s
[2025-12-04 08:59:45]   Trial 3/3: ✓ cut=39962.96, balance=0.9221, time=2.68s
[2025-12-04 08:59:45] 
  Running METIS baseline...
[2025-12-04 08:59:45]   METIS baseline: cut=32314.17, balance=0.6074, time=0.06s
[2025-12-04 08:59:45]   METIS weights: min=800.76, max=1318.27, avg=1085.35, std=98.47
[2025-12-04 08:59:45]   → Quantum vs METIS: cut improvement = -22.48%
[2025-12-04 08:59:45] 
  → Aggregate: cut=39579.62±328.31, balance=0.9427, time=2.69±0.02s

================================================================================
[2025-12-04 08:59:45] [639/900] Testing configuration:
  k_target: 32
  coarsen_limit: 170
  balance_weight: 0.7
  num_reads: 450
================================================================================
[2025-12-04 08:59:48]   Trial 1/3: ✓ cut=39532.43, balance=0.9676, time=2.98s
[2025-12-04 08:59:51]   Trial 2/3: ✓ cut=39501.34, balance=0.9398, time=2.98s
[2025-12-04 08:59:54]   Trial 3/3: ✓ cut=40123.99, balance=0.9324, time=2.99s
[2025-12-04 08:59:54] 
  Running METIS baseline...
[2025-12-04 08:59:54]   METIS baseline: cut=32314.17, balance=0.6074, time=0.05s
[2025-12-04 08:59:54]   METIS weights: min=800.76, max=1318.27, avg=1085.35, std=98.47
[2025-12-04 08:59:54]   → Quantum vs METIS: cut improvement = -22.92%
[2025-12-04 08:59:54] 
  → Aggregate: cut=39719.25±286.47, balance=0.9466, time=2.99±0.01s

================================================================================
[2025-12-04 08:59:54] [640/900] Testing configuration:
  k_target: 32
  coarsen_limit: 170
  balance_weight: 0.7
  num_reads: 500
================================================================================
[2025-12-04 08:59:57]   Trial 1/3: ✓ cut=40144.99, balance=0.9254, time=3.45s
[2025-12-04 09:00:01]   Trial 2/3: ✓ cut=39680.36, balance=0.9370, time=3.34s
[2025-12-04 09:00:04]   Trial 3/3: ✓ cut=39408.72, balance=0.9313, time=3.48s
[2025-12-04 09:00:04] 
  Running METIS baseline...
[2025-12-04 09:00:04]   METIS baseline: cut=32314.17, balance=0.6074, time=0.05s
[2025-12-04 09:00:04]   METIS weights: min=800.76, max=1318.27, avg=1085.35, std=98.47
[2025-12-04 09:00:04]   → Quantum vs METIS: cut improvement = -22.99%
[2025-12-04 09:00:04] 
  → Aggregate: cut=39744.69±304.00, balance=0.9313, time=3.42±0.06s

================================================================================
[2025-12-04 09:00:04] [641/900] Testing configuration:
  k_target: 32
  coarsen_limit: 170
  balance_weight: 0.9
  num_reads: 50
================================================================================
[2025-12-04 09:00:05]   Trial 1/3: ✓ cut=41056.67, balance=0.9537, time=0.46s
[2025-12-04 09:00:05]   Trial 2/3: ✓ cut=41120.10, balance=0.9552, time=0.50s
[2025-12-04 09:00:06]   Trial 3/3: ✓ cut=40644.90, balance=0.9501, time=0.49s
[2025-12-04 09:00:06] 
  Running METIS baseline...
[2025-12-04 09:00:06]   METIS baseline: cut=32314.17, balance=0.6074, time=0.05s
[2025-12-04 09:00:06]   METIS weights: min=800.76, max=1318.27, avg=1085.35, std=98.47
[2025-12-04 09:00:06]   → Quantum vs METIS: cut improvement = -26.70%
[2025-12-04 09:00:06] 
  → Aggregate: cut=40940.56±210.66, balance=0.9530, time=0.48±0.02s

================================================================================
[2025-12-04 09:00:06] [642/900] Testing configuration:
  k_target: 32
  coarsen_limit: 170
  balance_weight: 0.9
  num_reads: 100
================================================================================
[2025-12-04 09:00:06]   Trial 1/3: ✓ cut=40403.10, balance=0.9720, time=0.78s
[2025-12-04 09:00:07]   Trial 2/3: ✓ cut=40637.43, balance=0.8537, time=0.77s
[2025-12-04 09:00:08]   Trial 3/3: ✓ cut=40235.13, balance=0.9349, time=0.78s
[2025-12-04 09:00:08] 
  Running METIS baseline...
[2025-12-04 09:00:08]   METIS baseline: cut=32314.17, balance=0.6074, time=0.05s
[2025-12-04 09:00:08]   METIS weights: min=800.76, max=1318.27, avg=1085.35, std=98.47
[2025-12-04 09:00:08]   → Quantum vs METIS: cut improvement = -25.10%
[2025-12-04 09:00:08] 
  → Aggregate: cut=40425.22±164.98, balance=0.9202, time=0.78±0.00s

================================================================================
[2025-12-04 09:00:08] [643/900] Testing configuration:
  k_target: 32
  coarsen_limit: 170
  balance_weight: 0.9
  num_reads: 150
================================================================================
[2025-12-04 09:00:09]   Trial 1/3: ✓ cut=40363.96, balance=0.9427, time=1.13s
[2025-12-04 09:00:10]   Trial 2/3: ✓ cut=40514.21, balance=0.9682, time=1.12s
[2025-12-04 09:00:11]   Trial 3/3: ✓ cut=39946.97, balance=0.9430, time=1.10s
[2025-12-04 09:00:11] 
  Running METIS baseline...
[2025-12-04 09:00:12]   METIS baseline: cut=32314.17, balance=0.6074, time=0.05s
[2025-12-04 09:00:12]   METIS weights: min=800.76, max=1318.27, avg=1085.35, std=98.47
[2025-12-04 09:00:12]   → Quantum vs METIS: cut improvement = -24.64%
[2025-12-04 09:00:12] 
  → Aggregate: cut=40275.05±239.96, balance=0.9513, time=1.12±0.01s

================================================================================
[2025-12-04 09:00:12] [644/900] Testing configuration:
  k_target: 32
  coarsen_limit: 170
  balance_weight: 0.9
  num_reads: 200
================================================================================
[2025-12-04 09:00:13]   Trial 1/3: ✓ cut=39721.20, balance=0.9393, time=1.42s
[2025-12-04 09:00:15]   Trial 2/3: ✓ cut=39901.35, balance=0.9588, time=1.54s
[2025-12-04 09:00:16]   Trial 3/3: ✓ cut=40905.51, balance=0.9580, time=1.44s
[2025-12-04 09:00:16] 
  Running METIS baseline...
[2025-12-04 09:00:16]   METIS baseline: cut=32314.17, balance=0.6074, time=0.05s
[2025-12-04 09:00:16]   METIS weights: min=800.76, max=1318.27, avg=1085.35, std=98.47
[2025-12-04 09:00:16]   → Quantum vs METIS: cut improvement = -24.33%
[2025-12-04 09:00:16] 
  → Aggregate: cut=40176.02±521.04, balance=0.9520, time=1.47±0.05s

================================================================================
[2025-12-04 09:00:16] [645/900] Testing configuration:
  k_target: 32
  coarsen_limit: 170
  balance_weight: 0.9
  num_reads: 250
================================================================================
[2025-12-04 09:00:18]   Trial 1/3: ✓ cut=40529.31, balance=0.9700, time=1.72s
[2025-12-04 09:00:20]   Trial 2/3: ✓ cut=40751.84, balance=0.9730, time=1.75s
[2025-12-04 09:00:21]   Trial 3/3: ✓ cut=39569.90, balance=0.9627, time=1.73s
[2025-12-04 09:00:21] 
  Running METIS baseline...
[2025-12-04 09:00:21]   METIS baseline: cut=32314.17, balance=0.6074, time=0.05s
[2025-12-04 09:00:21]   METIS weights: min=800.76, max=1318.27, avg=1085.35, std=98.47
[2025-12-04 09:00:21]   → Quantum vs METIS: cut improvement = -24.66%
[2025-12-04 09:00:21] 
  → Aggregate: cut=40283.69±512.83, balance=0.9686, time=1.73±0.01s

================================================================================
[2025-12-04 09:00:21] [646/900] Testing configuration:
  k_target: 32
  coarsen_limit: 170
  balance_weight: 0.9
  num_reads: 300
================================================================================
[2025-12-04 09:00:23]   Trial 1/3: ✓ cut=40155.98, balance=0.9525, time=2.06s
[2025-12-04 09:00:26]   Trial 2/3: ✓ cut=40181.24, balance=0.9612, time=2.07s
[2025-12-04 09:00:28]   Trial 3/3: ✓ cut=40337.26, balance=0.9537, time=2.07s
[2025-12-04 09:00:28] 
  Running METIS baseline...
[2025-12-04 09:00:28]   METIS baseline: cut=32314.17, balance=0.6074, time=0.05s
[2025-12-04 09:00:28]   METIS weights: min=800.76, max=1318.27, avg=1085.35, std=98.47
[2025-12-04 09:00:28]   → Quantum vs METIS: cut improvement = -24.48%
[2025-12-04 09:00:28] 
  → Aggregate: cut=40224.83±80.17, balance=0.9558, time=2.06±0.01s

================================================================================
[2025-12-04 09:00:28] [647/900] Testing configuration:
  k_target: 32
  coarsen_limit: 170
  balance_weight: 0.9
  num_reads: 350
================================================================================
[2025-12-04 09:00:30]   Trial 1/3: ✓ cut=40292.64, balance=0.9313, time=2.39s
[2025-12-04 09:00:32]   Trial 2/3: ✓ cut=40154.30, balance=0.9251, time=2.37s
[2025-12-04 09:00:35]   Trial 3/3: ✓ cut=39901.49, balance=0.9260, time=2.38s
[2025-12-04 09:00:35] 
  Running METIS baseline...
[2025-12-04 09:00:35]   METIS baseline: cut=32314.17, balance=0.6074, time=0.05s
[2025-12-04 09:00:35]   METIS weights: min=800.76, max=1318.27, avg=1085.35, std=98.47
[2025-12-04 09:00:35]   → Quantum vs METIS: cut improvement = -24.14%
[2025-12-04 09:00:35] 
  → Aggregate: cut=40116.14±161.95, balance=0.9274, time=2.38±0.01s

================================================================================
[2025-12-04 09:00:35] [648/900] Testing configuration:
  k_target: 32
  coarsen_limit: 170
  balance_weight: 0.9
  num_reads: 400
================================================================================
[2025-12-04 09:00:38]   Trial 1/3: ✓ cut=40649.77, balance=0.9509, time=2.71s
[2025-12-04 09:00:40]   Trial 2/3: ✓ cut=39695.32, balance=0.9607, time=2.70s
[2025-12-04 09:00:43]   Trial 3/3: ✓ cut=40075.65, balance=0.9571, time=2.78s
[2025-12-04 09:00:43] 
  Running METIS baseline...
[2025-12-04 09:00:43]   METIS baseline: cut=32314.17, balance=0.6074, time=0.05s
[2025-12-04 09:00:43]   METIS weights: min=800.76, max=1318.27, avg=1085.35, std=98.47
[2025-12-04 09:00:43]   → Quantum vs METIS: cut improvement = -24.22%
[2025-12-04 09:00:43] 
  → Aggregate: cut=40140.25±392.32, balance=0.9562, time=2.73±0.04s

================================================================================
[2025-12-04 09:00:43] [649/900] Testing configuration:
  k_target: 32
  coarsen_limit: 170
  balance_weight: 0.9
  num_reads: 450
================================================================================
[2025-12-04 09:00:46]   Trial 1/3: ✓ cut=39879.87, balance=0.8799, time=3.04s
[2025-12-04 09:00:49]   Trial 2/3: ✓ cut=39437.42, balance=0.9649, time=3.01s
[2025-12-04 09:00:52]   Trial 3/3: ✓ cut=39719.58, balance=0.9335, time=3.01s
[2025-12-04 09:00:52] 
  Running METIS baseline...
[2025-12-04 09:00:52]   METIS baseline: cut=32314.17, balance=0.6074, time=0.05s
[2025-12-04 09:00:52]   METIS weights: min=800.76, max=1318.27, avg=1085.35, std=98.47
[2025-12-04 09:00:52]   → Quantum vs METIS: cut improvement = -22.79%
[2025-12-04 09:00:52] 
  → Aggregate: cut=39678.96±182.90, balance=0.9261, time=3.02±0.02s

================================================================================
[2025-12-04 09:00:52] [650/900] Testing configuration:
  k_target: 32
  coarsen_limit: 170
  balance_weight: 0.9
  num_reads: 500
================================================================================
[2025-12-04 09:00:56]   Trial 1/3: ✓ cut=40347.24, balance=0.9588, time=3.34s
[2025-12-04 09:00:59]   Trial 2/3: ✓ cut=39407.10, balance=0.9631, time=3.32s
[2025-12-04 09:01:03]   Trial 3/3: ✓ cut=39746.47, balance=0.9623, time=3.39s
[2025-12-04 09:01:03] 
  Running METIS baseline...
[2025-12-04 09:01:03]   METIS baseline: cut=32314.17, balance=0.6074, time=0.05s
[2025-12-04 09:01:03]   METIS weights: min=800.76, max=1318.27, avg=1085.35, std=98.47
[2025-12-04 09:01:03]   → Quantum vs METIS: cut improvement = -23.27%
[2025-12-04 09:01:03] 
  → Aggregate: cut=39833.60±388.72, balance=0.9614, time=3.35±0.03s

================================================================================
[2025-12-04 09:01:03] [651/900] Testing configuration:
  k_target: 32
  coarsen_limit: 170
  balance_weight: 1.1
  num_reads: 50
================================================================================
[2025-12-04 09:01:03]   Trial 1/3: ✓ cut=41240.31, balance=0.9463, time=0.49s
[2025-12-04 09:01:04]   Trial 2/3: ✓ cut=41300.25, balance=0.9613, time=0.48s
[2025-12-04 09:01:04]   Trial 3/3: ✓ cut=40783.61, balance=0.9434, time=0.50s
[2025-12-04 09:01:04] 
  Running METIS baseline...
[2025-12-04 09:01:04]   METIS baseline: cut=32314.17, balance=0.6074, time=0.05s
[2025-12-04 09:01:04]   METIS weights: min=800.76, max=1318.27, avg=1085.35, std=98.47
[2025-12-04 09:01:04]   → Quantum vs METIS: cut improvement = -27.21%
[2025-12-04 09:01:04] 
  → Aggregate: cut=41108.06±230.72, balance=0.9503, time=0.49±0.01s

================================================================================
[2025-12-04 09:01:04] [652/900] Testing configuration:
  k_target: 32
  coarsen_limit: 170
  balance_weight: 1.1
  num_reads: 100
================================================================================
[2025-12-04 09:01:05]   Trial 1/3: ✓ cut=40585.54, balance=0.8287, time=0.81s
[2025-12-04 09:01:06]   Trial 2/3: ✓ cut=40741.48, balance=0.9451, time=0.82s
[2025-12-04 09:01:07]   Trial 3/3: ✓ cut=40822.97, balance=0.9684, time=0.79s
[2025-12-04 09:01:07] 
  Running METIS baseline...
[2025-12-04 09:01:07]   METIS baseline: cut=32314.17, balance=0.6074, time=0.05s
[2025-12-04 09:01:07]   METIS weights: min=800.76, max=1318.27, avg=1085.35, std=98.47
[2025-12-04 09:01:07]   → Quantum vs METIS: cut improvement = -26.00%
[2025-12-04 09:01:07] 
  → Aggregate: cut=40716.66±98.51, balance=0.9141, time=0.81±0.01s

================================================================================
[2025-12-04 09:01:07] [653/900] Testing configuration:
  k_target: 32
  coarsen_limit: 170
  balance_weight: 1.1
  num_reads: 150
================================================================================
[2025-12-04 09:01:08]   Trial 1/3: ✓ cut=41049.32, balance=0.9218, time=1.24s
[2025-12-04 09:01:09]   Trial 2/3: ✓ cut=39767.40, balance=0.9740, time=1.16s
[2025-12-04 09:01:10]   Trial 3/3: ✓ cut=40762.49, balance=0.9728, time=1.13s
[2025-12-04 09:01:10] 
  Running METIS baseline...
[2025-12-04 09:01:10]   METIS baseline: cut=32314.17, balance=0.6074, time=0.06s
[2025-12-04 09:01:10]   METIS weights: min=800.76, max=1318.27, avg=1085.35, std=98.47
[2025-12-04 09:01:10]   → Quantum vs METIS: cut improvement = -25.41%
[2025-12-04 09:01:10] 
  → Aggregate: cut=40526.40±549.32, balance=0.9562, time=1.18±0.04s

================================================================================
[2025-12-04 09:01:10] [654/900] Testing configuration:
  k_target: 32
  coarsen_limit: 170
  balance_weight: 1.1
  num_reads: 200
================================================================================
[2025-12-04 09:01:12]   Trial 1/3: ✓ cut=40222.53, balance=0.9495, time=1.51s
[2025-12-04 09:01:13]   Trial 2/3: ✓ cut=40281.07, balance=0.9491, time=1.42s
[2025-12-04 09:01:15]   Trial 3/3: ✓ cut=40372.86, balance=0.9597, time=1.43s
[2025-12-04 09:01:15] 
  Running METIS baseline...
[2025-12-04 09:01:15]   METIS baseline: cut=32314.17, balance=0.6074, time=0.05s
[2025-12-04 09:01:15]   METIS weights: min=800.76, max=1318.27, avg=1085.35, std=98.47
[2025-12-04 09:01:15]   → Quantum vs METIS: cut improvement = -24.69%
[2025-12-04 09:01:15] 
  → Aggregate: cut=40292.15±61.87, balance=0.9528, time=1.45±0.04s

================================================================================
[2025-12-04 09:01:15] [655/900] Testing configuration:
  k_target: 32
  coarsen_limit: 170
  balance_weight: 1.1
  num_reads: 250
================================================================================
[2025-12-04 09:01:17]   Trial 1/3: ✓ cut=40330.01, balance=0.9600, time=1.72s
[2025-12-04 09:01:18]   Trial 2/3: ✓ cut=41528.72, balance=0.9643, time=1.72s
[2025-12-04 09:01:20]   Trial 3/3: ✓ cut=39997.57, balance=0.9011, time=1.73s
[2025-12-04 09:01:20] 
  Running METIS baseline...
[2025-12-04 09:01:20]   METIS baseline: cut=32314.17, balance=0.6074, time=0.05s
[2025-12-04 09:01:20]   METIS weights: min=800.76, max=1318.27, avg=1085.35, std=98.47
[2025-12-04 09:01:20]   → Quantum vs METIS: cut improvement = -25.70%
[2025-12-04 09:01:20] 
  → Aggregate: cut=40618.77±657.59, balance=0.9418, time=1.72±0.01s

================================================================================
[2025-12-04 09:01:20] [656/900] Testing configuration:
  k_target: 32
  coarsen_limit: 170
  balance_weight: 1.1
  num_reads: 300
================================================================================
[2025-12-04 09:01:22]   Trial 1/3: ✓ cut=40131.69, balance=0.9480, time=2.03s
[2025-12-04 09:01:24]   Trial 2/3: ✓ cut=39772.24, balance=0.9302, time=2.06s
[2025-12-04 09:01:26]   Trial 3/3: ✓ cut=40103.21, balance=0.9574, time=2.05s
[2025-12-04 09:01:26] 
  Running METIS baseline...
[2025-12-04 09:01:26]   METIS baseline: cut=32314.17, balance=0.6074, time=0.05s
[2025-12-04 09:01:26]   METIS weights: min=800.76, max=1318.27, avg=1085.35, std=98.47
[2025-12-04 09:01:26]   → Quantum vs METIS: cut improvement = -23.79%
[2025-12-04 09:01:26] 
  → Aggregate: cut=40002.38±163.15, balance=0.9452, time=2.05±0.01s

================================================================================
[2025-12-04 09:01:26] [657/900] Testing configuration:
  k_target: 32
  coarsen_limit: 170
  balance_weight: 1.1
  num_reads: 350
================================================================================
[2025-12-04 09:01:29]   Trial 1/3: ✓ cut=39973.86, balance=0.9581, time=2.33s
[2025-12-04 09:01:31]   Trial 2/3: ✓ cut=40383.42, balance=0.9707, time=2.43s
[2025-12-04 09:01:34]   Trial 3/3: ✓ cut=40175.08, balance=0.9417, time=2.37s
[2025-12-04 09:01:34] 
  Running METIS baseline...
[2025-12-04 09:01:34]   METIS baseline: cut=32314.17, balance=0.6074, time=0.05s
[2025-12-04 09:01:34]   METIS weights: min=800.76, max=1318.27, avg=1085.35, std=98.47
[2025-12-04 09:01:34]   → Quantum vs METIS: cut improvement = -24.33%
[2025-12-04 09:01:34] 
  → Aggregate: cut=40177.45±167.21, balance=0.9569, time=2.38±0.04s

================================================================================
[2025-12-04 09:01:34] [658/900] Testing configuration:
  k_target: 32
  coarsen_limit: 170
  balance_weight: 1.1
  num_reads: 400
================================================================================
[2025-12-04 09:01:36]   Trial 1/3: ✓ cut=39805.34, balance=0.9410, time=2.72s
[2025-12-04 09:01:39]   Trial 2/3: ✓ cut=40152.62, balance=0.9584, time=2.71s
[2025-12-04 09:01:42]   Trial 3/3: ✓ cut=40433.63, balance=0.9366, time=2.69s
[2025-12-04 09:01:42] 
  Running METIS baseline...
[2025-12-04 09:01:42]   METIS baseline: cut=32314.17, balance=0.6074, time=0.05s
[2025-12-04 09:01:42]   METIS weights: min=800.76, max=1318.27, avg=1085.35, std=98.47
[2025-12-04 09:01:42]   → Quantum vs METIS: cut improvement = -24.19%
[2025-12-04 09:01:42] 
  → Aggregate: cut=40130.53±256.97, balance=0.9453, time=2.70±0.01s

================================================================================
[2025-12-04 09:01:42] [659/900] Testing configuration:
  k_target: 32
  coarsen_limit: 170
  balance_weight: 1.1
  num_reads: 450
================================================================================
[2025-12-04 09:01:45]   Trial 1/3: ✓ cut=40254.59, balance=0.9329, time=3.00s
[2025-12-04 09:01:48]   Trial 2/3: ✓ cut=40038.00, balance=0.9244, time=2.99s
[2025-12-04 09:01:51]   Trial 3/3: ✓ cut=40440.39, balance=0.8797, time=3.01s
[2025-12-04 09:01:51] 
  Running METIS baseline...
[2025-12-04 09:01:51]   METIS baseline: cut=32314.17, balance=0.6074, time=0.05s
[2025-12-04 09:01:51]   METIS weights: min=800.76, max=1318.27, avg=1085.35, std=98.47
[2025-12-04 09:01:51]   → Quantum vs METIS: cut improvement = -24.54%
[2025-12-04 09:01:51] 
  → Aggregate: cut=40244.32±164.43, balance=0.9123, time=3.00±0.01s

================================================================================
[2025-12-04 09:01:51] [660/900] Testing configuration:
  k_target: 32
  coarsen_limit: 170
  balance_weight: 1.1
  num_reads: 500
================================================================================
[2025-12-04 09:01:54]   Trial 1/3: ✓ cut=39559.76, balance=0.9404, time=3.33s
[2025-12-04 09:01:58]   Trial 2/3: ✓ cut=40497.15, balance=0.9555, time=3.33s
[2025-12-04 09:02:01]   Trial 3/3: ✓ cut=40440.50, balance=0.9043, time=3.32s
[2025-12-04 09:02:01] 
  Running METIS baseline...
[2025-12-04 09:02:01]   METIS baseline: cut=32314.17, balance=0.6074, time=0.05s
[2025-12-04 09:02:01]   METIS weights: min=800.76, max=1318.27, avg=1085.35, std=98.47
[2025-12-04 09:02:01]   → Quantum vs METIS: cut improvement = -24.30%
[2025-12-04 09:02:01] 
  → Aggregate: cut=40165.80±429.16, balance=0.9334, time=3.33±0.00s

================================================================================
[2025-12-04 09:02:01] [661/900] Testing configuration:
  k_target: 32
  coarsen_limit: 170
  balance_weight: 1.3
  num_reads: 50
================================================================================
[2025-12-04 09:02:02]   Trial 1/3: ✓ cut=41216.39, balance=0.9527, time=0.47s
[2025-12-04 09:02:02]   Trial 2/3: ✓ cut=41426.50, balance=0.9612, time=0.49s
[2025-12-04 09:02:03]   Trial 3/3: ✓ cut=41434.82, balance=0.9586, time=0.56s
[2025-12-04 09:02:03] 
  Running METIS baseline...
[2025-12-04 09:02:03]   METIS baseline: cut=32314.17, balance=0.6074, time=0.05s
[2025-12-04 09:02:03]   METIS weights: min=800.76, max=1318.27, avg=1085.35, std=98.47
[2025-12-04 09:02:03]   → Quantum vs METIS: cut improvement = -27.99%
[2025-12-04 09:02:03] 
  → Aggregate: cut=41359.24±101.06, balance=0.9575, time=0.51±0.04s

================================================================================
[2025-12-04 09:02:03] [662/900] Testing configuration:
  k_target: 32
  coarsen_limit: 170
  balance_weight: 1.3
  num_reads: 100
================================================================================
[2025-12-04 09:02:04]   Trial 1/3: ✓ cut=40716.16, balance=0.9690, time=0.83s
[2025-12-04 09:02:04]   Trial 2/3: ✓ cut=41015.84, balance=0.9729, time=0.81s
[2025-12-04 09:02:05]   Trial 3/3: ✓ cut=40479.03, balance=0.9601, time=0.80s
[2025-12-04 09:02:05] 
  Running METIS baseline...
[2025-12-04 09:02:05]   METIS baseline: cut=32314.17, balance=0.6074, time=0.06s
[2025-12-04 09:02:05]   METIS weights: min=800.76, max=1318.27, avg=1085.35, std=98.47
[2025-12-04 09:02:05]   → Quantum vs METIS: cut improvement = -26.07%
[2025-12-04 09:02:05] 
  → Aggregate: cut=40737.01±219.65, balance=0.9673, time=0.81±0.01s

================================================================================
[2025-12-04 09:02:05] [663/900] Testing configuration:
  k_target: 32
  coarsen_limit: 170
  balance_weight: 1.3
  num_reads: 150
================================================================================
[2025-12-04 09:02:06]   Trial 1/3: ✓ cut=40381.92, balance=0.9591, time=1.17s
[2025-12-04 09:02:08]   Trial 2/3: ✓ cut=40518.03, balance=0.9514, time=1.12s
[2025-12-04 09:02:09]   Trial 3/3: ✓ cut=40363.98, balance=0.9589, time=1.12s
[2025-12-04 09:02:09] 
  Running METIS baseline...
[2025-12-04 09:02:09]   METIS baseline: cut=32314.17, balance=0.6074, time=0.06s
[2025-12-04 09:02:09]   METIS weights: min=800.76, max=1318.27, avg=1085.35, std=98.47
[2025-12-04 09:02:09]   → Quantum vs METIS: cut improvement = -25.09%
[2025-12-04 09:02:09] 
  → Aggregate: cut=40421.31±68.78, balance=0.9565, time=1.14±0.02s

================================================================================
[2025-12-04 09:02:09] [664/900] Testing configuration:
  k_target: 32
  coarsen_limit: 170
  balance_weight: 1.3
  num_reads: 200
================================================================================
[2025-12-04 09:02:10]   Trial 1/3: ✓ cut=40215.72, balance=0.9464, time=1.47s
[2025-12-04 09:02:12]   Trial 2/3: ✓ cut=40913.49, balance=0.9583, time=1.44s
[2025-12-04 09:02:13]   Trial 3/3: ✓ cut=40395.49, balance=0.9779, time=1.45s
[2025-12-04 09:02:13] 
  Running METIS baseline...
[2025-12-04 09:02:13]   METIS baseline: cut=32314.17, balance=0.6074, time=0.05s
[2025-12-04 09:02:13]   METIS weights: min=800.76, max=1318.27, avg=1085.35, std=98.47
[2025-12-04 09:02:13]   → Quantum vs METIS: cut improvement = -25.36%
[2025-12-04 09:02:13] 
  → Aggregate: cut=40508.23±295.81, balance=0.9609, time=1.45±0.02s

================================================================================
[2025-12-04 09:02:13] [665/900] Testing configuration:
  k_target: 32
  coarsen_limit: 170
  balance_weight: 1.3
  num_reads: 250
================================================================================
[2025-12-04 09:02:15]   Trial 1/3: ✓ cut=40287.93, balance=0.9650, time=1.80s
[2025-12-04 09:02:17]   Trial 2/3: ✓ cut=39298.88, balance=0.9718, time=1.72s
[2025-12-04 09:02:19]   Trial 3/3: ✓ cut=40054.87, balance=0.9524, time=1.75s
[2025-12-04 09:02:19] 
  Running METIS baseline...
[2025-12-04 09:02:19]   METIS baseline: cut=32314.17, balance=0.6074, time=0.05s
[2025-12-04 09:02:19]   METIS weights: min=800.76, max=1318.27, avg=1085.35, std=98.47
[2025-12-04 09:02:19]   → Quantum vs METIS: cut improvement = -23.42%
[2025-12-04 09:02:19] 
  → Aggregate: cut=39880.56±422.17, balance=0.9631, time=1.76±0.03s

================================================================================
[2025-12-04 09:02:19] [666/900] Testing configuration:
  k_target: 32
  coarsen_limit: 170
  balance_weight: 1.3
  num_reads: 300
================================================================================
[2025-12-04 09:02:21]   Trial 1/3: ✓ cut=40998.92, balance=0.9392, time=2.12s
[2025-12-04 09:02:23]   Trial 2/3: ✓ cut=40598.53, balance=0.9464, time=2.06s
[2025-12-04 09:02:25]   Trial 3/3: ✓ cut=39672.67, balance=0.9297, time=2.08s
[2025-12-04 09:02:25] 
  Running METIS baseline...
[2025-12-04 09:02:25]   METIS baseline: cut=32314.17, balance=0.6074, time=0.05s
[2025-12-04 09:02:25]   METIS weights: min=800.76, max=1318.27, avg=1085.35, std=98.47
[2025-12-04 09:02:25]   → Quantum vs METIS: cut improvement = -25.09%
[2025-12-04 09:02:25] 
  → Aggregate: cut=40423.37±555.43, balance=0.9384, time=2.09±0.03s

================================================================================
[2025-12-04 09:02:25] [667/900] Testing configuration:
  k_target: 32
  coarsen_limit: 170
  balance_weight: 1.3
  num_reads: 350
================================================================================
[2025-12-04 09:02:27]   Trial 1/3: ✓ cut=40096.09, balance=0.9583, time=2.35s
[2025-12-04 09:02:30]   Trial 2/3: ✓ cut=40091.39, balance=0.9400, time=2.37s
[2025-12-04 09:02:32]   Trial 3/3: ✓ cut=40407.54, balance=0.9416, time=2.38s
[2025-12-04 09:02:32] 
  Running METIS baseline...
[2025-12-04 09:02:32]   METIS baseline: cut=32314.17, balance=0.6074, time=0.05s
[2025-12-04 09:02:32]   METIS weights: min=800.76, max=1318.27, avg=1085.35, std=98.47
[2025-12-04 09:02:32]   → Quantum vs METIS: cut improvement = -24.40%
[2025-12-04 09:02:32] 
  → Aggregate: cut=40198.34±147.94, balance=0.9466, time=2.36±0.01s

================================================================================
[2025-12-04 09:02:32] [668/900] Testing configuration:
  k_target: 32
  coarsen_limit: 170
  balance_weight: 1.3
  num_reads: 400
================================================================================
[2025-12-04 09:02:35]   Trial 1/3: ✓ cut=39670.33, balance=0.9521, time=2.69s
[2025-12-04 09:02:38]   Trial 2/3: ✓ cut=40787.90, balance=0.8829, time=2.68s
[2025-12-04 09:02:40]   Trial 3/3: ✓ cut=39929.06, balance=0.9054, time=2.70s
[2025-12-04 09:02:40] 
  Running METIS baseline...
[2025-12-04 09:02:40]   METIS baseline: cut=32314.17, balance=0.6074, time=0.05s
[2025-12-04 09:02:40]   METIS weights: min=800.76, max=1318.27, avg=1085.35, std=98.47
[2025-12-04 09:02:40]   → Quantum vs METIS: cut improvement = -24.18%
[2025-12-04 09:02:40] 
  → Aggregate: cut=40129.10±477.67, balance=0.9134, time=2.69±0.01s

================================================================================
[2025-12-04 09:02:40] [669/900] Testing configuration:
  k_target: 32
  coarsen_limit: 170
  balance_weight: 1.3
  num_reads: 450
================================================================================
[2025-12-04 09:02:43]   Trial 1/3: ✓ cut=40107.71, balance=0.8197, time=2.96s
[2025-12-04 09:02:46]   Trial 2/3: ✓ cut=40517.46, balance=0.9469, time=2.98s
[2025-12-04 09:02:49]   Trial 3/3: ✓ cut=40740.45, balance=0.9115, time=2.99s
[2025-12-04 09:02:49] 
  Running METIS baseline...
[2025-12-04 09:02:49]   METIS baseline: cut=32314.17, balance=0.6074, time=0.05s
[2025-12-04 09:02:49]   METIS weights: min=800.76, max=1318.27, avg=1085.35, std=98.47
[2025-12-04 09:02:49]   → Quantum vs METIS: cut improvement = -25.19%
[2025-12-04 09:02:49] 
  → Aggregate: cut=40455.20±262.04, balance=0.8927, time=2.97±0.01s

================================================================================
[2025-12-04 09:02:49] [670/900] Testing configuration:
  k_target: 32
  coarsen_limit: 170
  balance_weight: 1.3
  num_reads: 500
================================================================================
[2025-12-04 09:02:53]   Trial 1/3: ✓ cut=39828.49, balance=0.9340, time=3.29s
[2025-12-04 09:02:56]   Trial 2/3: ✓ cut=40169.16, balance=0.9709, time=3.37s
[2025-12-04 09:02:59]   Trial 3/3: ✓ cut=40170.23, balance=0.9580, time=3.32s
[2025-12-04 09:02:59] 
  Running METIS baseline...
[2025-12-04 09:02:59]   METIS baseline: cut=32314.17, balance=0.6074, time=0.05s
[2025-12-04 09:02:59]   METIS weights: min=800.76, max=1318.27, avg=1085.35, std=98.47
[2025-12-04 09:02:59]   → Quantum vs METIS: cut improvement = -23.96%
[2025-12-04 09:02:59] 
  → Aggregate: cut=40055.96±160.85, balance=0.9543, time=3.33±0.03s

================================================================================
[2025-12-04 09:03:00] [671/900] Testing configuration:
  k_target: 32
  coarsen_limit: 170
  balance_weight: 1.5
  num_reads: 50
================================================================================
[2025-12-04 09:03:00]   Trial 1/3: ✓ cut=41404.60, balance=0.9382, time=0.45s
[2025-12-04 09:03:00]   Trial 2/3: ✓ cut=40968.90, balance=0.8622, time=0.45s
[2025-12-04 09:03:01]   Trial 3/3: ✓ cut=41639.67, balance=0.9355, time=0.45s
[2025-12-04 09:03:01] 
  Running METIS baseline...
[2025-12-04 09:03:01]   METIS baseline: cut=32314.17, balance=0.6074, time=0.05s
[2025-12-04 09:03:01]   METIS weights: min=800.76, max=1318.27, avg=1085.35, std=98.47
[2025-12-04 09:03:01]   → Quantum vs METIS: cut improvement = -27.92%
[2025-12-04 09:03:01] 
  → Aggregate: cut=41337.72±277.89, balance=0.9120, time=0.45±0.00s

================================================================================
[2025-12-04 09:03:01] [672/900] Testing configuration:
  k_target: 32
  coarsen_limit: 170
  balance_weight: 1.5
  num_reads: 100
================================================================================
[2025-12-04 09:03:02]   Trial 1/3: ✓ cut=40824.24, balance=0.9655, time=0.79s
[2025-12-04 09:03:03]   Trial 2/3: ✓ cut=41043.86, balance=0.9679, time=0.79s
[2025-12-04 09:03:03]   Trial 3/3: ✓ cut=41405.69, balance=0.9657, time=0.80s
[2025-12-04 09:03:03] 
  Running METIS baseline...
[2025-12-04 09:03:03]   METIS baseline: cut=32314.17, balance=0.6074, time=0.05s
[2025-12-04 09:03:03]   METIS weights: min=800.76, max=1318.27, avg=1085.35, std=98.47
[2025-12-04 09:03:03]   → Quantum vs METIS: cut improvement = -27.16%
[2025-12-04 09:03:03] 
  → Aggregate: cut=41091.26±239.73, balance=0.9664, time=0.79±0.00s

================================================================================
[2025-12-04 09:03:03] [673/900] Testing configuration:
  k_target: 32
  coarsen_limit: 170
  balance_weight: 1.5
  num_reads: 150
================================================================================
[2025-12-04 09:03:05]   Trial 1/3: ✓ cut=40483.43, balance=0.9391, time=1.14s
[2025-12-04 09:03:06]   Trial 2/3: ✓ cut=40438.95, balance=0.9517, time=1.13s
[2025-12-04 09:03:07]   Trial 3/3: ✓ cut=40732.98, balance=0.9464, time=1.11s
[2025-12-04 09:03:07] 
  Running METIS baseline...
[2025-12-04 09:03:07]   METIS baseline: cut=32314.17, balance=0.6074, time=0.06s
[2025-12-04 09:03:07]   METIS weights: min=800.76, max=1318.27, avg=1085.35, std=98.47
[2025-12-04 09:03:07]   → Quantum vs METIS: cut improvement = -25.49%
[2025-12-04 09:03:07] 
  → Aggregate: cut=40551.79±129.40, balance=0.9457, time=1.13±0.01s

================================================================================
[2025-12-04 09:03:07] [674/900] Testing configuration:
  k_target: 32
  coarsen_limit: 170
  balance_weight: 1.5
  num_reads: 200
================================================================================
[2025-12-04 09:03:08]   Trial 1/3: ✓ cut=40863.54, balance=0.8943, time=1.46s
[2025-12-04 09:03:10]   Trial 2/3: ✓ cut=41083.79, balance=0.9436, time=1.48s
[2025-12-04 09:03:11]   Trial 3/3: ✓ cut=40845.17, balance=0.8714, time=1.50s
[2025-12-04 09:03:11] 
  Running METIS baseline...
[2025-12-04 09:03:12]   METIS baseline: cut=32314.17, balance=0.6074, time=0.14s
[2025-12-04 09:03:12]   METIS weights: min=800.76, max=1318.27, avg=1085.35, std=98.47
[2025-12-04 09:03:12]   → Quantum vs METIS: cut improvement = -26.67%
[2025-12-04 09:03:12] 
  → Aggregate: cut=40930.84±108.42, balance=0.9031, time=1.48±0.02s

================================================================================
[2025-12-04 09:03:12] [675/900] Testing configuration:
  k_target: 32
  coarsen_limit: 170
  balance_weight: 1.5
  num_reads: 250
================================================================================
[2025-12-04 09:03:13]   Trial 1/3: ✓ cut=40422.36, balance=0.9121, time=1.75s
[2025-12-04 09:03:15]   Trial 2/3: ✓ cut=40291.48, balance=0.9023, time=1.73s
[2025-12-04 09:03:17]   Trial 3/3: ✓ cut=40849.63, balance=0.9581, time=1.70s
[2025-12-04 09:03:17] 
  Running METIS baseline...
[2025-12-04 09:03:17]   METIS baseline: cut=32314.17, balance=0.6074, time=0.05s
[2025-12-04 09:03:17]   METIS weights: min=800.76, max=1318.27, avg=1085.35, std=98.47
[2025-12-04 09:03:17]   → Quantum vs METIS: cut improvement = -25.40%
[2025-12-04 09:03:17] 
  → Aggregate: cut=40521.16±238.33, balance=0.9242, time=1.73±0.02s

================================================================================
[2025-12-04 09:03:17] [676/900] Testing configuration:
  k_target: 32
  coarsen_limit: 170
  balance_weight: 1.5
  num_reads: 300
================================================================================
[2025-12-04 09:03:19]   Trial 1/3: ✓ cut=40472.99, balance=0.9639, time=2.03s
[2025-12-04 09:03:21]   Trial 2/3: ✓ cut=41171.44, balance=0.9710, time=2.04s
[2025-12-04 09:03:23]   Trial 3/3: ✓ cut=40251.43, balance=0.9661, time=2.02s
[2025-12-04 09:03:23] 
  Running METIS baseline...
[2025-12-04 09:03:23]   METIS baseline: cut=32314.17, balance=0.6074, time=0.05s
[2025-12-04 09:03:23]   METIS weights: min=800.76, max=1318.27, avg=1085.35, std=98.47
[2025-12-04 09:03:23]   → Quantum vs METIS: cut improvement = -25.74%
[2025-12-04 09:03:23] 
  → Aggregate: cut=40631.96±392.05, balance=0.9670, time=2.03±0.01s

================================================================================
[2025-12-04 09:03:23] [677/900] Testing configuration:
  k_target: 32
  coarsen_limit: 170
  balance_weight: 1.5
  num_reads: 350
================================================================================
[2025-12-04 09:03:25]   Trial 1/3: ✓ cut=40763.30, balance=0.9597, time=2.36s
[2025-12-04 09:03:28]   Trial 2/3: ✓ cut=40884.71, balance=0.9496, time=2.34s
[2025-12-04 09:03:30]   Trial 3/3: ✓ cut=40567.79, balance=0.9541, time=2.35s
[2025-12-04 09:03:30] 
  Running METIS baseline...
[2025-12-04 09:03:30]   METIS baseline: cut=32314.17, balance=0.6074, time=0.05s
[2025-12-04 09:03:30]   METIS weights: min=800.76, max=1318.27, avg=1085.35, std=98.47
[2025-12-04 09:03:30]   → Quantum vs METIS: cut improvement = -26.07%
[2025-12-04 09:03:30] 
  → Aggregate: cut=40738.60±130.56, balance=0.9545, time=2.35±0.01s

================================================================================
[2025-12-04 09:03:30] [678/900] Testing configuration:
  k_target: 32
  coarsen_limit: 170
  balance_weight: 1.5
  num_reads: 400
================================================================================
[2025-12-04 09:03:33]   Trial 1/3: ✓ cut=40638.08, balance=0.9713, time=2.66s
[2025-12-04 09:03:36]   Trial 2/3: ✓ cut=40139.84, balance=0.8991, time=2.72s
[2025-12-04 09:03:38]   Trial 3/3: ✓ cut=39713.42, balance=0.9767, time=2.67s
[2025-12-04 09:03:38] 
  Running METIS baseline...
[2025-12-04 09:03:38]   METIS baseline: cut=32314.17, balance=0.6074, time=0.05s
[2025-12-04 09:03:38]   METIS weights: min=800.76, max=1318.27, avg=1085.35, std=98.47
[2025-12-04 09:03:38]   → Quantum vs METIS: cut improvement = -24.29%
[2025-12-04 09:03:38] 
  → Aggregate: cut=40163.78±377.87, balance=0.9490, time=2.69±0.03s

================================================================================
[2025-12-04 09:03:38] [679/900] Testing configuration:
  k_target: 32
  coarsen_limit: 170
  balance_weight: 1.5
  num_reads: 450
================================================================================
[2025-12-04 09:03:42]   Trial 1/3: ✓ cut=41199.99, balance=0.9589, time=3.07s
[2025-12-04 09:03:45]   Trial 2/3: ✓ cut=40640.38, balance=0.9406, time=3.07s
[2025-12-04 09:03:48]   Trial 3/3: ✓ cut=40571.28, balance=0.9591, time=3.07s
[2025-12-04 09:03:48] 
  Running METIS baseline...
[2025-12-04 09:03:48]   METIS baseline: cut=32314.17, balance=0.6074, time=0.05s
[2025-12-04 09:03:48]   METIS weights: min=800.76, max=1318.27, avg=1085.35, std=98.47
[2025-12-04 09:03:48]   → Quantum vs METIS: cut improvement = -26.27%
[2025-12-04 09:03:48] 
  → Aggregate: cut=40803.88±281.51, balance=0.9529, time=3.07±0.00s

================================================================================
[2025-12-04 09:03:48] [680/900] Testing configuration:
  k_target: 32
  coarsen_limit: 170
  balance_weight: 1.5
  num_reads: 500
================================================================================
[2025-12-04 09:03:51]   Trial 1/3: ✓ cut=40383.54, balance=0.8920, time=3.32s
[2025-12-04 09:03:54]   Trial 2/3: ✓ cut=41080.69, balance=0.9753, time=3.34s
[2025-12-04 09:03:58]   Trial 3/3: ✓ cut=40653.59, balance=0.9514, time=3.32s
[2025-12-04 09:03:58] 
  Running METIS baseline...
[2025-12-04 09:03:58]   METIS baseline: cut=32314.17, balance=0.6074, time=0.05s
[2025-12-04 09:03:58]   METIS weights: min=800.76, max=1318.27, avg=1085.35, std=98.47
[2025-12-04 09:03:58]   → Quantum vs METIS: cut improvement = -25.97%
[2025-12-04 09:03:58] 
  → Aggregate: cut=40705.94±287.01, balance=0.9395, time=3.32±0.01s

================================================================================
[2025-12-04 09:03:58] [681/900] Testing configuration:
  k_target: 32
  coarsen_limit: 170
  balance_weight: 1.7
  num_reads: 50
================================================================================
[2025-12-04 09:03:58]   Trial 1/3: ✓ cut=41322.83, balance=0.9405, time=0.45s
[2025-12-04 09:03:59]   Trial 2/3: ✓ cut=41486.45, balance=0.9181, time=0.47s
[2025-12-04 09:03:59]   Trial 3/3: ✓ cut=41655.05, balance=0.9619, time=0.46s
[2025-12-04 09:03:59] 
  Running METIS baseline...
[2025-12-04 09:03:59]   METIS baseline: cut=32314.17, balance=0.6074, time=0.05s
[2025-12-04 09:03:59]   METIS weights: min=800.76, max=1318.27, avg=1085.35, std=98.47
[2025-12-04 09:03:59]   → Quantum vs METIS: cut improvement = -28.39%
[2025-12-04 09:03:59] 
  → Aggregate: cut=41488.11±135.63, balance=0.9402, time=0.46±0.00s

================================================================================
[2025-12-04 09:03:59] [682/900] Testing configuration:
  k_target: 32
  coarsen_limit: 170
  balance_weight: 1.7
  num_reads: 100
================================================================================
[2025-12-04 09:04:00]   Trial 1/3: ✓ cut=41373.82, balance=0.9616, time=0.78s
[2025-12-04 09:04:01]   Trial 2/3: ✓ cut=40747.70, balance=0.9035, time=0.78s
[2025-12-04 09:04:02]   Trial 3/3: ✓ cut=40824.76, balance=0.9435, time=0.85s
[2025-12-04 09:04:02] 
  Running METIS baseline...
[2025-12-04 09:04:02]   METIS baseline: cut=32314.17, balance=0.6074, time=0.06s
[2025-12-04 09:04:02]   METIS weights: min=800.76, max=1318.27, avg=1085.35, std=98.47
[2025-12-04 09:04:02]   → Quantum vs METIS: cut improvement = -26.82%
[2025-12-04 09:04:02] 
  → Aggregate: cut=40982.09±278.77, balance=0.9362, time=0.80±0.03s

================================================================================
[2025-12-04 09:04:02] [683/900] Testing configuration:
  k_target: 32
  coarsen_limit: 170
  balance_weight: 1.7
  num_reads: 150
================================================================================
[2025-12-04 09:04:03]   Trial 1/3: ✓ cut=41216.69, balance=0.8752, time=1.11s
[2025-12-04 09:04:04]   Trial 2/3: ✓ cut=41340.04, balance=0.8819, time=1.11s
[2025-12-04 09:04:05]   Trial 3/3: ✓ cut=40491.57, balance=0.9579, time=1.24s
[2025-12-04 09:04:05] 
  Running METIS baseline...
[2025-12-04 09:04:05]   METIS baseline: cut=32314.17, balance=0.6074, time=0.05s
[2025-12-04 09:04:05]   METIS weights: min=800.76, max=1318.27, avg=1085.35, std=98.47
[2025-12-04 09:04:05]   → Quantum vs METIS: cut improvement = -26.93%
[2025-12-04 09:04:05] 
  → Aggregate: cut=41016.10±374.30, balance=0.9050, time=1.16±0.06s

================================================================================
[2025-12-04 09:04:05] [684/900] Testing configuration:
  k_target: 32
  coarsen_limit: 170
  balance_weight: 1.7
  num_reads: 200
================================================================================
[2025-12-04 09:04:07]   Trial 1/3: ✓ cut=40663.07, balance=0.9646, time=1.43s
[2025-12-04 09:04:08]   Trial 2/3: ✓ cut=40803.82, balance=0.9739, time=1.41s
[2025-12-04 09:04:10]   Trial 3/3: ✓ cut=40199.62, balance=0.9063, time=1.44s
[2025-12-04 09:04:10] 
  Running METIS baseline...
[2025-12-04 09:04:10]   METIS baseline: cut=32314.17, balance=0.6074, time=0.05s
[2025-12-04 09:04:10]   METIS weights: min=800.76, max=1318.27, avg=1085.35, std=98.47
[2025-12-04 09:04:10]   → Quantum vs METIS: cut improvement = -25.50%
[2025-12-04 09:04:10] 
  → Aggregate: cut=40555.51±258.12, balance=0.9482, time=1.43±0.01s

================================================================================
[2025-12-04 09:04:10] [685/900] Testing configuration:
  k_target: 32
  coarsen_limit: 170
  balance_weight: 1.7
  num_reads: 250
================================================================================
[2025-12-04 09:04:12]   Trial 1/3: ✓ cut=40185.20, balance=0.9184, time=1.76s
[2025-12-04 09:04:13]   Trial 2/3: ✓ cut=40441.33, balance=0.9264, time=1.76s
[2025-12-04 09:04:15]   Trial 3/3: ✓ cut=40968.19, balance=0.9302, time=1.78s
[2025-12-04 09:04:15] 
  Running METIS baseline...
[2025-12-04 09:04:15]   METIS baseline: cut=32314.17, balance=0.6074, time=0.05s
[2025-12-04 09:04:15]   METIS weights: min=800.76, max=1318.27, avg=1085.35, std=98.47
[2025-12-04 09:04:15]   → Quantum vs METIS: cut improvement = -25.43%
[2025-12-04 09:04:15] 
  → Aggregate: cut=40531.57±325.96, balance=0.9250, time=1.77±0.01s

================================================================================
[2025-12-04 09:04:15] [686/900] Testing configuration:
  k_target: 32
  coarsen_limit: 170
  balance_weight: 1.7
  num_reads: 300
================================================================================
[2025-12-04 09:04:17]   Trial 1/3: ✓ cut=40100.17, balance=0.9599, time=2.05s
[2025-12-04 09:04:19]   Trial 2/3: ✓ cut=40480.47, balance=0.9528, time=2.07s
[2025-12-04 09:04:22]   Trial 3/3: ✓ cut=40745.94, balance=0.9499, time=2.06s
[2025-12-04 09:04:22] 
  Running METIS baseline...
[2025-12-04 09:04:22]   METIS baseline: cut=32314.17, balance=0.6074, time=0.05s
[2025-12-04 09:04:22]   METIS weights: min=800.76, max=1318.27, avg=1085.35, std=98.47
[2025-12-04 09:04:22]   → Quantum vs METIS: cut improvement = -25.15%
[2025-12-04 09:04:22] 
  → Aggregate: cut=40442.19±265.02, balance=0.9542, time=2.06±0.01s

================================================================================
[2025-12-04 09:04:22] [687/900] Testing configuration:
  k_target: 32
  coarsen_limit: 170
  balance_weight: 1.7
  num_reads: 350
================================================================================
[2025-12-04 09:04:24]   Trial 1/3: ✓ cut=40514.50, balance=0.9509, time=2.39s
[2025-12-04 09:04:26]   Trial 2/3: ✓ cut=38921.21, balance=0.9651, time=2.40s
[2025-12-04 09:04:29]   Trial 3/3: ✓ cut=40711.64, balance=0.8236, time=2.37s
[2025-12-04 09:04:29] 
  Running METIS baseline...
[2025-12-04 09:04:29]   METIS baseline: cut=32314.17, balance=0.6074, time=0.05s
[2025-12-04 09:04:29]   METIS weights: min=800.76, max=1318.27, avg=1085.35, std=98.47
[2025-12-04 09:04:29]   → Quantum vs METIS: cut improvement = -23.94%
[2025-12-04 09:04:29] 
  → Aggregate: cut=40049.12±801.60, balance=0.9132, time=2.39±0.01s

================================================================================
[2025-12-04 09:04:29] [688/900] Testing configuration:
  k_target: 32
  coarsen_limit: 170
  balance_weight: 1.7
  num_reads: 400
================================================================================
[2025-12-04 09:04:32]   Trial 1/3: ✓ cut=40599.81, balance=0.9198, time=2.75s
[2025-12-04 09:04:34]   Trial 2/3: ✓ cut=41438.86, balance=0.9604, time=2.72s
[2025-12-04 09:04:37]   Trial 3/3: ✓ cut=40431.84, balance=0.9791, time=2.72s
[2025-12-04 09:04:37] 
  Running METIS baseline...
[2025-12-04 09:04:37]   METIS baseline: cut=32314.17, balance=0.6074, time=0.05s
[2025-12-04 09:04:37]   METIS weights: min=800.76, max=1318.27, avg=1085.35, std=98.47
[2025-12-04 09:04:37]   → Quantum vs METIS: cut improvement = -26.33%
[2025-12-04 09:04:37] 
  → Aggregate: cut=40823.50±440.49, balance=0.9531, time=2.73±0.01s

================================================================================
[2025-12-04 09:04:37] [689/900] Testing configuration:
  k_target: 32
  coarsen_limit: 170
  balance_weight: 1.7
  num_reads: 450
================================================================================
[2025-12-04 09:04:40]   Trial 1/3: ✓ cut=39692.30, balance=0.9819, time=3.01s
[2025-12-04 09:04:43]   Trial 2/3: ✓ cut=40290.68, balance=0.9101, time=3.02s
[2025-12-04 09:04:46]   Trial 3/3: ✓ cut=40068.28, balance=0.9118, time=3.02s
[2025-12-04 09:04:46] 
  Running METIS baseline...
[2025-12-04 09:04:46]   METIS baseline: cut=32314.17, balance=0.6074, time=0.05s
[2025-12-04 09:04:46]   METIS weights: min=800.76, max=1318.27, avg=1085.35, std=98.47
[2025-12-04 09:04:46]   → Quantum vs METIS: cut improvement = -23.84%
[2025-12-04 09:04:46] 
  → Aggregate: cut=40017.09±246.96, balance=0.9346, time=3.02±0.00s

================================================================================
[2025-12-04 09:04:46] [690/900] Testing configuration:
  k_target: 32
  coarsen_limit: 170
  balance_weight: 1.7
  num_reads: 500
================================================================================
[2025-12-04 09:04:50]   Trial 1/3: ✓ cut=40192.40, balance=0.9649, time=3.31s
[2025-12-04 09:04:53]   Trial 2/3: ✓ cut=39842.44, balance=0.9595, time=3.33s
[2025-12-04 09:04:56]   Trial 3/3: ✓ cut=40556.32, balance=0.9417, time=3.34s
[2025-12-04 09:04:56] 
  Running METIS baseline...
[2025-12-04 09:04:56]   METIS baseline: cut=32314.17, balance=0.6074, time=0.05s
[2025-12-04 09:04:56]   METIS weights: min=800.76, max=1318.27, avg=1085.35, std=98.47
[2025-12-04 09:04:56]   → Quantum vs METIS: cut improvement = -24.39%
[2025-12-04 09:04:56] 
  → Aggregate: cut=40197.05±291.46, balance=0.9554, time=3.33±0.01s

================================================================================
[2025-12-04 09:04:56] [691/900] Testing configuration:
  k_target: 32
  coarsen_limit: 170
  balance_weight: 1.9
  num_reads: 50
================================================================================
[2025-12-04 09:04:57]   Trial 1/3: ✓ cut=41672.25, balance=0.9681, time=0.45s
[2025-12-04 09:04:57]   Trial 2/3: ✓ cut=41464.02, balance=0.9362, time=0.45s
[2025-12-04 09:04:58]   Trial 3/3: ✓ cut=40924.24, balance=0.9611, time=0.45s
[2025-12-04 09:04:58] 
  Running METIS baseline...
[2025-12-04 09:04:58]   METIS baseline: cut=32314.17, balance=0.6074, time=0.05s
[2025-12-04 09:04:58]   METIS weights: min=800.76, max=1318.27, avg=1085.35, std=98.47
[2025-12-04 09:04:58]   → Quantum vs METIS: cut improvement = -27.97%
[2025-12-04 09:04:58] 
  → Aggregate: cut=41353.50±315.21, balance=0.9551, time=0.45±0.00s

================================================================================
[2025-12-04 09:04:58] [692/900] Testing configuration:
  k_target: 32
  coarsen_limit: 170
  balance_weight: 1.9
  num_reads: 100
================================================================================
[2025-12-04 09:04:59]   Trial 1/3: ✓ cut=41172.87, balance=0.9236, time=0.78s
[2025-12-04 09:05:00]   Trial 2/3: ✓ cut=40877.15, balance=0.9214, time=0.86s
[2025-12-04 09:05:00]   Trial 3/3: ✓ cut=40748.03, balance=0.9253, time=0.77s
[2025-12-04 09:05:00] 
  Running METIS baseline...
[2025-12-04 09:05:00]   METIS baseline: cut=32314.17, balance=0.6074, time=0.05s
[2025-12-04 09:05:00]   METIS weights: min=800.76, max=1318.27, avg=1085.35, std=98.47
[2025-12-04 09:05:00]   → Quantum vs METIS: cut improvement = -26.67%
[2025-12-04 09:05:00] 
  → Aggregate: cut=40932.68±177.83, balance=0.9234, time=0.80±0.04s

================================================================================
[2025-12-04 09:05:00] [693/900] Testing configuration:
  k_target: 32
  coarsen_limit: 170
  balance_weight: 1.9
  num_reads: 150
================================================================================
[2025-12-04 09:05:02]   Trial 1/3: ✓ cut=41315.45, balance=0.9836, time=1.14s
[2025-12-04 09:05:03]   Trial 2/3: ✓ cut=40963.68, balance=0.9209, time=1.14s
[2025-12-04 09:05:04]   Trial 3/3: ✓ cut=40524.48, balance=0.8628, time=1.15s
[2025-12-04 09:05:04] 
  Running METIS baseline...
[2025-12-04 09:05:04]   METIS baseline: cut=32314.17, balance=0.6074, time=0.06s
[2025-12-04 09:05:04]   METIS weights: min=800.76, max=1318.27, avg=1085.35, std=98.47
[2025-12-04 09:05:04]   → Quantum vs METIS: cut improvement = -26.68%
[2025-12-04 09:05:04] 
  → Aggregate: cut=40934.54±323.57, balance=0.9224, time=1.14±0.00s

================================================================================
[2025-12-04 09:05:04] [694/900] Testing configuration:
  k_target: 32
  coarsen_limit: 170
  balance_weight: 1.9
  num_reads: 200
================================================================================
[2025-12-04 09:05:06]   Trial 1/3: ✓ cut=40672.21, balance=0.9738, time=1.52s
[2025-12-04 09:05:07]   Trial 2/3: ✓ cut=40720.77, balance=0.8800, time=1.48s
[2025-12-04 09:05:08]   Trial 3/3: ✓ cut=40387.49, balance=0.9287, time=1.47s
[2025-12-04 09:05:08] 
  Running METIS baseline...
[2025-12-04 09:05:09]   METIS baseline: cut=32314.17, balance=0.6074, time=0.06s
[2025-12-04 09:05:09]   METIS weights: min=800.76, max=1318.27, avg=1085.35, std=98.47
[2025-12-04 09:05:09]   → Quantum vs METIS: cut improvement = -25.62%
[2025-12-04 09:05:09] 
  → Aggregate: cut=40593.49±147.01, balance=0.9275, time=1.49±0.02s

================================================================================
[2025-12-04 09:05:09] [695/900] Testing configuration:
  k_target: 32
  coarsen_limit: 170
  balance_weight: 1.9
  num_reads: 250
================================================================================
[2025-12-04 09:05:10]   Trial 1/3: ✓ cut=40566.85, balance=0.9575, time=1.86s
[2025-12-04 09:05:12]   Trial 2/3: ✓ cut=40579.70, balance=0.9134, time=1.83s
[2025-12-04 09:05:14]   Trial 3/3: ✓ cut=40642.02, balance=0.9544, time=1.72s
[2025-12-04 09:05:14] 
  Running METIS baseline...
[2025-12-04 09:05:14]   METIS baseline: cut=32314.17, balance=0.6074, time=0.05s
[2025-12-04 09:05:14]   METIS weights: min=800.76, max=1318.27, avg=1085.35, std=98.47
[2025-12-04 09:05:14]   → Quantum vs METIS: cut improvement = -25.63%
[2025-12-04 09:05:14] 
  → Aggregate: cut=40596.19±32.83, balance=0.9418, time=1.80±0.06s

================================================================================
[2025-12-04 09:05:14] [696/900] Testing configuration:
  k_target: 32
  coarsen_limit: 170
  balance_weight: 1.9
  num_reads: 300
================================================================================
[2025-12-04 09:05:16]   Trial 1/3: ✓ cut=39934.74, balance=0.8464, time=2.03s
[2025-12-04 09:05:18]   Trial 2/3: ✓ cut=40361.68, balance=0.9723, time=2.00s
[2025-12-04 09:05:20]   Trial 3/3: ✓ cut=40561.94, balance=0.9164, time=2.09s
[2025-12-04 09:05:20] 
  Running METIS baseline...
[2025-12-04 09:05:20]   METIS baseline: cut=32314.17, balance=0.6074, time=0.05s
[2025-12-04 09:05:20]   METIS weights: min=800.76, max=1318.27, avg=1085.35, std=98.47
[2025-12-04 09:05:20]   → Quantum vs METIS: cut improvement = -24.67%
[2025-12-04 09:05:20] 
  → Aggregate: cut=40286.12±261.57, balance=0.9117, time=2.04±0.04s

================================================================================
[2025-12-04 09:05:20] [697/900] Testing configuration:
  k_target: 32
  coarsen_limit: 170
  balance_weight: 1.9
  num_reads: 350
================================================================================
[2025-12-04 09:05:23]   Trial 1/3: ✓ cut=40410.13, balance=0.9793, time=2.33s
[2025-12-04 09:05:25]   Trial 2/3: ✓ cut=40255.85, balance=0.9596, time=2.35s
[2025-12-04 09:05:27]   Trial 3/3: ✓ cut=40402.86, balance=0.9625, time=2.33s
[2025-12-04 09:05:27] 
  Running METIS baseline...
[2025-12-04 09:05:27]   METIS baseline: cut=32314.17, balance=0.6074, time=0.05s
[2025-12-04 09:05:27]   METIS weights: min=800.76, max=1318.27, avg=1085.35, std=98.47
[2025-12-04 09:05:27]   → Quantum vs METIS: cut improvement = -24.89%
[2025-12-04 09:05:27] 
  → Aggregate: cut=40356.28±71.08, balance=0.9671, time=2.33±0.01s

================================================================================
[2025-12-04 09:05:27] [698/900] Testing configuration:
  k_target: 32
  coarsen_limit: 170
  balance_weight: 1.9
  num_reads: 400
================================================================================
[2025-12-04 09:05:30]   Trial 1/3: ✓ cut=40219.44, balance=0.9629, time=2.63s
[2025-12-04 09:05:33]   Trial 2/3: ✓ cut=39943.37, balance=0.9408, time=2.66s
[2025-12-04 09:05:35]   Trial 3/3: ✓ cut=40362.80, balance=0.8595, time=2.69s
[2025-12-04 09:05:35] 
  Running METIS baseline...
[2025-12-04 09:05:36]   METIS baseline: cut=32314.17, balance=0.6074, time=0.05s
[2025-12-04 09:05:36]   METIS weights: min=800.76, max=1318.27, avg=1085.35, std=98.47
[2025-12-04 09:05:36]   → Quantum vs METIS: cut improvement = -24.33%
[2025-12-04 09:05:36] 
  → Aggregate: cut=40175.20±174.07, balance=0.9211, time=2.66±0.03s

================================================================================
[2025-12-04 09:05:36] [699/900] Testing configuration:
  k_target: 32
  coarsen_limit: 170
  balance_weight: 1.9
  num_reads: 450
================================================================================
[2025-12-04 09:05:39]   Trial 1/3: ✓ cut=40530.97, balance=0.9621, time=2.98s
[2025-12-04 09:05:42]   Trial 2/3: ✓ cut=40394.59, balance=0.9588, time=3.01s
[2025-12-04 09:05:45]   Trial 3/3: ✓ cut=40324.69, balance=0.9686, time=3.00s
[2025-12-04 09:05:45] 
  Running METIS baseline...
[2025-12-04 09:05:45]   METIS baseline: cut=32314.17, balance=0.6074, time=0.06s
[2025-12-04 09:05:45]   METIS weights: min=800.76, max=1318.27, avg=1085.35, std=98.47
[2025-12-04 09:05:45]   → Quantum vs METIS: cut improvement = -25.07%
[2025-12-04 09:05:45] 
  → Aggregate: cut=40416.75±85.66, balance=0.9632, time=3.00±0.01s

================================================================================
[2025-12-04 09:05:45] [700/900] Testing configuration:
  k_target: 32
  coarsen_limit: 170
  balance_weight: 1.9
  num_reads: 500
================================================================================
[2025-12-04 09:05:48]   Trial 1/3: ✓ cut=40197.69, balance=0.9753, time=3.33s
[2025-12-04 09:05:51]   Trial 2/3: ✓ cut=40644.31, balance=0.9615, time=3.32s
[2025-12-04 09:05:55]   Trial 3/3: ✓ cut=40056.44, balance=0.9501, time=3.46s
[2025-12-04 09:05:55] 
  Running METIS baseline...
[2025-12-04 09:05:55]   METIS baseline: cut=32314.17, balance=0.6074, time=0.06s
[2025-12-04 09:05:55]   METIS weights: min=800.76, max=1318.27, avg=1085.35, std=98.47
[2025-12-04 09:05:55]   → Quantum vs METIS: cut improvement = -24.71%
[2025-12-04 09:05:55] 
  → Aggregate: cut=40299.48±250.56, balance=0.9623, time=3.37±0.07s

================================================================================
[2025-12-04 09:05:55] [701/900] Testing configuration:
  k_target: 32
  coarsen_limit: 170
  balance_weight: 2.1
  num_reads: 50
================================================================================
[2025-12-04 09:05:55]   Trial 1/3: ✓ cut=41980.73, balance=0.8755, time=0.46s
[2025-12-04 09:05:56]   Trial 2/3: ✓ cut=41033.62, balance=0.8772, time=0.45s
[2025-12-04 09:05:56]   Trial 3/3: ✓ cut=41271.80, balance=0.9648, time=0.45s
[2025-12-04 09:05:56] 
  Running METIS baseline...
[2025-12-04 09:05:56]   METIS baseline: cut=32314.17, balance=0.6074, time=0.05s
[2025-12-04 09:05:56]   METIS weights: min=800.76, max=1318.27, avg=1085.35, std=98.47
[2025-12-04 09:05:56]   → Quantum vs METIS: cut improvement = -28.21%
[2025-12-04 09:05:56] 
  → Aggregate: cut=41428.72±402.26, balance=0.9058, time=0.46±0.00s

================================================================================
[2025-12-04 09:05:56] [702/900] Testing configuration:
  k_target: 32
  coarsen_limit: 170
  balance_weight: 2.1
  num_reads: 100
================================================================================
[2025-12-04 09:05:57]   Trial 1/3: ✓ cut=41161.21, balance=0.9426, time=0.78s
[2025-12-04 09:05:58]   Trial 2/3: ✓ cut=40675.25, balance=0.9492, time=0.78s
[2025-12-04 09:05:59]   Trial 3/3: ✓ cut=41204.92, balance=0.8999, time=0.78s
[2025-12-04 09:05:59] 
  Running METIS baseline...
[2025-12-04 09:05:59]   METIS baseline: cut=32314.17, balance=0.6074, time=0.05s
[2025-12-04 09:05:59]   METIS weights: min=800.76, max=1318.27, avg=1085.35, std=98.47
[2025-12-04 09:05:59]   → Quantum vs METIS: cut improvement = -26.92%
[2025-12-04 09:05:59] 
  → Aggregate: cut=41013.79±240.05, balance=0.9306, time=0.78±0.00s

================================================================================
[2025-12-04 09:05:59] [703/900] Testing configuration:
  k_target: 32
  coarsen_limit: 170
  balance_weight: 2.1
  num_reads: 150
================================================================================
[2025-12-04 09:06:00]   Trial 1/3: ✓ cut=41282.44, balance=0.9208, time=1.10s
[2025-12-04 09:06:01]   Trial 2/3: ✓ cut=40403.15, balance=0.9301, time=1.09s
[2025-12-04 09:06:02]   Trial 3/3: ✓ cut=40970.06, balance=0.9703, time=1.17s
[2025-12-04 09:06:02] 
  Running METIS baseline...
[2025-12-04 09:06:02]   METIS baseline: cut=32314.17, balance=0.6074, time=0.05s
[2025-12-04 09:06:02]   METIS weights: min=800.76, max=1318.27, avg=1085.35, std=98.47
[2025-12-04 09:06:02]   → Quantum vs METIS: cut improvement = -26.52%
[2025-12-04 09:06:02] 
  → Aggregate: cut=40885.22±363.95, balance=0.9404, time=1.12±0.04s

================================================================================
[2025-12-04 09:06:02] [704/900] Testing configuration:
  k_target: 32
  coarsen_limit: 170
  balance_weight: 2.1
  num_reads: 200
================================================================================
[2025-12-04 09:06:04]   Trial 1/3: ✓ cut=40791.09, balance=0.9741, time=1.52s
[2025-12-04 09:06:05]   Trial 2/3: ✓ cut=41048.09, balance=0.9497, time=1.53s
[2025-12-04 09:06:07]   Trial 3/3: ✓ cut=41143.38, balance=0.9196, time=1.49s
[2025-12-04 09:06:07] 
  Running METIS baseline...
[2025-12-04 09:06:07]   METIS baseline: cut=32314.17, balance=0.6074, time=0.05s
[2025-12-04 09:06:07]   METIS weights: min=800.76, max=1318.27, avg=1085.35, std=98.47
[2025-12-04 09:06:07]   → Quantum vs METIS: cut improvement = -26.86%
[2025-12-04 09:06:07] 
  → Aggregate: cut=40994.19±148.79, balance=0.9478, time=1.51±0.02s

================================================================================
[2025-12-04 09:06:07] [705/900] Testing configuration:
  k_target: 32
  coarsen_limit: 170
  balance_weight: 2.1
  num_reads: 250
================================================================================
[2025-12-04 09:06:09]   Trial 1/3: ✓ cut=40898.29, balance=0.9601, time=1.90s
[2025-12-04 09:06:11]   Trial 2/3: ✓ cut=41019.14, balance=0.9806, time=1.85s
[2025-12-04 09:06:13]   Trial 3/3: ✓ cut=41346.02, balance=0.9217, time=1.79s
[2025-12-04 09:06:13] 
  Running METIS baseline...
[2025-12-04 09:06:13]   METIS baseline: cut=32314.17, balance=0.6074, time=0.05s
[2025-12-04 09:06:13]   METIS weights: min=800.76, max=1318.27, avg=1085.35, std=98.47
[2025-12-04 09:06:13]   → Quantum vs METIS: cut improvement = -27.15%
[2025-12-04 09:06:13] 
  → Aggregate: cut=41087.81±189.13, balance=0.9541, time=1.85±0.04s

================================================================================
[2025-12-04 09:06:13] [706/900] Testing configuration:
  k_target: 32
  coarsen_limit: 170
  balance_weight: 2.1
  num_reads: 300
================================================================================
[2025-12-04 09:06:15]   Trial 1/3: ✓ cut=40543.82, balance=0.9534, time=2.07s
[2025-12-04 09:06:17]   Trial 2/3: ✓ cut=39857.90, balance=0.9597, time=2.03s
[2025-12-04 09:06:19]   Trial 3/3: ✓ cut=40068.43, balance=0.9797, time=2.05s
[2025-12-04 09:06:19] 
  Running METIS baseline...
[2025-12-04 09:06:19]   METIS baseline: cut=32314.17, balance=0.6074, time=0.05s
[2025-12-04 09:06:19]   METIS weights: min=800.76, max=1318.27, avg=1085.35, std=98.47
[2025-12-04 09:06:19]   → Quantum vs METIS: cut improvement = -24.27%
[2025-12-04 09:06:19] 
  → Aggregate: cut=40156.71±286.90, balance=0.9643, time=2.05±0.02s

================================================================================
[2025-12-04 09:06:19] [707/900] Testing configuration:
  k_target: 32
  coarsen_limit: 170
  balance_weight: 2.1
  num_reads: 350
================================================================================
[2025-12-04 09:06:21]   Trial 1/3: ✓ cut=40701.13, balance=0.9171, time=2.36s
[2025-12-04 09:06:24]   Trial 2/3: ✓ cut=40013.54, balance=0.9657, time=2.38s
[2025-12-04 09:06:26]   Trial 3/3: ✓ cut=39883.89, balance=0.9732, time=2.39s
[2025-12-04 09:06:26] 
  Running METIS baseline...
[2025-12-04 09:06:26]   METIS baseline: cut=32314.17, balance=0.6074, time=0.05s
[2025-12-04 09:06:26]   METIS weights: min=800.76, max=1318.27, avg=1085.35, std=98.47
[2025-12-04 09:06:26]   → Quantum vs METIS: cut improvement = -24.40%
[2025-12-04 09:06:26] 
  → Aggregate: cut=40199.52±358.62, balance=0.9520, time=2.38±0.01s

================================================================================
[2025-12-04 09:06:26] [708/900] Testing configuration:
  k_target: 32
  coarsen_limit: 170
  balance_weight: 2.1
  num_reads: 400
================================================================================
[2025-12-04 09:06:29]   Trial 1/3: ✓ cut=40363.47, balance=0.9698, time=2.70s
[2025-12-04 09:06:32]   Trial 2/3: ✓ cut=40423.80, balance=0.9527, time=2.66s
[2025-12-04 09:06:34]   Trial 3/3: ✓ cut=40496.32, balance=0.9319, time=2.68s
[2025-12-04 09:06:34] 
  Running METIS baseline...
[2025-12-04 09:06:34]   METIS baseline: cut=32314.17, balance=0.6074, time=0.05s
[2025-12-04 09:06:34]   METIS weights: min=800.76, max=1318.27, avg=1085.35, std=98.47
[2025-12-04 09:06:34]   → Quantum vs METIS: cut improvement = -25.11%
[2025-12-04 09:06:34] 
  → Aggregate: cut=40427.87±54.31, balance=0.9515, time=2.68±0.02s

================================================================================
[2025-12-04 09:06:34] [709/900] Testing configuration:
  k_target: 32
  coarsen_limit: 170
  balance_weight: 2.1
  num_reads: 450
================================================================================
[2025-12-04 09:06:37]   Trial 1/3: ✓ cut=40508.26, balance=0.9395, time=3.00s
[2025-12-04 09:06:40]   Trial 2/3: ✓ cut=40547.96, balance=0.9151, time=3.07s
[2025-12-04 09:06:43]   Trial 3/3: ✓ cut=40450.00, balance=0.9718, time=3.01s
[2025-12-04 09:06:43] 
  Running METIS baseline...
[2025-12-04 09:06:43]   METIS baseline: cut=32314.17, balance=0.6074, time=0.05s
[2025-12-04 09:06:43]   METIS weights: min=800.76, max=1318.27, avg=1085.35, std=98.47
[2025-12-04 09:06:43]   → Quantum vs METIS: cut improvement = -25.34%
[2025-12-04 09:06:43] 
  → Aggregate: cut=40502.07±40.23, balance=0.9422, time=3.03±0.03s

================================================================================
[2025-12-04 09:06:43] [710/900] Testing configuration:
  k_target: 32
  coarsen_limit: 170
  balance_weight: 2.1
  num_reads: 500
================================================================================
[2025-12-04 09:06:47]   Trial 1/3: ✓ cut=40370.44, balance=0.9578, time=3.37s
[2025-12-04 09:06:50]   Trial 2/3: ✓ cut=40301.37, balance=0.9200, time=3.36s
[2025-12-04 09:06:54]   Trial 3/3: ✓ cut=40154.85, balance=0.9283, time=3.30s
[2025-12-04 09:06:54] 
  Running METIS baseline...
[2025-12-04 09:06:54]   METIS baseline: cut=32314.17, balance=0.6074, time=0.05s
[2025-12-04 09:06:54]   METIS weights: min=800.76, max=1318.27, avg=1085.35, std=98.47
[2025-12-04 09:06:54]   → Quantum vs METIS: cut improvement = -24.64%
[2025-12-04 09:06:54] 
  → Aggregate: cut=40275.55±89.88, balance=0.9354, time=3.34±0.03s

================================================================================
[2025-12-04 09:06:54] [711/900] Testing configuration:
  k_target: 32
  coarsen_limit: 170
  balance_weight: 2.3
  num_reads: 50
================================================================================
[2025-12-04 09:06:54]   Trial 1/3: ✓ cut=41861.47, balance=0.9459, time=0.46s
[2025-12-04 09:06:55]   Trial 2/3: ✓ cut=41475.93, balance=0.9486, time=0.51s
[2025-12-04 09:06:55]   Trial 3/3: ✓ cut=41502.35, balance=0.9758, time=0.47s
[2025-12-04 09:06:55] 
  Running METIS baseline...
[2025-12-04 09:06:55]   METIS baseline: cut=32314.17, balance=0.6074, time=0.05s
[2025-12-04 09:06:55]   METIS weights: min=800.76, max=1318.27, avg=1085.35, std=98.47
[2025-12-04 09:06:55]   → Quantum vs METIS: cut improvement = -28.78%
[2025-12-04 09:06:55] 
  → Aggregate: cut=41613.25±175.85, balance=0.9567, time=0.48±0.02s

================================================================================
[2025-12-04 09:06:55] [712/900] Testing configuration:
  k_target: 32
  coarsen_limit: 170
  balance_weight: 2.3
  num_reads: 100
================================================================================
[2025-12-04 09:06:56]   Trial 1/3: ✓ cut=41170.55, balance=0.9311, time=0.78s
[2025-12-04 09:06:57]   Trial 2/3: ✓ cut=41741.02, balance=0.9662, time=0.78s
[2025-12-04 09:06:58]   Trial 3/3: ✓ cut=41151.11, balance=0.9645, time=0.79s
[2025-12-04 09:06:58] 
  Running METIS baseline...
[2025-12-04 09:06:58]   METIS baseline: cut=32314.17, balance=0.6074, time=0.05s
[2025-12-04 09:06:58]   METIS weights: min=800.76, max=1318.27, avg=1085.35, std=98.47
[2025-12-04 09:06:58]   → Quantum vs METIS: cut improvement = -27.98%
[2025-12-04 09:06:58] 
  → Aggregate: cut=41354.23±273.62, balance=0.9539, time=0.78±0.00s

================================================================================
[2025-12-04 09:06:58] [713/900] Testing configuration:
  k_target: 32
  coarsen_limit: 170
  balance_weight: 2.3
  num_reads: 150
================================================================================
[2025-12-04 09:06:59]   Trial 1/3: ✓ cut=40478.72, balance=0.9376, time=1.10s
[2025-12-04 09:07:00]   Trial 2/3: ✓ cut=41590.50, balance=0.9362, time=1.10s
[2025-12-04 09:07:01]   Trial 3/3: ✓ cut=41093.25, balance=0.9603, time=1.10s
[2025-12-04 09:07:01] 
  Running METIS baseline...
[2025-12-04 09:07:01]   METIS baseline: cut=32314.17, balance=0.6074, time=0.15s
[2025-12-04 09:07:01]   METIS weights: min=800.76, max=1318.27, avg=1085.35, std=98.47
[2025-12-04 09:07:01]   → Quantum vs METIS: cut improvement = -27.05%
[2025-12-04 09:07:01] 
  → Aggregate: cut=41054.16±454.72, balance=0.9447, time=1.10±0.00s

================================================================================
[2025-12-04 09:07:01] [714/900] Testing configuration:
  k_target: 32
  coarsen_limit: 170
  balance_weight: 2.3
  num_reads: 200
================================================================================
[2025-12-04 09:07:03]   Trial 1/3: ✓ cut=40715.29, balance=0.9104, time=1.53s
[2025-12-04 09:07:04]   Trial 2/3: ✓ cut=41017.33, balance=0.9468, time=1.50s
[2025-12-04 09:07:06]   Trial 3/3: ✓ cut=40936.01, balance=0.9007, time=1.54s
[2025-12-04 09:07:06] 
  Running METIS baseline...
[2025-12-04 09:07:06]   METIS baseline: cut=32314.17, balance=0.6074, time=0.06s
[2025-12-04 09:07:06]   METIS weights: min=800.76, max=1318.27, avg=1085.35, std=98.47
[2025-12-04 09:07:06]   → Quantum vs METIS: cut improvement = -26.54%
[2025-12-04 09:07:06] 
  → Aggregate: cut=40889.54±127.61, balance=0.9193, time=1.52±0.02s

================================================================================
[2025-12-04 09:07:06] [715/900] Testing configuration:
  k_target: 32
  coarsen_limit: 170
  balance_weight: 2.3
  num_reads: 250
================================================================================
[2025-12-04 09:07:08]   Trial 1/3: ✓ cut=40558.12, balance=0.9116, time=1.87s
[2025-12-04 09:07:10]   Trial 2/3: ✓ cut=41239.71, balance=0.9248, time=1.86s
[2025-12-04 09:07:11]   Trial 3/3: ✓ cut=41240.24, balance=0.9739, time=1.86s
[2025-12-04 09:07:11] 
  Running METIS baseline...
[2025-12-04 09:07:12]   METIS baseline: cut=32314.17, balance=0.6074, time=0.06s
[2025-12-04 09:07:12]   METIS weights: min=800.76, max=1318.27, avg=1085.35, std=98.47
[2025-12-04 09:07:12]   → Quantum vs METIS: cut improvement = -26.92%
[2025-12-04 09:07:12] 
  → Aggregate: cut=41012.69±321.43, balance=0.9367, time=1.86±0.01s

================================================================================
[2025-12-04 09:07:12] [716/900] Testing configuration:
  k_target: 32
  coarsen_limit: 170
  balance_weight: 2.3
  num_reads: 300
================================================================================
[2025-12-04 09:07:14]   Trial 1/3: ✓ cut=40964.44, balance=0.9471, time=2.07s
[2025-12-04 09:07:16]   Trial 2/3: ✓ cut=40389.98, balance=0.9727, time=2.06s
[2025-12-04 09:07:18]   Trial 3/3: ✓ cut=41422.32, balance=0.9244, time=2.01s
[2025-12-04 09:07:18] 
  Running METIS baseline...
[2025-12-04 09:07:18]   METIS baseline: cut=32314.17, balance=0.6074, time=0.05s
[2025-12-04 09:07:18]   METIS weights: min=800.76, max=1318.27, avg=1085.35, std=98.47
[2025-12-04 09:07:18]   → Quantum vs METIS: cut improvement = -26.65%
[2025-12-04 09:07:18] 
  → Aggregate: cut=40925.58±422.35, balance=0.9481, time=2.04±0.02s

================================================================================
[2025-12-04 09:07:18] [717/900] Testing configuration:
  k_target: 32
  coarsen_limit: 170
  balance_weight: 2.3
  num_reads: 350
================================================================================
[2025-12-04 09:07:20]   Trial 1/3: ✓ cut=40594.13, balance=0.9497, time=2.37s
[2025-12-04 09:07:23]   Trial 2/3: ✓ cut=40884.59, balance=0.9277, time=2.36s
[2025-12-04 09:07:25]   Trial 3/3: ✓ cut=40455.92, balance=0.9573, time=2.40s
[2025-12-04 09:07:25] 
  Running METIS baseline...
[2025-12-04 09:07:25]   METIS baseline: cut=32314.17, balance=0.6074, time=0.05s
[2025-12-04 09:07:25]   METIS weights: min=800.76, max=1318.27, avg=1085.35, std=98.47
[2025-12-04 09:07:25]   → Quantum vs METIS: cut improvement = -25.78%
[2025-12-04 09:07:25] 
  → Aggregate: cut=40644.88±178.64, balance=0.9449, time=2.38±0.02s

================================================================================
[2025-12-04 09:07:25] [718/900] Testing configuration:
  k_target: 32
  coarsen_limit: 170
  balance_weight: 2.3
  num_reads: 400
================================================================================
[2025-12-04 09:07:28]   Trial 1/3: ✓ cut=40588.72, balance=0.9537, time=2.79s
[2025-12-04 09:07:31]   Trial 2/3: ✓ cut=41132.82, balance=0.9716, time=2.66s
[2025-12-04 09:07:33]   Trial 3/3: ✓ cut=40684.55, balance=0.9047, time=2.68s
[2025-12-04 09:07:33] 
  Running METIS baseline...
[2025-12-04 09:07:33]   METIS baseline: cut=32314.17, balance=0.6074, time=0.05s
[2025-12-04 09:07:33]   METIS weights: min=800.76, max=1318.27, avg=1085.35, std=98.47
[2025-12-04 09:07:33]   → Quantum vs METIS: cut improvement = -26.27%
[2025-12-04 09:07:33] 
  → Aggregate: cut=40802.03±237.15, balance=0.9433, time=2.71±0.06s

================================================================================
[2025-12-04 09:07:33] [719/900] Testing configuration:
  k_target: 32
  coarsen_limit: 170
  balance_weight: 2.3
  num_reads: 450
================================================================================
[2025-12-04 09:07:36]   Trial 1/3: ✓ cut=40095.63, balance=0.9695, time=3.05s
[2025-12-04 09:07:39]   Trial 2/3: ✓ cut=40417.92, balance=0.9582, time=2.99s
[2025-12-04 09:07:42]   Trial 3/3: ✓ cut=40456.70, balance=0.9586, time=3.02s
[2025-12-04 09:07:42] 
  Running METIS baseline...
[2025-12-04 09:07:42]   METIS baseline: cut=32314.17, balance=0.6074, time=0.05s
[2025-12-04 09:07:42]   METIS weights: min=800.76, max=1318.27, avg=1085.35, std=98.47
[2025-12-04 09:07:42]   → Quantum vs METIS: cut improvement = -24.79%
[2025-12-04 09:07:42] 
  → Aggregate: cut=40323.42±161.85, balance=0.9621, time=3.02±0.02s

================================================================================
[2025-12-04 09:07:42] [720/900] Testing configuration:
  k_target: 32
  coarsen_limit: 170
  balance_weight: 2.3
  num_reads: 500
================================================================================
[2025-12-04 09:07:46]   Trial 1/3: ✓ cut=39959.97, balance=0.9380, time=3.36s
[2025-12-04 09:07:49]   Trial 2/3: ✓ cut=40120.02, balance=0.9403, time=3.33s
[2025-12-04 09:07:53]   Trial 3/3: ✓ cut=40249.96, balance=0.9104, time=3.38s
[2025-12-04 09:07:53] 
  Running METIS baseline...
[2025-12-04 09:07:53]   METIS baseline: cut=32314.17, balance=0.6074, time=0.05s
[2025-12-04 09:07:53]   METIS weights: min=800.76, max=1318.27, avg=1085.35, std=98.47
[2025-12-04 09:07:53]   → Quantum vs METIS: cut improvement = -24.13%
[2025-12-04 09:07:53] 
  → Aggregate: cut=40109.98±118.60, balance=0.9295, time=3.36±0.02s

================================================================================
[2025-12-04 09:07:53] [721/900] Testing configuration:
  k_target: 32
  coarsen_limit: 170
  balance_weight: 2.5
  num_reads: 50
================================================================================
[2025-12-04 09:07:53]   Trial 1/3: ✓ cut=41614.82, balance=0.9481, time=0.45s
[2025-12-04 09:07:54]   Trial 2/3: ✓ cut=42005.90, balance=0.9515, time=0.46s
[2025-12-04 09:07:54]   Trial 3/3: ✓ cut=42167.14, balance=0.9583, time=0.46s
[2025-12-04 09:07:54] 
  Running METIS baseline...
[2025-12-04 09:07:54]   METIS baseline: cut=32314.17, balance=0.6074, time=0.05s
[2025-12-04 09:07:54]   METIS weights: min=800.76, max=1318.27, avg=1085.35, std=98.47
[2025-12-04 09:07:54]   → Quantum vs METIS: cut improvement = -29.76%
[2025-12-04 09:07:54] 
  → Aggregate: cut=41929.29±231.90, balance=0.9526, time=0.46±0.00s

================================================================================
[2025-12-04 09:07:54] [722/900] Testing configuration:
  k_target: 32
  coarsen_limit: 170
  balance_weight: 2.5
  num_reads: 100
================================================================================
[2025-12-04 09:07:55]   Trial 1/3: ✓ cut=40888.39, balance=0.9702, time=0.81s
[2025-12-04 09:07:56]   Trial 2/3: ✓ cut=41278.03, balance=0.9779, time=0.86s
[2025-12-04 09:07:57]   Trial 3/3: ✓ cut=41028.81, balance=0.8722, time=0.77s
[2025-12-04 09:07:57] 
  Running METIS baseline...
[2025-12-04 09:07:57]   METIS baseline: cut=32314.17, balance=0.6074, time=0.05s
[2025-12-04 09:07:57]   METIS weights: min=800.76, max=1318.27, avg=1085.35, std=98.47
[2025-12-04 09:07:57]   → Quantum vs METIS: cut improvement = -27.08%
[2025-12-04 09:07:57] 
  → Aggregate: cut=41065.08±161.12, balance=0.9401, time=0.81±0.04s

================================================================================
[2025-12-04 09:07:57] [723/900] Testing configuration:
  k_target: 32
  coarsen_limit: 170
  balance_weight: 2.5
  num_reads: 150
================================================================================
[2025-12-04 09:07:58]   Trial 1/3: ✓ cut=41174.18, balance=0.9575, time=1.08s
[2025-12-04 09:07:59]   Trial 2/3: ✓ cut=40423.68, balance=0.9563, time=1.09s
[2025-12-04 09:08:00]   Trial 3/3: ✓ cut=40766.60, balance=0.9406, time=1.09s
[2025-12-04 09:08:00] 
  Running METIS baseline...
[2025-12-04 09:08:00]   METIS baseline: cut=32314.17, balance=0.6074, time=0.05s
[2025-12-04 09:08:00]   METIS weights: min=800.76, max=1318.27, avg=1085.35, std=98.47
[2025-12-04 09:08:00]   → Quantum vs METIS: cut improvement = -26.22%
[2025-12-04 09:08:00] 
  → Aggregate: cut=40788.16±306.77, balance=0.9515, time=1.09±0.01s

================================================================================
[2025-12-04 09:08:00] [724/900] Testing configuration:
  k_target: 32
  coarsen_limit: 170
  balance_weight: 2.5
  num_reads: 200
================================================================================
[2025-12-04 09:08:02]   Trial 1/3: ✓ cut=40717.70, balance=0.9735, time=1.49s
[2025-12-04 09:08:03]   Trial 2/3: ✓ cut=41297.08, balance=0.9269, time=1.45s
[2025-12-04 09:08:05]   Trial 3/3: ✓ cut=41601.83, balance=0.9684, time=1.52s
[2025-12-04 09:08:05] 
  Running METIS baseline...
[2025-12-04 09:08:05]   METIS baseline: cut=32314.17, balance=0.6074, time=0.06s
[2025-12-04 09:08:05]   METIS weights: min=800.76, max=1318.27, avg=1085.35, std=98.47
[2025-12-04 09:08:05]   → Quantum vs METIS: cut improvement = -27.52%
[2025-12-04 09:08:05] 
  → Aggregate: cut=41205.54±366.70, balance=0.9563, time=1.48±0.03s

================================================================================
[2025-12-04 09:08:05] [725/900] Testing configuration:
  k_target: 32
  coarsen_limit: 170
  balance_weight: 2.5
  num_reads: 250
================================================================================
[2025-12-04 09:08:07]   Trial 1/3: ✓ cut=40723.71, balance=0.9507, time=1.85s
[2025-12-04 09:08:08]   Trial 2/3: ✓ cut=41231.34, balance=0.9636, time=1.86s
[2025-12-04 09:08:10]   Trial 3/3: ✓ cut=40825.38, balance=0.9187, time=1.85s
[2025-12-04 09:08:10] 
  Running METIS baseline...
[2025-12-04 09:08:10]   METIS baseline: cut=32314.17, balance=0.6074, time=0.05s
[2025-12-04 09:08:10]   METIS weights: min=800.76, max=1318.27, avg=1085.35, std=98.47
[2025-12-04 09:08:10]   → Quantum vs METIS: cut improvement = -26.65%
[2025-12-04 09:08:10] 
  → Aggregate: cut=40926.81±219.30, balance=0.9443, time=1.86±0.01s

================================================================================
[2025-12-04 09:08:10] [726/900] Testing configuration:
  k_target: 32
  coarsen_limit: 170
  balance_weight: 2.5
  num_reads: 300
================================================================================
[2025-12-04 09:08:12]   Trial 1/3: ✓ cut=41088.70, balance=0.9690, time=2.12s
[2025-12-04 09:08:15]   Trial 2/3: ✓ cut=41548.75, balance=0.9528, time=2.07s
[2025-12-04 09:08:17]   Trial 3/3: ✓ cut=40747.63, balance=0.9723, time=2.14s
[2025-12-04 09:08:17] 
  Running METIS baseline...
[2025-12-04 09:08:17]   METIS baseline: cut=32314.17, balance=0.6074, time=0.05s
[2025-12-04 09:08:17]   METIS weights: min=800.76, max=1318.27, avg=1085.35, std=98.47
[2025-12-04 09:08:17]   → Quantum vs METIS: cut improvement = -27.28%
[2025-12-04 09:08:17] 
  → Aggregate: cut=41128.36±328.26, balance=0.9647, time=2.11±0.03s

================================================================================
[2025-12-04 09:08:17] [727/900] Testing configuration:
  k_target: 32
  coarsen_limit: 170
  balance_weight: 2.5
  num_reads: 350
================================================================================
[2025-12-04 09:08:19]   Trial 1/3: ✓ cut=40374.31, balance=0.9518, time=2.39s
[2025-12-04 09:08:22]   Trial 2/3: ✓ cut=41296.63, balance=0.9548, time=2.37s
[2025-12-04 09:08:24]   Trial 3/3: ✓ cut=41164.40, balance=0.8951, time=2.38s
[2025-12-04 09:08:24] 
  Running METIS baseline...
[2025-12-04 09:08:24]   METIS baseline: cut=32314.17, balance=0.6074, time=0.05s
[2025-12-04 09:08:24]   METIS weights: min=800.76, max=1318.27, avg=1085.35, std=98.47
[2025-12-04 09:08:24]   → Quantum vs METIS: cut improvement = -26.71%
[2025-12-04 09:08:24] 
  → Aggregate: cut=40945.11±407.21, balance=0.9339, time=2.38±0.01s

================================================================================
[2025-12-04 09:08:24] [728/900] Testing configuration:
  k_target: 32
  coarsen_limit: 170
  balance_weight: 2.5
  num_reads: 400
================================================================================
[2025-12-04 09:08:27]   Trial 1/3: ✓ cut=40227.78, balance=0.9146, time=2.73s
[2025-12-04 09:08:29]   Trial 2/3: ✓ cut=40882.50, balance=0.9497, time=2.69s
[2025-12-04 09:08:32]   Trial 3/3: ✓ cut=41946.93, balance=0.9108, time=2.68s
[2025-12-04 09:08:32] 
  Running METIS baseline...
[2025-12-04 09:08:32]   METIS baseline: cut=32314.17, balance=0.6074, time=0.05s
[2025-12-04 09:08:32]   METIS weights: min=800.76, max=1318.27, avg=1085.35, std=98.47
[2025-12-04 09:08:32]   → Quantum vs METIS: cut improvement = -26.94%
[2025-12-04 09:08:32] 
  → Aggregate: cut=41019.07±708.45, balance=0.9250, time=2.70±0.02s

================================================================================
[2025-12-04 09:08:32] [729/900] Testing configuration:
  k_target: 32
  coarsen_limit: 170
  balance_weight: 2.5
  num_reads: 450
================================================================================
[2025-12-04 09:08:35]   Trial 1/3: ✓ cut=40621.88, balance=0.9663, time=3.03s
[2025-12-04 09:08:38]   Trial 2/3: ✓ cut=40938.07, balance=0.9494, time=2.98s
[2025-12-04 09:08:41]   Trial 3/3: ✓ cut=41277.10, balance=0.9547, time=3.02s
[2025-12-04 09:08:41] 
  Running METIS baseline...
[2025-12-04 09:08:41]   METIS baseline: cut=32314.17, balance=0.6074, time=0.05s
[2025-12-04 09:08:41]   METIS weights: min=800.76, max=1318.27, avg=1085.35, std=98.47
[2025-12-04 09:08:41]   → Quantum vs METIS: cut improvement = -26.71%
[2025-12-04 09:08:41] 
  → Aggregate: cut=40945.68±267.55, balance=0.9568, time=3.01±0.02s

================================================================================
[2025-12-04 09:08:41] [730/900] Testing configuration:
  k_target: 32
  coarsen_limit: 170
  balance_weight: 2.5
  num_reads: 500
================================================================================
[2025-12-04 09:08:45]   Trial 1/3: ✓ cut=41689.03, balance=0.9583, time=3.35s
[2025-12-04 09:08:48]   Trial 2/3: ✓ cut=40495.39, balance=0.9208, time=3.34s
[2025-12-04 09:08:51]   Trial 3/3: ✓ cut=39855.44, balance=0.9475, time=3.34s
[2025-12-04 09:08:51] 
  Running METIS baseline...
[2025-12-04 09:08:52]   METIS baseline: cut=32314.17, balance=0.6074, time=0.05s
[2025-12-04 09:08:52]   METIS weights: min=800.76, max=1318.27, avg=1085.35, std=98.47
[2025-12-04 09:08:52]   → Quantum vs METIS: cut improvement = -25.89%
[2025-12-04 09:08:52] 
  → Aggregate: cut=40679.95±759.85, balance=0.9422, time=3.35±0.01s

================================================================================
[2025-12-04 09:08:52] [731/900] Testing configuration:
  k_target: 32
  coarsen_limit: 170
  balance_weight: 2.7
  num_reads: 50
================================================================================
[2025-12-04 09:08:52]   Trial 1/3: ✓ cut=41656.22, balance=0.9443, time=0.53s
[2025-12-04 09:08:53]   Trial 2/3: ✓ cut=41575.66, balance=0.9350, time=0.45s
[2025-12-04 09:08:53]   Trial 3/3: ✓ cut=41517.13, balance=0.9511, time=0.45s
[2025-12-04 09:08:53] 
  Running METIS baseline...
[2025-12-04 09:08:53]   METIS baseline: cut=32314.17, balance=0.6074, time=0.05s
[2025-12-04 09:08:53]   METIS weights: min=800.76, max=1318.27, avg=1085.35, std=98.47
[2025-12-04 09:08:53]   → Quantum vs METIS: cut improvement = -28.68%
[2025-12-04 09:08:53] 
  → Aggregate: cut=41583.00±57.02, balance=0.9435, time=0.48±0.04s

================================================================================
[2025-12-04 09:08:53] [732/900] Testing configuration:
  k_target: 32
  coarsen_limit: 170
  balance_weight: 2.7
  num_reads: 100
================================================================================
[2025-12-04 09:08:54]   Trial 1/3: ✓ cut=41117.41, balance=0.9510, time=0.79s
[2025-12-04 09:08:55]   Trial 2/3: ✓ cut=41090.97, balance=0.9478, time=0.79s
[2025-12-04 09:08:55]   Trial 3/3: ✓ cut=41477.31, balance=0.8848, time=0.78s
[2025-12-04 09:08:55] 
  Running METIS baseline...
[2025-12-04 09:08:56]   METIS baseline: cut=32314.17, balance=0.6074, time=0.05s
[2025-12-04 09:08:56]   METIS weights: min=800.76, max=1318.27, avg=1085.35, std=98.47
[2025-12-04 09:08:56]   → Quantum vs METIS: cut improvement = -27.59%
[2025-12-04 09:08:56] 
  → Aggregate: cut=41228.56±176.22, balance=0.9279, time=0.79±0.00s

================================================================================
[2025-12-04 09:08:56] [733/900] Testing configuration:
  k_target: 32
  coarsen_limit: 170
  balance_weight: 2.7
  num_reads: 150
================================================================================
[2025-12-04 09:08:57]   Trial 1/3: ✓ cut=40920.27, balance=0.9287, time=1.10s
[2025-12-04 09:08:58]   Trial 2/3: ✓ cut=41016.08, balance=0.9771, time=1.10s
[2025-12-04 09:08:59]   Trial 3/3: ✓ cut=41218.58, balance=0.9825, time=1.10s
[2025-12-04 09:08:59] 
  Running METIS baseline...
[2025-12-04 09:08:59]   METIS baseline: cut=32314.17, balance=0.6074, time=0.05s
[2025-12-04 09:08:59]   METIS weights: min=800.76, max=1318.27, avg=1085.35, std=98.47
[2025-12-04 09:08:59]   → Quantum vs METIS: cut improvement = -27.04%
[2025-12-04 09:08:59] 
  → Aggregate: cut=41051.64±124.35, balance=0.9627, time=1.10±0.00s

================================================================================
[2025-12-04 09:08:59] [734/900] Testing configuration:
  k_target: 32
  coarsen_limit: 170
  balance_weight: 2.7
  num_reads: 200
================================================================================
[2025-12-04 09:09:00]   Trial 1/3: ✓ cut=41385.50, balance=0.9399, time=1.42s
[2025-12-04 09:09:02]   Trial 2/3: ✓ cut=40610.42, balance=0.9684, time=1.54s
[2025-12-04 09:09:03]   Trial 3/3: ✓ cut=41175.21, balance=0.9137, time=1.49s
[2025-12-04 09:09:03] 
  Running METIS baseline...
[2025-12-04 09:09:04]   METIS baseline: cut=32314.17, balance=0.6074, time=0.06s
[2025-12-04 09:09:04]   METIS weights: min=800.76, max=1318.27, avg=1085.35, std=98.47
[2025-12-04 09:09:04]   → Quantum vs METIS: cut improvement = -27.06%
[2025-12-04 09:09:04] 
  → Aggregate: cut=41057.04±327.27, balance=0.9407, time=1.49±0.05s

================================================================================
[2025-12-04 09:09:04] [735/900] Testing configuration:
  k_target: 32
  coarsen_limit: 170
  balance_weight: 2.7
  num_reads: 250
================================================================================
[2025-12-04 09:09:05]   Trial 1/3: ✓ cut=41361.75, balance=0.9654, time=1.86s
[2025-12-04 09:09:07]   Trial 2/3: ✓ cut=40667.50, balance=0.9197, time=1.94s
[2025-12-04 09:09:09]   Trial 3/3: ✓ cut=41305.62, balance=0.9359, time=1.82s
[2025-12-04 09:09:09] 
  Running METIS baseline...
[2025-12-04 09:09:09]   METIS baseline: cut=32314.17, balance=0.6074, time=0.06s
[2025-12-04 09:09:09]   METIS weights: min=800.76, max=1318.27, avg=1085.35, std=98.47
[2025-12-04 09:09:09]   → Quantum vs METIS: cut improvement = -27.22%
[2025-12-04 09:09:09] 
  → Aggregate: cut=41111.62±314.88, balance=0.9403, time=1.87±0.05s

================================================================================
[2025-12-04 09:09:09] [736/900] Testing configuration:
  k_target: 32
  coarsen_limit: 170
  balance_weight: 2.7
  num_reads: 300
================================================================================
[2025-12-04 09:09:12]   Trial 1/3: ✓ cut=40679.44, balance=0.9696, time=2.21s
[2025-12-04 09:09:14]   Trial 2/3: ✓ cut=40348.30, balance=0.9376, time=2.11s
[2025-12-04 09:09:16]   Trial 3/3: ✓ cut=41228.25, balance=0.9612, time=2.08s
[2025-12-04 09:09:16] 
  Running METIS baseline...
[2025-12-04 09:09:16]   METIS baseline: cut=32314.17, balance=0.6074, time=0.05s
[2025-12-04 09:09:16]   METIS weights: min=800.76, max=1318.27, avg=1085.35, std=98.47
[2025-12-04 09:09:16]   → Quantum vs METIS: cut improvement = -26.11%
[2025-12-04 09:09:16] 
  → Aggregate: cut=40752.00±362.89, balance=0.9561, time=2.13±0.06s

================================================================================
[2025-12-04 09:09:16] [737/900] Testing configuration:
  k_target: 32
  coarsen_limit: 170
  balance_weight: 2.7
  num_reads: 350
================================================================================
[2025-12-04 09:09:18]   Trial 1/3: ✓ cut=40803.49, balance=0.9292, time=2.35s
[2025-12-04 09:09:21]   Trial 2/3: ✓ cut=40315.25, balance=0.9371, time=2.37s
[2025-12-04 09:09:23]   Trial 3/3: ✓ cut=40387.11, balance=0.9789, time=2.33s
[2025-12-04 09:09:23] 
  Running METIS baseline...
[2025-12-04 09:09:23]   METIS baseline: cut=32314.17, balance=0.6074, time=0.05s
[2025-12-04 09:09:23]   METIS weights: min=800.76, max=1318.27, avg=1085.35, std=98.47
[2025-12-04 09:09:23]   → Quantum vs METIS: cut improvement = -25.34%
[2025-12-04 09:09:23] 
  → Aggregate: cut=40501.95±215.23, balance=0.9484, time=2.35±0.02s

================================================================================
[2025-12-04 09:09:23] [738/900] Testing configuration:
  k_target: 32
  coarsen_limit: 170
  balance_weight: 2.7
  num_reads: 400
================================================================================
[2025-12-04 09:09:26]   Trial 1/3: ✓ cut=40631.11, balance=0.9638, time=2.72s
[2025-12-04 09:09:28]   Trial 2/3: ✓ cut=41403.12, balance=0.9482, time=2.66s
[2025-12-04 09:09:31]   Trial 3/3: ✓ cut=41057.35, balance=0.9721, time=2.69s
[2025-12-04 09:09:31] 
  Running METIS baseline...
[2025-12-04 09:09:31]   METIS baseline: cut=32314.17, balance=0.6074, time=0.05s
[2025-12-04 09:09:31]   METIS weights: min=800.76, max=1318.27, avg=1085.35, std=98.47
[2025-12-04 09:09:31]   → Quantum vs METIS: cut improvement = -26.97%
[2025-12-04 09:09:31] 
  → Aggregate: cut=41030.53±315.74, balance=0.9614, time=2.69±0.02s

================================================================================
[2025-12-04 09:09:31] [739/900] Testing configuration:
  k_target: 32
  coarsen_limit: 170
  balance_weight: 2.7
  num_reads: 450
================================================================================
[2025-12-04 09:09:34]   Trial 1/3: ✓ cut=40475.25, balance=0.9407, time=3.05s
[2025-12-04 09:09:37]   Trial 2/3: ✓ cut=40960.55, balance=0.9641, time=3.02s
[2025-12-04 09:09:40]   Trial 3/3: ✓ cut=40264.02, balance=0.9410, time=3.14s
[2025-12-04 09:09:40] 
  Running METIS baseline...
[2025-12-04 09:09:40]   METIS baseline: cut=32314.17, balance=0.6074, time=0.05s
[2025-12-04 09:09:40]   METIS weights: min=800.76, max=1318.27, avg=1085.35, std=98.47
[2025-12-04 09:09:40]   → Quantum vs METIS: cut improvement = -25.54%
[2025-12-04 09:09:40] 
  → Aggregate: cut=40566.61±291.60, balance=0.9486, time=3.07±0.05s

================================================================================
[2025-12-04 09:09:41] [740/900] Testing configuration:
  k_target: 32
  coarsen_limit: 170
  balance_weight: 2.7
  num_reads: 500
================================================================================
[2025-12-04 09:09:44]   Trial 1/3: ✓ cut=40723.32, balance=0.8701, time=3.32s
[2025-12-04 09:09:47]   Trial 2/3: ✓ cut=40672.12, balance=0.9748, time=3.32s
[2025-12-04 09:09:51]   Trial 3/3: ✓ cut=40333.92, balance=0.8989, time=3.32s
[2025-12-04 09:09:51] 
  Running METIS baseline...
[2025-12-04 09:09:51]   METIS baseline: cut=32314.17, balance=0.6074, time=0.05s
[2025-12-04 09:09:51]   METIS weights: min=800.76, max=1318.27, avg=1085.35, std=98.47
[2025-12-04 09:09:51]   → Quantum vs METIS: cut improvement = -25.57%
[2025-12-04 09:09:51] 
  → Aggregate: cut=40576.45±172.76, balance=0.9146, time=3.32±0.00s

================================================================================
[2025-12-04 09:09:51] [741/900] Testing configuration:
  k_target: 32
  coarsen_limit: 170
  balance_weight: 2.9
  num_reads: 50
================================================================================
[2025-12-04 09:09:51]   Trial 1/3: ✓ cut=40835.21, balance=0.8456, time=0.45s
[2025-12-04 09:09:52]   Trial 2/3: ✓ cut=41564.55, balance=0.9375, time=0.45s
[2025-12-04 09:09:52]   Trial 3/3: ✓ cut=42791.23, balance=0.9633, time=0.45s
[2025-12-04 09:09:52] 
  Running METIS baseline...
[2025-12-04 09:09:52]   METIS baseline: cut=32314.17, balance=0.6074, time=0.05s
[2025-12-04 09:09:52]   METIS weights: min=800.76, max=1318.27, avg=1085.35, std=98.47
[2025-12-04 09:09:52]   → Quantum vs METIS: cut improvement = -29.14%
[2025-12-04 09:09:52] 
  → Aggregate: cut=41730.33±807.10, balance=0.9154, time=0.45±0.00s

================================================================================
[2025-12-04 09:09:52] [742/900] Testing configuration:
  k_target: 32
  coarsen_limit: 170
  balance_weight: 2.9
  num_reads: 100
================================================================================
[2025-12-04 09:09:53]   Trial 1/3: ✓ cut=41041.37, balance=0.9386, time=0.78s
[2025-12-04 09:09:54]   Trial 2/3: ✓ cut=41411.33, balance=0.9092, time=0.79s
[2025-12-04 09:09:54]   Trial 3/3: ✓ cut=41827.52, balance=0.8957, time=0.79s
[2025-12-04 09:09:54] 
  Running METIS baseline...
[2025-12-04 09:09:55]   METIS baseline: cut=32314.17, balance=0.6074, time=0.05s
[2025-12-04 09:09:55]   METIS weights: min=800.76, max=1318.27, avg=1085.35, std=98.47
[2025-12-04 09:09:55]   → Quantum vs METIS: cut improvement = -28.20%
[2025-12-04 09:09:55] 
  → Aggregate: cut=41426.74±321.13, balance=0.9145, time=0.79±0.01s

================================================================================
[2025-12-04 09:09:55] [743/900] Testing configuration:
  k_target: 32
  coarsen_limit: 170
  balance_weight: 2.9
  num_reads: 150
================================================================================
[2025-12-04 09:09:56]   Trial 1/3: ✓ cut=39570.77, balance=0.9522, time=1.11s
[2025-12-04 09:09:57]   Trial 2/3: ✓ cut=40800.53, balance=0.9061, time=1.09s
[2025-12-04 09:09:58]   Trial 3/3: ✓ cut=40998.89, balance=0.9530, time=1.07s
[2025-12-04 09:09:58] 
  Running METIS baseline...
[2025-12-04 09:09:58]   METIS baseline: cut=32314.17, balance=0.6074, time=0.05s
[2025-12-04 09:09:58]   METIS weights: min=800.76, max=1318.27, avg=1085.35, std=98.47
[2025-12-04 09:09:58]   → Quantum vs METIS: cut improvement = -25.20%
[2025-12-04 09:09:58] 
  → Aggregate: cut=40456.73±631.68, balance=0.9371, time=1.09±0.01s

================================================================================
[2025-12-04 09:09:58] [744/900] Testing configuration:
  k_target: 32
  coarsen_limit: 170
  balance_weight: 2.9
  num_reads: 200
================================================================================
[2025-12-04 09:09:59]   Trial 1/3: ✓ cut=40791.87, balance=0.9414, time=1.50s
[2025-12-04 09:10:01]   Trial 2/3: ✓ cut=40548.56, balance=0.9397, time=1.44s
[2025-12-04 09:10:02]   Trial 3/3: ✓ cut=40071.72, balance=0.9465, time=1.46s
[2025-12-04 09:10:02] 
  Running METIS baseline...
[2025-12-04 09:10:02]   METIS baseline: cut=32314.17, balance=0.6074, time=0.06s
[2025-12-04 09:10:02]   METIS weights: min=800.76, max=1318.27, avg=1085.35, std=98.47
[2025-12-04 09:10:02]   → Quantum vs METIS: cut improvement = -25.24%
[2025-12-04 09:10:02] 
  → Aggregate: cut=40470.72±299.11, balance=0.9425, time=1.47±0.03s

================================================================================
[2025-12-04 09:10:02] [745/900] Testing configuration:
  k_target: 32
  coarsen_limit: 170
  balance_weight: 2.9
  num_reads: 250
================================================================================
[2025-12-04 09:10:04]   Trial 1/3: ✓ cut=40915.05, balance=0.9378, time=1.84s
[2025-12-04 09:10:06]   Trial 2/3: ✓ cut=40692.95, balance=0.9500, time=1.90s
[2025-12-04 09:10:08]   Trial 3/3: ✓ cut=41528.30, balance=0.9569, time=1.84s
[2025-12-04 09:10:08] 
  Running METIS baseline...
[2025-12-04 09:10:08]   METIS baseline: cut=32314.17, balance=0.6074, time=0.06s
[2025-12-04 09:10:08]   METIS weights: min=800.76, max=1318.27, avg=1085.35, std=98.47
[2025-12-04 09:10:08]   → Quantum vs METIS: cut improvement = -27.02%
[2025-12-04 09:10:08] 
  → Aggregate: cut=41045.43±353.27, balance=0.9483, time=1.86±0.03s

================================================================================
[2025-12-04 09:10:08] [746/900] Testing configuration:
  k_target: 32
  coarsen_limit: 170
  balance_weight: 2.9
  num_reads: 300
================================================================================
[2025-12-04 09:10:10]   Trial 1/3: ✓ cut=40760.52, balance=0.8686, time=2.21s
[2025-12-04 09:10:13]   Trial 2/3: ✓ cut=41028.64, balance=0.8434, time=2.10s
[2025-12-04 09:10:15]   Trial 3/3: ✓ cut=40524.96, balance=0.9421, time=2.08s
[2025-12-04 09:10:15] 
  Running METIS baseline...
[2025-12-04 09:10:15]   METIS baseline: cut=32314.17, balance=0.6074, time=0.05s
[2025-12-04 09:10:15]   METIS weights: min=800.76, max=1318.27, avg=1085.35, std=98.47
[2025-12-04 09:10:15]   → Quantum vs METIS: cut improvement = -26.17%
[2025-12-04 09:10:15] 
  → Aggregate: cut=40771.37±205.77, balance=0.8847, time=2.13±0.06s

================================================================================
[2025-12-04 09:10:15] [747/900] Testing configuration:
  k_target: 32
  coarsen_limit: 170
  balance_weight: 2.9
  num_reads: 350
================================================================================
[2025-12-04 09:10:17]   Trial 1/3: ✓ cut=40655.75, balance=0.9235, time=2.37s
[2025-12-04 09:10:19]   Trial 2/3: ✓ cut=40873.50, balance=0.9676, time=2.41s
[2025-12-04 09:10:22]   Trial 3/3: ✓ cut=41296.21, balance=0.9685, time=2.36s
[2025-12-04 09:10:22] 
  Running METIS baseline...
[2025-12-04 09:10:22]   METIS baseline: cut=32314.17, balance=0.6074, time=0.05s
[2025-12-04 09:10:22]   METIS weights: min=800.76, max=1318.27, avg=1085.35, std=98.47
[2025-12-04 09:10:22]   → Quantum vs METIS: cut improvement = -26.70%
[2025-12-04 09:10:22] 
  → Aggregate: cut=40941.82±265.89, balance=0.9532, time=2.38±0.02s

================================================================================
[2025-12-04 09:10:22] [748/900] Testing configuration:
  k_target: 32
  coarsen_limit: 170
  balance_weight: 2.9
  num_reads: 400
================================================================================
[2025-12-04 09:10:25]   Trial 1/3: ✓ cut=40393.18, balance=0.9642, time=2.71s
[2025-12-04 09:10:27]   Trial 2/3: ✓ cut=39908.17, balance=0.9607, time=2.82s
[2025-12-04 09:10:30]   Trial 3/3: ✓ cut=40382.85, balance=0.9574, time=2.68s
[2025-12-04 09:10:30] 
  Running METIS baseline...
[2025-12-04 09:10:30]   METIS baseline: cut=32314.17, balance=0.6074, time=0.05s
[2025-12-04 09:10:30]   METIS weights: min=800.76, max=1318.27, avg=1085.35, std=98.47
[2025-12-04 09:10:30]   → Quantum vs METIS: cut improvement = -24.49%
[2025-12-04 09:10:30] 
  → Aggregate: cut=40228.07±226.24, balance=0.9608, time=2.73±0.06s

================================================================================
[2025-12-04 09:10:30] [749/900] Testing configuration:
  k_target: 32
  coarsen_limit: 170
  balance_weight: 2.9
  num_reads: 450
================================================================================
[2025-12-04 09:10:33]   Trial 1/3: ✓ cut=41264.79, balance=0.9508, time=2.99s
[2025-12-04 09:10:36]   Trial 2/3: ✓ cut=41331.92, balance=0.9068, time=3.03s
[2025-12-04 09:10:39]   Trial 3/3: ✓ cut=40449.13, balance=0.9179, time=3.02s
[2025-12-04 09:10:39] 
  Running METIS baseline...
[2025-12-04 09:10:39]   METIS baseline: cut=32314.17, balance=0.6074, time=0.05s
[2025-12-04 09:10:39]   METIS weights: min=800.76, max=1318.27, avg=1085.35, std=98.47
[2025-12-04 09:10:39]   → Quantum vs METIS: cut improvement = -26.93%
[2025-12-04 09:10:39] 
  → Aggregate: cut=41015.28±401.27, balance=0.9252, time=3.01±0.02s

================================================================================
[2025-12-04 09:10:39] [750/900] Testing configuration:
  k_target: 32
  coarsen_limit: 170
  balance_weight: 2.9
  num_reads: 500
================================================================================
[2025-12-04 09:10:43]   Trial 1/3: ✓ cut=40344.94, balance=0.9317, time=3.35s
[2025-12-04 09:10:46]   Trial 2/3: ✓ cut=40871.98, balance=0.9578, time=3.39s
[2025-12-04 09:10:50]   Trial 3/3: ✓ cut=40805.54, balance=0.9811, time=3.35s
[2025-12-04 09:10:50] 
  Running METIS baseline...
[2025-12-04 09:10:50]   METIS baseline: cut=32314.17, balance=0.6074, time=0.05s
[2025-12-04 09:10:50]   METIS weights: min=800.76, max=1318.27, avg=1085.35, std=98.47
[2025-12-04 09:10:50]   → Quantum vs METIS: cut improvement = -25.87%
[2025-12-04 09:10:50] 
  → Aggregate: cut=40674.15±234.36, balance=0.9569, time=3.36±0.02s

================================================================================
[2025-12-04 09:10:50] [751/900] Testing configuration:
  k_target: 32
  coarsen_limit: 200
  balance_weight: 0.1
  num_reads: 50
================================================================================
[2025-12-04 09:10:50]   Trial 1/3: ✓ cut=38847.95, balance=0.9358, time=0.46s
[2025-12-04 09:10:51]   Trial 2/3: ✓ cut=38503.19, balance=0.9167, time=0.45s
[2025-12-04 09:10:51]   Trial 3/3: ✓ cut=39304.95, balance=0.9012, time=0.45s
[2025-12-04 09:10:51] 
  Running METIS baseline...
[2025-12-04 09:10:51]   METIS baseline: cut=32314.17, balance=0.6074, time=0.05s
[2025-12-04 09:10:51]   METIS weights: min=800.76, max=1318.27, avg=1085.35, std=98.47
[2025-12-04 09:10:51]   → Quantum vs METIS: cut improvement = -20.34%
[2025-12-04 09:10:51] 
  → Aggregate: cut=38885.36±328.38, balance=0.9179, time=0.45±0.00s

================================================================================
[2025-12-04 09:10:51] [752/900] Testing configuration:
  k_target: 32
  coarsen_limit: 200
  balance_weight: 0.1
  num_reads: 100
================================================================================
[2025-12-04 09:10:52]   Trial 1/3: ✓ cut=38647.33, balance=0.9238, time=0.78s
[2025-12-04 09:10:53]   Trial 2/3: ✓ cut=37680.96, balance=0.8991, time=0.77s
[2025-12-04 09:10:54]   Trial 3/3: ✓ cut=38369.46, balance=0.9182, time=0.86s
[2025-12-04 09:10:54] 
  Running METIS baseline...
[2025-12-04 09:10:54]   METIS baseline: cut=32314.17, balance=0.6074, time=0.05s
[2025-12-04 09:10:54]   METIS weights: min=800.76, max=1318.27, avg=1085.35, std=98.47
[2025-12-04 09:10:54]   → Quantum vs METIS: cut improvement = -18.32%
[2025-12-04 09:10:54] 
  → Aggregate: cut=38232.58±406.22, balance=0.9137, time=0.80±0.04s

================================================================================
[2025-12-04 09:10:54] [753/900] Testing configuration:
  k_target: 32
  coarsen_limit: 200
  balance_weight: 0.1
  num_reads: 150
================================================================================
[2025-12-04 09:10:55]   Trial 1/3: ✓ cut=37379.65, balance=0.8658, time=1.11s
[2025-12-04 09:10:56]   Trial 2/3: ✓ cut=38368.66, balance=0.9353, time=1.10s
[2025-12-04 09:10:57]   Trial 3/3: ✓ cut=39090.62, balance=0.9311, time=1.10s
[2025-12-04 09:10:57] 
  Running METIS baseline...
[2025-12-04 09:10:57]   METIS baseline: cut=32314.17, balance=0.6074, time=0.05s
[2025-12-04 09:10:57]   METIS weights: min=800.76, max=1318.27, avg=1085.35, std=98.47
[2025-12-04 09:10:57]   → Quantum vs METIS: cut improvement = -18.46%
[2025-12-04 09:10:57] 
  → Aggregate: cut=38279.64±701.33, balance=0.9108, time=1.10±0.00s

================================================================================
[2025-12-04 09:10:57] [754/900] Testing configuration:
  k_target: 32
  coarsen_limit: 200
  balance_weight: 0.1
  num_reads: 200
================================================================================
[2025-12-04 09:10:58]   Trial 1/3: ✓ cut=37653.42, balance=0.9344, time=1.41s
[2025-12-04 09:11:00]   Trial 2/3: ✓ cut=38190.73, balance=0.9214, time=1.43s
[2025-12-04 09:11:01]   Trial 3/3: ✓ cut=37696.12, balance=0.9246, time=1.41s
[2025-12-04 09:11:01] 
  Running METIS baseline...
[2025-12-04 09:11:01]   METIS baseline: cut=32314.17, balance=0.6074, time=0.05s
[2025-12-04 09:11:01]   METIS weights: min=800.76, max=1318.27, avg=1085.35, std=98.47
[2025-12-04 09:11:01]   → Quantum vs METIS: cut improvement = -17.12%
[2025-12-04 09:11:01] 
  → Aggregate: cut=37846.76±243.85, balance=0.9268, time=1.42±0.01s

================================================================================
[2025-12-04 09:11:01] [755/900] Testing configuration:
  k_target: 32
  coarsen_limit: 200
  balance_weight: 0.1
  num_reads: 250
================================================================================
[2025-12-04 09:11:03]   Trial 1/3: ✓ cut=38298.84, balance=0.9361, time=1.85s
[2025-12-04 09:11:05]   Trial 2/3: ✓ cut=37864.25, balance=0.9271, time=1.81s
[2025-12-04 09:11:07]   Trial 3/3: ✓ cut=38236.16, balance=0.9296, time=1.75s
[2025-12-04 09:11:07] 
  Running METIS baseline...
[2025-12-04 09:11:07]   METIS baseline: cut=32314.17, balance=0.6074, time=0.06s
[2025-12-04 09:11:07]   METIS weights: min=800.76, max=1318.27, avg=1085.35, std=98.47
[2025-12-04 09:11:07]   → Quantum vs METIS: cut improvement = -18.01%
[2025-12-04 09:11:07] 
  → Aggregate: cut=38133.08±191.81, balance=0.9309, time=1.81±0.04s

================================================================================
[2025-12-04 09:11:07] [756/900] Testing configuration:
  k_target: 32
  coarsen_limit: 200
  balance_weight: 0.1
  num_reads: 300
================================================================================
[2025-12-04 09:11:09]   Trial 1/3: ✓ cut=38429.81, balance=0.9194, time=2.17s
[2025-12-04 09:11:11]   Trial 2/3: ✓ cut=37093.70, balance=0.9105, time=2.19s
[2025-12-04 09:11:13]   Trial 3/3: ✓ cut=37304.09, balance=0.8960, time=2.11s
[2025-12-04 09:11:13] 
  Running METIS baseline...
[2025-12-04 09:11:14]   METIS baseline: cut=32314.17, balance=0.6074, time=0.05s
[2025-12-04 09:11:14]   METIS weights: min=800.76, max=1318.27, avg=1085.35, std=98.47
[2025-12-04 09:11:14]   → Quantum vs METIS: cut improvement = -16.39%
[2025-12-04 09:11:14] 
  → Aggregate: cut=37609.20±586.58, balance=0.9086, time=2.16±0.03s

================================================================================
[2025-12-04 09:11:14] [757/900] Testing configuration:
  k_target: 32
  coarsen_limit: 200
  balance_weight: 0.1
  num_reads: 350
================================================================================
[2025-12-04 09:11:16]   Trial 1/3: ✓ cut=37459.31, balance=0.9232, time=2.46s
[2025-12-04 09:11:18]   Trial 2/3: ✓ cut=37854.72, balance=0.9267, time=2.37s
[2025-12-04 09:11:21]   Trial 3/3: ✓ cut=37756.40, balance=0.9151, time=2.34s
[2025-12-04 09:11:21] 
  Running METIS baseline...
[2025-12-04 09:11:21]   METIS baseline: cut=32314.17, balance=0.6074, time=0.05s
[2025-12-04 09:11:21]   METIS weights: min=800.76, max=1318.27, avg=1085.35, std=98.47
[2025-12-04 09:11:21]   → Quantum vs METIS: cut improvement = -16.64%
[2025-12-04 09:11:21] 
  → Aggregate: cut=37690.14±168.09, balance=0.9217, time=2.39±0.05s

================================================================================
[2025-12-04 09:11:21] [758/900] Testing configuration:
  k_target: 32
  coarsen_limit: 200
  balance_weight: 0.1
  num_reads: 400
================================================================================
[2025-12-04 09:11:24]   Trial 1/3: ✓ cut=38272.75, balance=0.9335, time=2.71s
[2025-12-04 09:11:26]   Trial 2/3: ✓ cut=38309.74, balance=0.9271, time=2.70s
[2025-12-04 09:11:29]   Trial 3/3: ✓ cut=38011.97, balance=0.9174, time=2.71s
[2025-12-04 09:11:29] 
  Running METIS baseline...
[2025-12-04 09:11:29]   METIS baseline: cut=32314.17, balance=0.6074, time=0.05s
[2025-12-04 09:11:29]   METIS weights: min=800.76, max=1318.27, avg=1085.35, std=98.47
[2025-12-04 09:11:29]   → Quantum vs METIS: cut improvement = -18.21%
[2025-12-04 09:11:29] 
  → Aggregate: cut=38198.15±132.51, balance=0.9260, time=2.71±0.01s

================================================================================
[2025-12-04 09:11:29] [759/900] Testing configuration:
  k_target: 32
  coarsen_limit: 200
  balance_weight: 0.1
  num_reads: 450
================================================================================
[2025-12-04 09:11:32]   Trial 1/3: ✓ cut=37509.74, balance=0.9137, time=3.02s
[2025-12-04 09:11:35]   Trial 2/3: ✓ cut=37722.85, balance=0.9320, time=3.02s
[2025-12-04 09:11:38]   Trial 3/3: ✓ cut=37934.47, balance=0.9203, time=3.02s
[2025-12-04 09:11:38] 
  Running METIS baseline...
[2025-12-04 09:11:38]   METIS baseline: cut=32314.17, balance=0.6074, time=0.05s
[2025-12-04 09:11:38]   METIS weights: min=800.76, max=1318.27, avg=1085.35, std=98.47
[2025-12-04 09:11:38]   → Quantum vs METIS: cut improvement = -16.74%
[2025-12-04 09:11:38] 
  → Aggregate: cut=37722.35±173.40, balance=0.9220, time=3.02±0.00s

================================================================================
[2025-12-04 09:11:38] [760/900] Testing configuration:
  k_target: 32
  coarsen_limit: 200
  balance_weight: 0.1
  num_reads: 500
================================================================================
[2025-12-04 09:11:42]   Trial 1/3: ✓ cut=37891.65, balance=0.9211, time=3.32s
[2025-12-04 09:11:45]   Trial 2/3: ✓ cut=38009.33, balance=0.9258, time=3.34s
[2025-12-04 09:11:48]   Trial 3/3: ✓ cut=37690.03, balance=0.9253, time=3.34s
[2025-12-04 09:11:48] 
  Running METIS baseline...
[2025-12-04 09:11:48]   METIS baseline: cut=32314.17, balance=0.6074, time=0.05s
[2025-12-04 09:11:48]   METIS weights: min=800.76, max=1318.27, avg=1085.35, std=98.47
[2025-12-04 09:11:48]   → Quantum vs METIS: cut improvement = -17.17%
[2025-12-04 09:11:48] 
  → Aggregate: cut=37863.67±131.85, balance=0.9241, time=3.33±0.01s

================================================================================
[2025-12-04 09:11:48] [761/900] Testing configuration:
  k_target: 32
  coarsen_limit: 200
  balance_weight: 0.3
  num_reads: 50
================================================================================
[2025-12-04 09:11:49]   Trial 1/3: ✓ cut=40715.44, balance=0.8855, time=0.46s
[2025-12-04 09:11:49]   Trial 2/3: ✓ cut=39442.52, balance=0.8990, time=0.54s
[2025-12-04 09:11:50]   Trial 3/3: ✓ cut=40532.78, balance=0.9398, time=0.46s
[2025-12-04 09:11:50] 
  Running METIS baseline...
[2025-12-04 09:11:50]   METIS baseline: cut=32314.17, balance=0.6074, time=0.05s
[2025-12-04 09:11:50]   METIS weights: min=800.76, max=1318.27, avg=1085.35, std=98.47
[2025-12-04 09:11:50]   → Quantum vs METIS: cut improvement = -24.50%
[2025-12-04 09:11:50] 
  → Aggregate: cut=40230.25±561.98, balance=0.9081, time=0.49±0.04s

================================================================================
[2025-12-04 09:11:50] [762/900] Testing configuration:
  k_target: 32
  coarsen_limit: 200
  balance_weight: 0.3
  num_reads: 100
================================================================================
[2025-12-04 09:11:51]   Trial 1/3: ✓ cut=40425.86, balance=0.9346, time=0.78s
[2025-12-04 09:11:52]   Trial 2/3: ✓ cut=39320.53, balance=0.9681, time=0.78s
[2025-12-04 09:11:52]   Trial 3/3: ✓ cut=39965.26, balance=0.9257, time=0.77s
[2025-12-04 09:11:52] 
  Running METIS baseline...
[2025-12-04 09:11:52]   METIS baseline: cut=32314.17, balance=0.6074, time=0.05s
[2025-12-04 09:11:52]   METIS weights: min=800.76, max=1318.27, avg=1085.35, std=98.47
[2025-12-04 09:11:52]   → Quantum vs METIS: cut improvement = -23.49%
[2025-12-04 09:11:52] 
  → Aggregate: cut=39903.89±453.33, balance=0.9428, time=0.78±0.00s

================================================================================
[2025-12-04 09:11:52] [763/900] Testing configuration:
  k_target: 32
  coarsen_limit: 200
  balance_weight: 0.3
  num_reads: 150
================================================================================
[2025-12-04 09:11:54]   Trial 1/3: ✓ cut=39332.02, balance=0.8928, time=1.11s
[2025-12-04 09:11:55]   Trial 2/3: ✓ cut=40084.11, balance=0.9231, time=1.12s
[2025-12-04 09:11:56]   Trial 3/3: ✓ cut=39727.24, balance=0.9597, time=1.10s
[2025-12-04 09:11:56] 
  Running METIS baseline...
[2025-12-04 09:11:56]   METIS baseline: cut=32314.17, balance=0.6074, time=0.05s
[2025-12-04 09:11:56]   METIS weights: min=800.76, max=1318.27, avg=1085.35, std=98.47
[2025-12-04 09:11:56]   → Quantum vs METIS: cut improvement = -22.90%
[2025-12-04 09:11:56] 
  → Aggregate: cut=39714.46±307.17, balance=0.9252, time=1.11±0.01s

================================================================================
[2025-12-04 09:11:56] [764/900] Testing configuration:
  k_target: 32
  coarsen_limit: 200
  balance_weight: 0.3
  num_reads: 200
================================================================================
[2025-12-04 09:11:57]   Trial 1/3: ✓ cut=39771.70, balance=0.9468, time=1.40s
[2025-12-04 09:11:59]   Trial 2/3: ✓ cut=39550.66, balance=0.9300, time=1.41s
[2025-12-04 09:12:00]   Trial 3/3: ✓ cut=40117.27, balance=0.9595, time=1.41s
[2025-12-04 09:12:00] 
  Running METIS baseline...
[2025-12-04 09:12:00]   METIS baseline: cut=32314.17, balance=0.6074, time=0.05s
[2025-12-04 09:12:00]   METIS weights: min=800.76, max=1318.27, avg=1085.35, std=98.47
[2025-12-04 09:12:00]   → Quantum vs METIS: cut improvement = -23.21%
[2025-12-04 09:12:00] 
  → Aggregate: cut=39813.21±233.17, balance=0.9454, time=1.41±0.00s

================================================================================
[2025-12-04 09:12:00] [765/900] Testing configuration:
  k_target: 32
  coarsen_limit: 200
  balance_weight: 0.3
  num_reads: 250
================================================================================
[2025-12-04 09:12:02]   Trial 1/3: ✓ cut=39782.50, balance=0.9110, time=1.82s
[2025-12-04 09:12:04]   Trial 2/3: ✓ cut=39055.54, balance=0.9120, time=1.83s
[2025-12-04 09:12:06]   Trial 3/3: ✓ cut=38373.82, balance=0.9531, time=1.89s
[2025-12-04 09:12:06] 
  Running METIS baseline...
[2025-12-04 09:12:06]   METIS baseline: cut=32314.17, balance=0.6074, time=0.05s
[2025-12-04 09:12:06]   METIS weights: min=800.76, max=1318.27, avg=1085.35, std=98.47
[2025-12-04 09:12:06]   → Quantum vs METIS: cut improvement = -20.91%
[2025-12-04 09:12:06] 
  → Aggregate: cut=39070.62±575.19, balance=0.9254, time=1.84±0.03s

================================================================================
[2025-12-04 09:12:06] [766/900] Testing configuration:
  k_target: 32
  coarsen_limit: 200
  balance_weight: 0.3
  num_reads: 300
================================================================================
[2025-12-04 09:12:08]   Trial 1/3: ✓ cut=39064.55, balance=0.9164, time=2.20s
[2025-12-04 09:12:10]   Trial 2/3: ✓ cut=39076.99, balance=0.9308, time=2.13s
[2025-12-04 09:12:12]   Trial 3/3: ✓ cut=38978.50, balance=0.9413, time=2.11s
[2025-12-04 09:12:12] 
  Running METIS baseline...
[2025-12-04 09:12:12]   METIS baseline: cut=32314.17, balance=0.6074, time=0.05s
[2025-12-04 09:12:12]   METIS weights: min=800.76, max=1318.27, avg=1085.35, std=98.47
[2025-12-04 09:12:12]   → Quantum vs METIS: cut improvement = -20.81%
[2025-12-04 09:12:12] 
  → Aggregate: cut=39040.01±43.79, balance=0.9295, time=2.15±0.04s

================================================================================
[2025-12-04 09:12:12] [767/900] Testing configuration:
  k_target: 32
  coarsen_limit: 200
  balance_weight: 0.3
  num_reads: 350
================================================================================
[2025-12-04 09:12:15]   Trial 1/3: ✓ cut=39041.45, balance=0.9461, time=2.39s
[2025-12-04 09:12:17]   Trial 2/3: ✓ cut=39119.00, balance=0.9643, time=2.38s
[2025-12-04 09:12:20]   Trial 3/3: ✓ cut=39016.98, balance=0.9590, time=2.37s
[2025-12-04 09:12:20] 
  Running METIS baseline...
[2025-12-04 09:12:20]   METIS baseline: cut=32314.17, balance=0.6074, time=0.05s
[2025-12-04 09:12:20]   METIS weights: min=800.76, max=1318.27, avg=1085.35, std=98.47
[2025-12-04 09:12:20]   → Quantum vs METIS: cut improvement = -20.87%
[2025-12-04 09:12:20] 
  → Aggregate: cut=39059.15±43.49, balance=0.9565, time=2.38±0.01s

================================================================================
[2025-12-04 09:12:20] [768/900] Testing configuration:
  k_target: 32
  coarsen_limit: 200
  balance_weight: 0.3
  num_reads: 400
================================================================================
[2025-12-04 09:12:22]   Trial 1/3: ✓ cut=39310.58, balance=0.9349, time=2.68s
[2025-12-04 09:12:25]   Trial 2/3: ✓ cut=39871.97, balance=0.9424, time=2.73s
[2025-12-04 09:12:28]   Trial 3/3: ✓ cut=38888.52, balance=0.9370, time=2.68s
[2025-12-04 09:12:28] 
  Running METIS baseline...
[2025-12-04 09:12:28]   METIS baseline: cut=32314.17, balance=0.6074, time=0.05s
[2025-12-04 09:12:28]   METIS weights: min=800.76, max=1318.27, avg=1085.35, std=98.47
[2025-12-04 09:12:28]   → Quantum vs METIS: cut improvement = -21.79%
[2025-12-04 09:12:28] 
  → Aggregate: cut=39357.02±402.83, balance=0.9381, time=2.70±0.02s

================================================================================
[2025-12-04 09:12:28] [769/900] Testing configuration:
  k_target: 32
  coarsen_limit: 200
  balance_weight: 0.3
  num_reads: 450
================================================================================
[2025-12-04 09:12:31]   Trial 1/3: ✓ cut=39309.31, balance=0.9273, time=3.03s
[2025-12-04 09:12:34]   Trial 2/3: ✓ cut=38490.00, balance=0.9113, time=3.01s
[2025-12-04 09:12:37]   Trial 3/3: ✓ cut=38926.74, balance=0.9370, time=3.03s
[2025-12-04 09:12:37] 
  Running METIS baseline...
[2025-12-04 09:12:37]   METIS baseline: cut=32314.17, balance=0.6074, time=0.05s
[2025-12-04 09:12:37]   METIS weights: min=800.76, max=1318.27, avg=1085.35, std=98.47
[2025-12-04 09:12:37]   → Quantum vs METIS: cut improvement = -20.41%
[2025-12-04 09:12:37] 
  → Aggregate: cut=38908.68±334.73, balance=0.9252, time=3.02±0.01s

================================================================================
[2025-12-04 09:12:37] [770/900] Testing configuration:
  k_target: 32
  coarsen_limit: 200
  balance_weight: 0.3
  num_reads: 500
================================================================================
[2025-12-04 09:12:40]   Trial 1/3: ✓ cut=39165.68, balance=0.9472, time=3.44s
[2025-12-04 09:12:44]   Trial 2/3: ✓ cut=37927.69, balance=0.9497, time=3.32s
[2025-12-04 09:12:47]   Trial 3/3: ✓ cut=38393.69, balance=0.9503, time=3.34s
[2025-12-04 09:12:47] 
  Running METIS baseline...
[2025-12-04 09:12:47]   METIS baseline: cut=32314.17, balance=0.6074, time=0.05s
[2025-12-04 09:12:47]   METIS weights: min=800.76, max=1318.27, avg=1085.35, std=98.47
[2025-12-04 09:12:47]   → Quantum vs METIS: cut improvement = -19.13%
[2025-12-04 09:12:47] 
  → Aggregate: cut=38495.69±510.53, balance=0.9491, time=3.37±0.05s

================================================================================
[2025-12-04 09:12:47] [771/900] Testing configuration:
  k_target: 32
  coarsen_limit: 200
  balance_weight: 0.5
  num_reads: 50
================================================================================
[2025-12-04 09:12:48]   Trial 1/3: ✓ cut=41147.63, balance=0.9502, time=0.46s
[2025-12-04 09:12:48]   Trial 2/3: ✓ cut=40672.86, balance=0.9573, time=0.45s
[2025-12-04 09:12:49]   Trial 3/3: ✓ cut=40855.05, balance=0.9659, time=0.46s
[2025-12-04 09:12:49] 
  Running METIS baseline...
[2025-12-04 09:12:49]   METIS baseline: cut=32314.17, balance=0.6074, time=0.05s
[2025-12-04 09:12:49]   METIS weights: min=800.76, max=1318.27, avg=1085.35, std=98.47
[2025-12-04 09:12:49]   → Quantum vs METIS: cut improvement = -26.54%
[2025-12-04 09:12:49] 
  → Aggregate: cut=40891.85±195.56, balance=0.9578, time=0.46±0.00s

================================================================================
[2025-12-04 09:12:49] [772/900] Testing configuration:
  k_target: 32
  coarsen_limit: 200
  balance_weight: 0.5
  num_reads: 100
================================================================================
[2025-12-04 09:12:50]   Trial 1/3: ✓ cut=40496.39, balance=0.8961, time=0.78s
[2025-12-04 09:12:50]   Trial 2/3: ✓ cut=40071.28, balance=0.9623, time=0.77s
[2025-12-04 09:12:51]   Trial 3/3: ✓ cut=39891.70, balance=0.9155, time=0.78s
[2025-12-04 09:12:51] 
  Running METIS baseline...
[2025-12-04 09:12:51]   METIS baseline: cut=32314.17, balance=0.6074, time=0.05s
[2025-12-04 09:12:51]   METIS weights: min=800.76, max=1318.27, avg=1085.35, std=98.47
[2025-12-04 09:12:51]   → Quantum vs METIS: cut improvement = -24.26%
[2025-12-04 09:12:51] 
  → Aggregate: cut=40153.12±253.55, balance=0.9247, time=0.78±0.00s

================================================================================
[2025-12-04 09:12:51] [773/900] Testing configuration:
  k_target: 32
  coarsen_limit: 200
  balance_weight: 0.5
  num_reads: 150
================================================================================
[2025-12-04 09:12:52]   Trial 1/3: ✓ cut=39784.04, balance=0.9533, time=1.08s
[2025-12-04 09:12:53]   Trial 2/3: ✓ cut=39673.78, balance=0.9348, time=1.09s
[2025-12-04 09:12:55]   Trial 3/3: ✓ cut=40116.40, balance=0.9496, time=1.11s
[2025-12-04 09:12:55] 
  Running METIS baseline...
[2025-12-04 09:12:55]   METIS baseline: cut=32314.17, balance=0.6074, time=0.06s
[2025-12-04 09:12:55]   METIS weights: min=800.76, max=1318.27, avg=1085.35, std=98.47
[2025-12-04 09:12:55]   → Quantum vs METIS: cut improvement = -23.35%
[2025-12-04 09:12:55] 
  → Aggregate: cut=39858.08±188.13, balance=0.9459, time=1.10±0.01s

================================================================================
[2025-12-04 09:12:55] [774/900] Testing configuration:
  k_target: 32
  coarsen_limit: 200
  balance_weight: 0.5
  num_reads: 200
================================================================================
[2025-12-04 09:12:56]   Trial 1/3: ✓ cut=39859.03, balance=0.9543, time=1.42s
[2025-12-04 09:12:58]   Trial 2/3: ✓ cut=39954.41, balance=0.9363, time=1.51s
[2025-12-04 09:12:59]   Trial 3/3: ✓ cut=39218.33, balance=0.9217, time=1.41s
[2025-12-04 09:12:59] 
  Running METIS baseline...
[2025-12-04 09:12:59]   METIS baseline: cut=32314.17, balance=0.6074, time=0.05s
[2025-12-04 09:12:59]   METIS weights: min=800.76, max=1318.27, avg=1085.35, std=98.47
[2025-12-04 09:12:59]   → Quantum vs METIS: cut improvement = -22.79%
[2025-12-04 09:12:59] 
  → Aggregate: cut=39677.26±326.84, balance=0.9374, time=1.45±0.04s

================================================================================
[2025-12-04 09:12:59] [775/900] Testing configuration:
  k_target: 32
  coarsen_limit: 200
  balance_weight: 0.5
  num_reads: 250
================================================================================
[2025-12-04 09:13:01]   Trial 1/3: ✓ cut=39594.12, balance=0.9090, time=1.78s
[2025-12-04 09:13:03]   Trial 2/3: ✓ cut=39507.01, balance=0.9358, time=1.81s
[2025-12-04 09:13:04]   Trial 3/3: ✓ cut=39231.55, balance=0.9173, time=1.82s
[2025-12-04 09:13:04] 
  Running METIS baseline...
[2025-12-04 09:13:05]   METIS baseline: cut=32314.17, balance=0.6074, time=0.06s
[2025-12-04 09:13:05]   METIS weights: min=800.76, max=1318.27, avg=1085.35, std=98.47
[2025-12-04 09:13:05]   → Quantum vs METIS: cut improvement = -22.06%
[2025-12-04 09:13:05] 
  → Aggregate: cut=39444.23±154.53, balance=0.9207, time=1.80±0.02s

================================================================================
[2025-12-04 09:13:05] [776/900] Testing configuration:
  k_target: 32
  coarsen_limit: 200
  balance_weight: 0.5
  num_reads: 300
================================================================================
[2025-12-04 09:13:07]   Trial 1/3: ✓ cut=40440.43, balance=0.9437, time=2.21s
[2025-12-04 09:13:09]   Trial 2/3: ✓ cut=39656.61, balance=0.9539, time=2.23s
[2025-12-04 09:13:11]   Trial 3/3: ✓ cut=39997.16, balance=0.9334, time=2.19s
[2025-12-04 09:13:11] 
  Running METIS baseline...
[2025-12-04 09:13:11]   METIS baseline: cut=32314.17, balance=0.6074, time=0.06s
[2025-12-04 09:13:11]   METIS weights: min=800.76, max=1318.27, avg=1085.35, std=98.47
[2025-12-04 09:13:11]   → Quantum vs METIS: cut improvement = -23.88%
[2025-12-04 09:13:11] 
  → Aggregate: cut=40031.40±320.91, balance=0.9437, time=2.21±0.02s

================================================================================
[2025-12-04 09:13:11] [777/900] Testing configuration:
  k_target: 32
  coarsen_limit: 200
  balance_weight: 0.5
  num_reads: 350
================================================================================
[2025-12-04 09:13:14]   Trial 1/3: ✓ cut=39228.24, balance=0.9464, time=2.36s
[2025-12-04 09:13:16]   Trial 2/3: ✓ cut=39152.94, balance=0.9014, time=2.39s
[2025-12-04 09:13:18]   Trial 3/3: ✓ cut=38685.42, balance=0.8870, time=2.37s
[2025-12-04 09:13:18] 
  Running METIS baseline...
[2025-12-04 09:13:19]   METIS baseline: cut=32314.17, balance=0.6074, time=0.06s
[2025-12-04 09:13:19]   METIS weights: min=800.76, max=1318.27, avg=1085.35, std=98.47
[2025-12-04 09:13:19]   → Quantum vs METIS: cut improvement = -20.76%
[2025-12-04 09:13:19] 
  → Aggregate: cut=39022.20±240.11, balance=0.9116, time=2.37±0.01s

================================================================================
[2025-12-04 09:13:19] [778/900] Testing configuration:
  k_target: 32
  coarsen_limit: 200
  balance_weight: 0.5
  num_reads: 400
================================================================================
[2025-12-04 09:13:21]   Trial 1/3: ✓ cut=39358.81, balance=0.9169, time=2.70s
[2025-12-04 09:13:24]   Trial 2/3: ✓ cut=39630.73, balance=0.9506, time=2.68s
[2025-12-04 09:13:27]   Trial 3/3: ✓ cut=39854.69, balance=0.9211, time=2.70s
[2025-12-04 09:13:27] 
  Running METIS baseline...
[2025-12-04 09:13:27]   METIS baseline: cut=32314.17, balance=0.6074, time=0.13s
[2025-12-04 09:13:27]   METIS weights: min=800.76, max=1318.27, avg=1085.35, std=98.47
[2025-12-04 09:13:27]   → Quantum vs METIS: cut improvement = -22.59%
[2025-12-04 09:13:27] 
  → Aggregate: cut=39614.74±202.76, balance=0.9296, time=2.70±0.01s

================================================================================
[2025-12-04 09:13:27] [779/900] Testing configuration:
  k_target: 32
  coarsen_limit: 200
  balance_weight: 0.5
  num_reads: 450
================================================================================
[2025-12-04 09:13:30]   Trial 1/3: ✓ cut=39760.62, balance=0.9365, time=3.05s
[2025-12-04 09:13:33]   Trial 2/3: ✓ cut=40091.60, balance=0.9386, time=3.01s
[2025-12-04 09:13:36]   Trial 3/3: ✓ cut=39337.23, balance=0.9434, time=3.11s
[2025-12-04 09:13:36] 
  Running METIS baseline...
[2025-12-04 09:13:36]   METIS baseline: cut=32314.17, balance=0.6074, time=0.05s
[2025-12-04 09:13:36]   METIS weights: min=800.76, max=1318.27, avg=1085.35, std=98.47
[2025-12-04 09:13:36]   → Quantum vs METIS: cut improvement = -22.95%
[2025-12-04 09:13:36] 
  → Aggregate: cut=39729.81±308.74, balance=0.9395, time=3.05±0.04s

================================================================================
[2025-12-04 09:13:36] [780/900] Testing configuration:
  k_target: 32
  coarsen_limit: 200
  balance_weight: 0.5
  num_reads: 500
================================================================================
[2025-12-04 09:13:40]   Trial 1/3: ✓ cut=39584.11, balance=0.9387, time=3.42s
[2025-12-04 09:13:43]   Trial 2/3: ✓ cut=39143.51, balance=0.8964, time=3.33s
[2025-12-04 09:13:46]   Trial 3/3: ✓ cut=40042.82, balance=0.9511, time=3.36s
[2025-12-04 09:13:46] 
  Running METIS baseline...
[2025-12-04 09:13:46]   METIS baseline: cut=32314.17, balance=0.6074, time=0.05s
[2025-12-04 09:13:46]   METIS weights: min=800.76, max=1318.27, avg=1085.35, std=98.47
[2025-12-04 09:13:46]   → Quantum vs METIS: cut improvement = -22.52%
[2025-12-04 09:13:46] 
  → Aggregate: cut=39590.15±367.16, balance=0.9287, time=3.37±0.03s

================================================================================
[2025-12-04 09:13:46] [781/900] Testing configuration:
  k_target: 32
  coarsen_limit: 200
  balance_weight: 0.7
  num_reads: 50
================================================================================
[2025-12-04 09:13:47]   Trial 1/3: ✓ cut=40312.52, balance=0.9662, time=0.46s
[2025-12-04 09:13:47]   Trial 2/3: ✓ cut=40674.70, balance=0.9543, time=0.45s
[2025-12-04 09:13:48]   Trial 3/3: ✓ cut=40426.74, balance=0.9708, time=0.45s
[2025-12-04 09:13:48] 
  Running METIS baseline...
[2025-12-04 09:13:48]   METIS baseline: cut=32314.17, balance=0.6074, time=0.05s
[2025-12-04 09:13:48]   METIS weights: min=800.76, max=1318.27, avg=1085.35, std=98.47
[2025-12-04 09:13:48]   → Quantum vs METIS: cut improvement = -25.24%
[2025-12-04 09:13:48] 
  → Aggregate: cut=40471.32±151.18, balance=0.9638, time=0.45±0.00s

================================================================================
[2025-12-04 09:13:48] [782/900] Testing configuration:
  k_target: 32
  coarsen_limit: 200
  balance_weight: 0.7
  num_reads: 100
================================================================================
[2025-12-04 09:13:49]   Trial 1/3: ✓ cut=40158.34, balance=0.9519, time=0.79s
[2025-12-04 09:13:49]   Trial 2/3: ✓ cut=40716.65, balance=0.9241, time=0.79s
[2025-12-04 09:13:50]   Trial 3/3: ✓ cut=40804.10, balance=0.9653, time=0.78s
[2025-12-04 09:13:50] 
  Running METIS baseline...
[2025-12-04 09:13:50]   METIS baseline: cut=32314.17, balance=0.6074, time=0.05s
[2025-12-04 09:13:50]   METIS weights: min=800.76, max=1318.27, avg=1085.35, std=98.47
[2025-12-04 09:13:50]   → Quantum vs METIS: cut improvement = -25.52%
[2025-12-04 09:13:50] 
  → Aggregate: cut=40559.70±286.04, balance=0.9471, time=0.78±0.00s

================================================================================
[2025-12-04 09:13:50] [783/900] Testing configuration:
  k_target: 32
  coarsen_limit: 200
  balance_weight: 0.7
  num_reads: 150
================================================================================
[2025-12-04 09:13:51]   Trial 1/3: ✓ cut=40577.83, balance=0.9449, time=1.10s
[2025-12-04 09:13:53]   Trial 2/3: ✓ cut=40920.97, balance=0.9666, time=1.18s
[2025-12-04 09:13:54]   Trial 3/3: ✓ cut=40381.07, balance=0.9735, time=1.10s
[2025-12-04 09:13:54] 
  Running METIS baseline...
[2025-12-04 09:13:54]   METIS baseline: cut=32314.17, balance=0.6074, time=0.05s
[2025-12-04 09:13:54]   METIS weights: min=800.76, max=1318.27, avg=1085.35, std=98.47
[2025-12-04 09:13:54]   → Quantum vs METIS: cut improvement = -25.72%
[2025-12-04 09:13:54] 
  → Aggregate: cut=40626.62±223.10, balance=0.9617, time=1.13±0.04s

================================================================================
[2025-12-04 09:13:54] [784/900] Testing configuration:
  k_target: 32
  coarsen_limit: 200
  balance_weight: 0.7
  num_reads: 200
================================================================================
[2025-12-04 09:13:55]   Trial 1/3: ✓ cut=40465.89, balance=0.9318, time=1.45s
[2025-12-04 09:13:57]   Trial 2/3: ✓ cut=39887.96, balance=0.9043, time=1.42s
[2025-12-04 09:13:58]   Trial 3/3: ✓ cut=40393.51, balance=0.9075, time=1.41s
[2025-12-04 09:13:58] 
  Running METIS baseline...
[2025-12-04 09:13:58]   METIS baseline: cut=32314.17, balance=0.6074, time=0.05s
[2025-12-04 09:13:58]   METIS weights: min=800.76, max=1318.27, avg=1085.35, std=98.47
[2025-12-04 09:13:58]   → Quantum vs METIS: cut improvement = -24.56%
[2025-12-04 09:13:58] 
  → Aggregate: cut=40249.12±257.08, balance=0.9146, time=1.42±0.02s

================================================================================
[2025-12-04 09:13:58] [785/900] Testing configuration:
  k_target: 32
  coarsen_limit: 200
  balance_weight: 0.7
  num_reads: 250
================================================================================
[2025-12-04 09:14:00]   Trial 1/3: ✓ cut=39755.75, balance=0.9210, time=1.74s
[2025-12-04 09:14:02]   Trial 2/3: ✓ cut=39873.64, balance=0.8938, time=1.76s
[2025-12-04 09:14:04]   Trial 3/3: ✓ cut=39735.35, balance=0.9626, time=1.85s
[2025-12-04 09:14:04] 
  Running METIS baseline...
[2025-12-04 09:14:04]   METIS baseline: cut=32314.17, balance=0.6074, time=0.05s
[2025-12-04 09:14:04]   METIS weights: min=800.76, max=1318.27, avg=1085.35, std=98.47
[2025-12-04 09:14:04]   → Quantum vs METIS: cut improvement = -23.13%
[2025-12-04 09:14:04] 
  → Aggregate: cut=39788.24±60.95, balance=0.9258, time=1.78±0.05s

================================================================================
[2025-12-04 09:14:04] [786/900] Testing configuration:
  k_target: 32
  coarsen_limit: 200
  balance_weight: 0.7
  num_reads: 300
================================================================================
[2025-12-04 09:14:06]   Trial 1/3: ✓ cut=39999.89, balance=0.9423, time=2.21s
[2025-12-04 09:14:08]   Trial 2/3: ✓ cut=40351.42, balance=0.9642, time=2.08s
[2025-12-04 09:14:10]   Trial 3/3: ✓ cut=39684.58, balance=0.9458, time=2.22s
[2025-12-04 09:14:10] 
  Running METIS baseline...
[2025-12-04 09:14:10]   METIS baseline: cut=32314.17, balance=0.6074, time=0.06s
[2025-12-04 09:14:10]   METIS weights: min=800.76, max=1318.27, avg=1085.35, std=98.47
[2025-12-04 09:14:10]   → Quantum vs METIS: cut improvement = -23.82%
[2025-12-04 09:14:10] 
  → Aggregate: cut=40011.96±272.37, balance=0.9508, time=2.17±0.06s

================================================================================
[2025-12-04 09:14:10] [787/900] Testing configuration:
  k_target: 32
  coarsen_limit: 200
  balance_weight: 0.7
  num_reads: 350
================================================================================
[2025-12-04 09:14:13]   Trial 1/3: ✓ cut=39514.15, balance=0.9694, time=2.45s
[2025-12-04 09:14:15]   Trial 2/3: ✓ cut=38988.42, balance=0.9465, time=2.50s
[2025-12-04 09:14:18]   Trial 3/3: ✓ cut=40318.64, balance=0.8515, time=2.37s
[2025-12-04 09:14:18] 
  Running METIS baseline...
[2025-12-04 09:14:18]   METIS baseline: cut=32314.17, balance=0.6074, time=0.05s
[2025-12-04 09:14:18]   METIS weights: min=800.76, max=1318.27, avg=1085.35, std=98.47
[2025-12-04 09:14:18]   → Quantum vs METIS: cut improvement = -22.57%
[2025-12-04 09:14:18] 
  → Aggregate: cut=39607.07±547.02, balance=0.9225, time=2.44±0.05s

================================================================================
[2025-12-04 09:14:18] [788/900] Testing configuration:
  k_target: 32
  coarsen_limit: 200
  balance_weight: 0.7
  num_reads: 400
================================================================================
[2025-12-04 09:14:21]   Trial 1/3: ✓ cut=39805.06, balance=0.8879, time=2.73s
[2025-12-04 09:14:23]   Trial 2/3: ✓ cut=39844.75, balance=0.9276, time=2.67s
[2025-12-04 09:14:26]   Trial 3/3: ✓ cut=39680.23, balance=0.9594, time=2.73s
[2025-12-04 09:14:26] 
  Running METIS baseline...
[2025-12-04 09:14:26]   METIS baseline: cut=32314.17, balance=0.6074, time=0.05s
[2025-12-04 09:14:26]   METIS weights: min=800.76, max=1318.27, avg=1085.35, std=98.47
[2025-12-04 09:14:26]   → Quantum vs METIS: cut improvement = -23.09%
[2025-12-04 09:14:26] 
  → Aggregate: cut=39776.68±70.10, balance=0.9250, time=2.71±0.03s

================================================================================
[2025-12-04 09:14:26] [789/900] Testing configuration:
  k_target: 32
  coarsen_limit: 200
  balance_weight: 0.7
  num_reads: 450
================================================================================
[2025-12-04 09:14:29]   Trial 1/3: ✓ cut=40163.54, balance=0.9597, time=3.01s
[2025-12-04 09:14:32]   Trial 2/3: ✓ cut=39747.77, balance=0.9679, time=3.01s
[2025-12-04 09:14:35]   Trial 3/3: ✓ cut=39507.96, balance=0.9387, time=3.03s
[2025-12-04 09:14:35] 
  Running METIS baseline...
[2025-12-04 09:14:35]   METIS baseline: cut=32314.17, balance=0.6074, time=0.06s
[2025-12-04 09:14:35]   METIS weights: min=800.76, max=1318.27, avg=1085.35, std=98.47
[2025-12-04 09:14:35]   → Quantum vs METIS: cut improvement = -23.19%
[2025-12-04 09:14:35] 
  → Aggregate: cut=39806.42±270.83, balance=0.9555, time=3.02±0.01s

================================================================================
[2025-12-04 09:14:35] [790/900] Testing configuration:
  k_target: 32
  coarsen_limit: 200
  balance_weight: 0.7
  num_reads: 500
================================================================================
[2025-12-04 09:14:39]   Trial 1/3: ✓ cut=39661.18, balance=0.9352, time=3.33s
[2025-12-04 09:14:42]   Trial 2/3: ✓ cut=39727.92, balance=0.9530, time=3.36s
[2025-12-04 09:14:45]   Trial 3/3: ✓ cut=39529.62, balance=0.9630, time=3.33s
[2025-12-04 09:14:45] 
  Running METIS baseline...
[2025-12-04 09:14:45]   METIS baseline: cut=32314.17, balance=0.6074, time=0.05s
[2025-12-04 09:14:45]   METIS weights: min=800.76, max=1318.27, avg=1085.35, std=98.47
[2025-12-04 09:14:45]   → Quantum vs METIS: cut improvement = -22.67%
[2025-12-04 09:14:45] 
  → Aggregate: cut=39639.57±82.38, balance=0.9504, time=3.34±0.01s

================================================================================
[2025-12-04 09:14:45] [791/900] Testing configuration:
  k_target: 32
  coarsen_limit: 200
  balance_weight: 0.9
  num_reads: 50
================================================================================
[2025-12-04 09:14:46]   Trial 1/3: ✓ cut=40177.07, balance=0.9604, time=0.46s
[2025-12-04 09:14:46]   Trial 2/3: ✓ cut=41313.53, balance=0.9446, time=0.45s
[2025-12-04 09:14:47]   Trial 3/3: ✓ cut=40686.13, balance=0.9538, time=0.45s
[2025-12-04 09:14:47] 
  Running METIS baseline...
[2025-12-04 09:14:47]   METIS baseline: cut=32314.17, balance=0.6074, time=0.13s
[2025-12-04 09:14:47]   METIS weights: min=800.76, max=1318.27, avg=1085.35, std=98.47
[2025-12-04 09:14:47]   → Quantum vs METIS: cut improvement = -26.03%
[2025-12-04 09:14:47] 
  → Aggregate: cut=40725.58±464.80, balance=0.9530, time=0.45±0.00s

================================================================================
[2025-12-04 09:14:47] [792/900] Testing configuration:
  k_target: 32
  coarsen_limit: 200
  balance_weight: 0.9
  num_reads: 100
================================================================================
[2025-12-04 09:14:48]   Trial 1/3: ✓ cut=40838.15, balance=0.9573, time=0.77s
[2025-12-04 09:14:48]   Trial 2/3: ✓ cut=40139.20, balance=0.9687, time=0.77s
[2025-12-04 09:14:49]   Trial 3/3: ✓ cut=40565.31, balance=0.8939, time=0.79s
[2025-12-04 09:14:49] 
  Running METIS baseline...
[2025-12-04 09:14:49]   METIS baseline: cut=32314.17, balance=0.6074, time=0.05s
[2025-12-04 09:14:49]   METIS weights: min=800.76, max=1318.27, avg=1085.35, std=98.47
[2025-12-04 09:14:49]   → Quantum vs METIS: cut improvement = -25.38%
[2025-12-04 09:14:49] 
  → Aggregate: cut=40514.22±287.62, balance=0.9400, time=0.78±0.01s

================================================================================
[2025-12-04 09:14:49] [793/900] Testing configuration:
  k_target: 32
  coarsen_limit: 200
  balance_weight: 0.9
  num_reads: 150
================================================================================
[2025-12-04 09:14:50]   Trial 1/3: ✓ cut=40003.36, balance=0.9049, time=1.11s
[2025-12-04 09:14:52]   Trial 2/3: ✓ cut=40892.39, balance=0.9156, time=1.10s
[2025-12-04 09:14:53]   Trial 3/3: ✓ cut=40010.48, balance=0.9798, time=1.10s
[2025-12-04 09:14:53] 
  Running METIS baseline...
[2025-12-04 09:14:53]   METIS baseline: cut=32314.17, balance=0.6074, time=0.05s
[2025-12-04 09:14:53]   METIS weights: min=800.76, max=1318.27, avg=1085.35, std=98.47
[2025-12-04 09:14:53]   → Quantum vs METIS: cut improvement = -24.72%
[2025-12-04 09:14:53] 
  → Aggregate: cut=40302.08±417.43, balance=0.9334, time=1.10±0.00s

================================================================================
[2025-12-04 09:14:53] [794/900] Testing configuration:
  k_target: 32
  coarsen_limit: 200
  balance_weight: 0.9
  num_reads: 200
================================================================================
[2025-12-04 09:14:54]   Trial 1/3: ✓ cut=40223.32, balance=0.9476, time=1.43s
[2025-12-04 09:14:56]   Trial 2/3: ✓ cut=40268.40, balance=0.9459, time=1.46s
[2025-12-04 09:14:57]   Trial 3/3: ✓ cut=40471.61, balance=0.9641, time=1.41s
[2025-12-04 09:14:57] 
  Running METIS baseline...
[2025-12-04 09:14:57]   METIS baseline: cut=32314.17, balance=0.6074, time=0.05s
[2025-12-04 09:14:57]   METIS weights: min=800.76, max=1318.27, avg=1085.35, std=98.47
[2025-12-04 09:14:57]   → Quantum vs METIS: cut improvement = -24.78%
[2025-12-04 09:14:57] 
  → Aggregate: cut=40321.11±108.00, balance=0.9525, time=1.43±0.02s

================================================================================
[2025-12-04 09:14:57] [795/900] Testing configuration:
  k_target: 32
  coarsen_limit: 200
  balance_weight: 0.9
  num_reads: 250
================================================================================
[2025-12-04 09:14:59]   Trial 1/3: ✓ cut=40543.47, balance=0.9696, time=1.74s
[2025-12-04 09:15:01]   Trial 2/3: ✓ cut=40289.93, balance=0.9457, time=1.76s
[2025-12-04 09:15:03]   Trial 3/3: ✓ cut=39572.88, balance=0.9157, time=1.85s
[2025-12-04 09:15:03] 
  Running METIS baseline...
[2025-12-04 09:15:03]   METIS baseline: cut=32314.17, balance=0.6074, time=0.05s
[2025-12-04 09:15:03]   METIS weights: min=800.76, max=1318.27, avg=1085.35, std=98.47
[2025-12-04 09:15:03]   → Quantum vs METIS: cut improvement = -24.20%
[2025-12-04 09:15:03] 
  → Aggregate: cut=40135.42±411.03, balance=0.9437, time=1.78±0.05s

================================================================================
[2025-12-04 09:15:03] [796/900] Testing configuration:
  k_target: 32
  coarsen_limit: 200
  balance_weight: 0.9
  num_reads: 300
================================================================================
[2025-12-04 09:15:05]   Trial 1/3: ✓ cut=40745.11, balance=0.9228, time=2.27s
[2025-12-04 09:15:07]   Trial 2/3: ✓ cut=40752.96, balance=0.8838, time=2.21s
[2025-12-04 09:15:09]   Trial 3/3: ✓ cut=40208.34, balance=0.9339, time=2.20s
[2025-12-04 09:15:09] 
  Running METIS baseline...
[2025-12-04 09:15:09]   METIS baseline: cut=32314.17, balance=0.6074, time=0.06s
[2025-12-04 09:15:09]   METIS weights: min=800.76, max=1318.27, avg=1085.35, std=98.47
[2025-12-04 09:15:09]   → Quantum vs METIS: cut improvement = -25.54%
[2025-12-04 09:15:09] 
  → Aggregate: cut=40568.80±254.91, balance=0.9135, time=2.23±0.03s

================================================================================
[2025-12-04 09:15:09] [797/900] Testing configuration:
  k_target: 32
  coarsen_limit: 200
  balance_weight: 0.9
  num_reads: 350
================================================================================
[2025-12-04 09:15:12]   Trial 1/3: ✓ cut=40444.32, balance=0.8697, time=2.53s
[2025-12-04 09:15:14]   Trial 2/3: ✓ cut=40335.32, balance=0.9386, time=2.40s
[2025-12-04 09:15:17]   Trial 3/3: ✓ cut=39864.32, balance=0.9725, time=2.42s
[2025-12-04 09:15:17] 
  Running METIS baseline...
[2025-12-04 09:15:17]   METIS baseline: cut=32314.17, balance=0.6074, time=0.05s
[2025-12-04 09:15:17]   METIS weights: min=800.76, max=1318.27, avg=1085.35, std=98.47
[2025-12-04 09:15:17]   → Quantum vs METIS: cut improvement = -24.45%
[2025-12-04 09:15:17] 
  → Aggregate: cut=40214.66±251.69, balance=0.9269, time=2.45±0.06s

================================================================================
[2025-12-04 09:15:17] [798/900] Testing configuration:
  k_target: 32
  coarsen_limit: 200
  balance_weight: 0.9
  num_reads: 400
================================================================================
[2025-12-04 09:15:20]   Trial 1/3: ✓ cut=39401.34, balance=0.9008, time=2.69s
[2025-12-04 09:15:22]   Trial 2/3: ✓ cut=39432.77, balance=0.8982, time=2.66s
[2025-12-04 09:15:25]   Trial 3/3: ✓ cut=39848.62, balance=0.9764, time=2.70s
[2025-12-04 09:15:25] 
  Running METIS baseline...
[2025-12-04 09:15:25]   METIS baseline: cut=32314.17, balance=0.6074, time=0.05s
[2025-12-04 09:15:25]   METIS weights: min=800.76, max=1318.27, avg=1085.35, std=98.47
[2025-12-04 09:15:25]   → Quantum vs METIS: cut improvement = -22.43%
[2025-12-04 09:15:25] 
  → Aggregate: cut=39560.91±203.85, balance=0.9251, time=2.68±0.02s

================================================================================
[2025-12-04 09:15:25] [799/900] Testing configuration:
  k_target: 32
  coarsen_limit: 200
  balance_weight: 0.9
  num_reads: 450
================================================================================
[2025-12-04 09:15:28]   Trial 1/3: ✓ cut=39275.93, balance=0.9605, time=2.99s
[2025-12-04 09:15:31]   Trial 2/3: ✓ cut=40510.02, balance=0.9818, time=3.07s
[2025-12-04 09:15:34]   Trial 3/3: ✓ cut=40662.41, balance=0.9445, time=3.02s
[2025-12-04 09:15:34] 
  Running METIS baseline...
[2025-12-04 09:15:34]   METIS baseline: cut=32314.17, balance=0.6074, time=0.05s
[2025-12-04 09:15:34]   METIS weights: min=800.76, max=1318.27, avg=1085.35, std=98.47
[2025-12-04 09:15:34]   → Quantum vs METIS: cut improvement = -24.25%
[2025-12-04 09:15:34] 
  → Aggregate: cut=40149.45±620.80, balance=0.9622, time=3.03±0.03s

================================================================================
[2025-12-04 09:15:34] [800/900] Testing configuration:
  k_target: 32
  coarsen_limit: 200
  balance_weight: 0.9
  num_reads: 500
================================================================================
[2025-12-04 09:15:38]   Trial 1/3: ✓ cut=39721.23, balance=0.9284, time=3.34s
[2025-12-04 09:15:41]   Trial 2/3: ✓ cut=40148.88, balance=0.9046, time=3.49s
[2025-12-04 09:15:45]   Trial 3/3: ✓ cut=39181.38, balance=0.9355, time=3.38s
[2025-12-04 09:15:45] 
  Running METIS baseline...
[2025-12-04 09:15:45]   METIS baseline: cut=32314.17, balance=0.6074, time=0.05s
[2025-12-04 09:15:45]   METIS weights: min=800.76, max=1318.27, avg=1085.35, std=98.47
[2025-12-04 09:15:45]   → Quantum vs METIS: cut improvement = -22.81%
[2025-12-04 09:15:45] 
  → Aggregate: cut=39683.83±395.86, balance=0.9228, time=3.40±0.06s

================================================================================
[2025-12-04 09:15:45] [801/900] Testing configuration:
  k_target: 32
  coarsen_limit: 200
  balance_weight: 1.1
  num_reads: 50
================================================================================
[2025-12-04 09:15:45]   Trial 1/3: ✓ cut=40913.93, balance=0.9179, time=0.46s
[2025-12-04 09:15:46]   Trial 2/3: ✓ cut=40906.42, balance=0.9222, time=0.45s
[2025-12-04 09:15:46]   Trial 3/3: ✓ cut=40767.81, balance=0.9555, time=0.45s
[2025-12-04 09:15:46] 
  Running METIS baseline...
[2025-12-04 09:15:46]   METIS baseline: cut=32314.17, balance=0.6074, time=0.05s
[2025-12-04 09:15:46]   METIS weights: min=800.76, max=1318.27, avg=1085.35, std=98.47
[2025-12-04 09:15:46]   → Quantum vs METIS: cut improvement = -26.45%
[2025-12-04 09:15:46] 
  → Aggregate: cut=40862.72±67.18, balance=0.9319, time=0.46±0.01s

================================================================================
[2025-12-04 09:15:46] [802/900] Testing configuration:
  k_target: 32
  coarsen_limit: 200
  balance_weight: 1.1
  num_reads: 100
================================================================================
[2025-12-04 09:15:47]   Trial 1/3: ✓ cut=40704.87, balance=0.9473, time=0.77s
[2025-12-04 09:15:48]   Trial 2/3: ✓ cut=40965.04, balance=0.9588, time=0.78s
[2025-12-04 09:15:48]   Trial 3/3: ✓ cut=40765.52, balance=0.9329, time=0.77s
[2025-12-04 09:15:48] 
  Running METIS baseline...
[2025-12-04 09:15:49]   METIS baseline: cut=32314.17, balance=0.6074, time=0.06s
[2025-12-04 09:15:49]   METIS weights: min=800.76, max=1318.27, avg=1085.35, std=98.47
[2025-12-04 09:15:49]   → Quantum vs METIS: cut improvement = -26.30%
[2025-12-04 09:15:49] 
  → Aggregate: cut=40811.81±111.14, balance=0.9463, time=0.77±0.00s

================================================================================
[2025-12-04 09:15:49] [803/900] Testing configuration:
  k_target: 32
  coarsen_limit: 200
  balance_weight: 1.1
  num_reads: 150
================================================================================
[2025-12-04 09:15:50]   Trial 1/3: ✓ cut=41073.69, balance=0.9306, time=1.12s
[2025-12-04 09:15:51]   Trial 2/3: ✓ cut=40685.22, balance=0.9294, time=1.10s
[2025-12-04 09:15:52]   Trial 3/3: ✓ cut=40796.07, balance=0.9309, time=1.08s
[2025-12-04 09:15:52] 
  Running METIS baseline...
[2025-12-04 09:15:52]   METIS baseline: cut=32314.17, balance=0.6074, time=0.05s
[2025-12-04 09:15:52]   METIS weights: min=800.76, max=1318.27, avg=1085.35, std=98.47
[2025-12-04 09:15:52]   → Quantum vs METIS: cut improvement = -26.42%
[2025-12-04 09:15:52] 
  → Aggregate: cut=40851.66±163.39, balance=0.9303, time=1.10±0.01s

================================================================================
[2025-12-04 09:15:52] [804/900] Testing configuration:
  k_target: 32
  coarsen_limit: 200
  balance_weight: 1.1
  num_reads: 200
================================================================================
[2025-12-04 09:15:53]   Trial 1/3: ✓ cut=39616.95, balance=0.9656, time=1.40s
[2025-12-04 09:15:55]   Trial 2/3: ✓ cut=40912.35, balance=0.9450, time=1.44s
[2025-12-04 09:15:56]   Trial 3/3: ✓ cut=40609.01, balance=0.9439, time=1.40s
[2025-12-04 09:15:56] 
  Running METIS baseline...
[2025-12-04 09:15:56]   METIS baseline: cut=32314.17, balance=0.6074, time=0.13s
[2025-12-04 09:15:56]   METIS weights: min=800.76, max=1318.27, avg=1085.35, std=98.47
[2025-12-04 09:15:56]   → Quantum vs METIS: cut improvement = -24.96%
[2025-12-04 09:15:56] 
  → Aggregate: cut=40379.44±553.20, balance=0.9515, time=1.41±0.02s

================================================================================
[2025-12-04 09:15:56] [805/900] Testing configuration:
  k_target: 32
  coarsen_limit: 200
  balance_weight: 1.1
  num_reads: 250
================================================================================
[2025-12-04 09:15:58]   Trial 1/3: ✓ cut=40195.33, balance=0.9344, time=1.74s
[2025-12-04 09:16:00]   Trial 2/3: ✓ cut=40624.67, balance=0.9518, time=1.78s
[2025-12-04 09:16:02]   Trial 3/3: ✓ cut=40596.88, balance=0.9605, time=1.79s
[2025-12-04 09:16:02] 
  Running METIS baseline...
[2025-12-04 09:16:02]   METIS baseline: cut=32314.17, balance=0.6074, time=0.06s
[2025-12-04 09:16:02]   METIS weights: min=800.76, max=1318.27, avg=1085.35, std=98.47
[2025-12-04 09:16:02]   → Quantum vs METIS: cut improvement = -25.25%
[2025-12-04 09:16:02] 
  → Aggregate: cut=40472.29±196.17, balance=0.9489, time=1.77±0.02s

================================================================================
[2025-12-04 09:16:02] [806/900] Testing configuration:
  k_target: 32
  coarsen_limit: 200
  balance_weight: 1.1
  num_reads: 300
================================================================================
[2025-12-04 09:16:04]   Trial 1/3: ✓ cut=40199.73, balance=0.9661, time=2.19s
[2025-12-04 09:16:06]   Trial 2/3: ✓ cut=39662.95, balance=0.9630, time=2.24s
[2025-12-04 09:16:08]   Trial 3/3: ✓ cut=40318.63, balance=0.9643, time=2.18s
[2025-12-04 09:16:08] 
  Running METIS baseline...
[2025-12-04 09:16:09]   METIS baseline: cut=32314.17, balance=0.6074, time=0.05s
[2025-12-04 09:16:09]   METIS weights: min=800.76, max=1318.27, avg=1085.35, std=98.47
[2025-12-04 09:16:09]   → Quantum vs METIS: cut improvement = -23.97%
[2025-12-04 09:16:09] 
  → Aggregate: cut=40060.44±285.23, balance=0.9645, time=2.20±0.02s

================================================================================
[2025-12-04 09:16:09] [807/900] Testing configuration:
  k_target: 32
  coarsen_limit: 200
  balance_weight: 1.1
  num_reads: 350
================================================================================
[2025-12-04 09:16:11]   Trial 1/3: ✓ cut=40528.95, balance=0.9279, time=2.43s
[2025-12-04 09:16:13]   Trial 2/3: ✓ cut=39878.31, balance=0.9647, time=2.38s
[2025-12-04 09:16:16]   Trial 3/3: ✓ cut=39610.60, balance=0.9641, time=2.42s
[2025-12-04 09:16:16] 
  Running METIS baseline...
[2025-12-04 09:16:16]   METIS baseline: cut=32314.17, balance=0.6074, time=0.05s
[2025-12-04 09:16:16]   METIS weights: min=800.76, max=1318.27, avg=1085.35, std=98.47
[2025-12-04 09:16:16]   → Quantum vs METIS: cut improvement = -23.80%
[2025-12-04 09:16:16] 
  → Aggregate: cut=40005.95±385.62, balance=0.9523, time=2.41±0.02s

================================================================================
[2025-12-04 09:16:16] [808/900] Testing configuration:
  k_target: 32
  coarsen_limit: 200
  balance_weight: 1.1
  num_reads: 400
================================================================================
[2025-12-04 09:16:19]   Trial 1/3: ✓ cut=40124.65, balance=0.9118, time=2.71s
[2025-12-04 09:16:21]   Trial 2/3: ✓ cut=39468.67, balance=0.9764, time=2.71s
[2025-12-04 09:16:24]   Trial 3/3: ✓ cut=39790.80, balance=0.9453, time=2.70s
[2025-12-04 09:16:24] 
  Running METIS baseline...
[2025-12-04 09:16:24]   METIS baseline: cut=32314.17, balance=0.6074, time=0.05s
[2025-12-04 09:16:24]   METIS weights: min=800.76, max=1318.27, avg=1085.35, std=98.47
[2025-12-04 09:16:24]   → Quantum vs METIS: cut improvement = -23.15%
[2025-12-04 09:16:24] 
  → Aggregate: cut=39794.71±267.82, balance=0.9445, time=2.71±0.00s

================================================================================
[2025-12-04 09:16:24] [809/900] Testing configuration:
  k_target: 32
  coarsen_limit: 200
  balance_weight: 1.1
  num_reads: 450
================================================================================
[2025-12-04 09:16:27]   Trial 1/3: ✓ cut=39483.82, balance=0.9620, time=3.09s
[2025-12-04 09:16:30]   Trial 2/3: ✓ cut=39746.83, balance=0.9160, time=3.02s
[2025-12-04 09:16:33]   Trial 3/3: ✓ cut=40222.44, balance=0.9717, time=3.04s
[2025-12-04 09:16:33] 
  Running METIS baseline...
[2025-12-04 09:16:33]   METIS baseline: cut=32314.17, balance=0.6074, time=0.05s
[2025-12-04 09:16:33]   METIS weights: min=800.76, max=1318.27, avg=1085.35, std=98.47
[2025-12-04 09:16:33]   → Quantum vs METIS: cut improvement = -23.22%
[2025-12-04 09:16:33] 
  → Aggregate: cut=39817.70±305.68, balance=0.9499, time=3.05±0.03s

================================================================================
[2025-12-04 09:16:33] [810/900] Testing configuration:
  k_target: 32
  coarsen_limit: 200
  balance_weight: 1.1
  num_reads: 500
================================================================================
[2025-12-04 09:16:37]   Trial 1/3: ✓ cut=40522.01, balance=0.9608, time=3.33s
[2025-12-04 09:16:40]   Trial 2/3: ✓ cut=40611.13, balance=0.9472, time=3.33s
[2025-12-04 09:16:43]   Trial 3/3: ✓ cut=39937.89, balance=0.8623, time=3.32s
[2025-12-04 09:16:43] 
  Running METIS baseline...
[2025-12-04 09:16:44]   METIS baseline: cut=32314.17, balance=0.6074, time=0.05s
[2025-12-04 09:16:44]   METIS weights: min=800.76, max=1318.27, avg=1085.35, std=98.47
[2025-12-04 09:16:44]   → Quantum vs METIS: cut improvement = -24.89%
[2025-12-04 09:16:44] 
  → Aggregate: cut=40357.01±298.59, balance=0.9234, time=3.33±0.01s

================================================================================
[2025-12-04 09:16:44] [811/900] Testing configuration:
  k_target: 32
  coarsen_limit: 200
  balance_weight: 1.3
  num_reads: 50
================================================================================
[2025-12-04 09:16:44]   Trial 1/3: ✓ cut=41719.62, balance=0.9592, time=0.45s
[2025-12-04 09:16:44]   Trial 2/3: ✓ cut=41998.49, balance=0.9349, time=0.45s
[2025-12-04 09:16:45]   Trial 3/3: ✓ cut=41326.52, balance=0.9497, time=0.46s
[2025-12-04 09:16:45] 
  Running METIS baseline...
[2025-12-04 09:16:45]   METIS baseline: cut=32314.17, balance=0.6074, time=0.05s
[2025-12-04 09:16:45]   METIS weights: min=800.76, max=1318.27, avg=1085.35, std=98.47
[2025-12-04 09:16:45]   → Quantum vs METIS: cut improvement = -28.99%
[2025-12-04 09:16:45] 
  → Aggregate: cut=41681.54±275.65, balance=0.9479, time=0.45±0.00s

================================================================================
[2025-12-04 09:16:45] [812/900] Testing configuration:
  k_target: 32
  coarsen_limit: 200
  balance_weight: 1.3
  num_reads: 100
================================================================================
[2025-12-04 09:16:46]   Trial 1/3: ✓ cut=40557.14, balance=0.9690, time=0.78s
[2025-12-04 09:16:47]   Trial 2/3: ✓ cut=40816.35, balance=0.8746, time=0.77s
[2025-12-04 09:16:47]   Trial 3/3: ✓ cut=40798.28, balance=0.9367, time=0.78s
[2025-12-04 09:16:47] 
  Running METIS baseline...
[2025-12-04 09:16:47]   METIS baseline: cut=32314.17, balance=0.6074, time=0.05s
[2025-12-04 09:16:47]   METIS weights: min=800.76, max=1318.27, avg=1085.35, std=98.47
[2025-12-04 09:16:47]   → Quantum vs METIS: cut improvement = -26.02%
[2025-12-04 09:16:47] 
  → Aggregate: cut=40723.92±118.16, balance=0.9268, time=0.77±0.00s

================================================================================
[2025-12-04 09:16:47] [813/900] Testing configuration:
  k_target: 32
  coarsen_limit: 200
  balance_weight: 1.3
  num_reads: 150
================================================================================
[2025-12-04 09:16:49]   Trial 1/3: ✓ cut=40299.16, balance=0.9729, time=1.10s
[2025-12-04 09:16:50]   Trial 2/3: ✓ cut=40891.67, balance=0.8847, time=1.18s
[2025-12-04 09:16:51]   Trial 3/3: ✓ cut=40617.83, balance=0.9619, time=1.10s
[2025-12-04 09:16:51] 
  Running METIS baseline...
[2025-12-04 09:16:51]   METIS baseline: cut=32314.17, balance=0.6074, time=0.05s
[2025-12-04 09:16:51]   METIS weights: min=800.76, max=1318.27, avg=1085.35, std=98.47
[2025-12-04 09:16:51]   → Quantum vs METIS: cut improvement = -25.65%
[2025-12-04 09:16:51] 
  → Aggregate: cut=40602.89±242.12, balance=0.9398, time=1.12±0.04s

================================================================================
[2025-12-04 09:16:51] [814/900] Testing configuration:
  k_target: 32
  coarsen_limit: 200
  balance_weight: 1.3
  num_reads: 200
================================================================================
[2025-12-04 09:16:52]   Trial 1/3: ✓ cut=40495.77, balance=0.9497, time=1.41s
[2025-12-04 09:16:54]   Trial 2/3: ✓ cut=40476.94, balance=0.9682, time=1.40s
[2025-12-04 09:16:55]   Trial 3/3: ✓ cut=39823.56, balance=0.9393, time=1.42s
[2025-12-04 09:16:55] 
  Running METIS baseline...
[2025-12-04 09:16:55]   METIS baseline: cut=32314.17, balance=0.6074, time=0.05s
[2025-12-04 09:16:55]   METIS weights: min=800.76, max=1318.27, avg=1085.35, std=98.47
[2025-12-04 09:16:55]   → Quantum vs METIS: cut improvement = -24.61%
[2025-12-04 09:16:55] 
  → Aggregate: cut=40265.42±312.54, balance=0.9524, time=1.41±0.01s

================================================================================
[2025-12-04 09:16:55] [815/900] Testing configuration:
  k_target: 32
  coarsen_limit: 200
  balance_weight: 1.3
  num_reads: 250
================================================================================
[2025-12-04 09:16:57]   Trial 1/3: ✓ cut=40682.01, balance=0.9163, time=1.71s
[2025-12-04 09:16:59]   Trial 2/3: ✓ cut=40412.53, balance=0.9679, time=1.72s
[2025-12-04 09:17:01]   Trial 3/3: ✓ cut=40069.17, balance=0.9647, time=1.74s
[2025-12-04 09:17:01] 
  Running METIS baseline...
[2025-12-04 09:17:01]   METIS baseline: cut=32314.17, balance=0.6074, time=0.06s
[2025-12-04 09:17:01]   METIS weights: min=800.76, max=1318.27, avg=1085.35, std=98.47
[2025-12-04 09:17:01]   → Quantum vs METIS: cut improvement = -24.99%
[2025-12-04 09:17:01] 
  → Aggregate: cut=40387.90±250.79, balance=0.9497, time=1.72±0.01s

================================================================================
[2025-12-04 09:17:01] [816/900] Testing configuration:
  k_target: 32
  coarsen_limit: 200
  balance_weight: 1.3
  num_reads: 300
================================================================================
[2025-12-04 09:17:03]   Trial 1/3: ✓ cut=40399.57, balance=0.9691, time=2.16s
[2025-12-04 09:17:05]   Trial 2/3: ✓ cut=40280.54, balance=0.9461, time=2.16s
[2025-12-04 09:17:07]   Trial 3/3: ✓ cut=40215.19, balance=0.9674, time=2.14s
[2025-12-04 09:17:07] 
  Running METIS baseline...
[2025-12-04 09:17:07]   METIS baseline: cut=32314.17, balance=0.6074, time=0.05s
[2025-12-04 09:17:07]   METIS weights: min=800.76, max=1318.27, avg=1085.35, std=98.47
[2025-12-04 09:17:07]   → Quantum vs METIS: cut improvement = -24.71%
[2025-12-04 09:17:07] 
  → Aggregate: cut=40298.44±76.33, balance=0.9609, time=2.15±0.01s

================================================================================
[2025-12-04 09:17:07] [817/900] Testing configuration:
  k_target: 32
  coarsen_limit: 200
  balance_weight: 1.3
  num_reads: 350
================================================================================
[2025-12-04 09:17:10]   Trial 1/3: ✓ cut=40544.54, balance=0.8822, time=2.44s
[2025-12-04 09:17:12]   Trial 2/3: ✓ cut=40413.43, balance=0.9562, time=2.50s
[2025-12-04 09:17:15]   Trial 3/3: ✓ cut=39721.25, balance=0.9731, time=2.35s
[2025-12-04 09:17:15] 
  Running METIS baseline...
[2025-12-04 09:17:15]   METIS baseline: cut=32314.17, balance=0.6074, time=0.14s
[2025-12-04 09:17:15]   METIS weights: min=800.76, max=1318.27, avg=1085.35, std=98.47
[2025-12-04 09:17:15]   → Quantum vs METIS: cut improvement = -24.49%
[2025-12-04 09:17:15] 
  → Aggregate: cut=40226.41±361.19, balance=0.9372, time=2.43±0.06s

================================================================================
[2025-12-04 09:17:15] [818/900] Testing configuration:
  k_target: 32
  coarsen_limit: 200
  balance_weight: 1.3
  num_reads: 400
================================================================================
[2025-12-04 09:17:17]   Trial 1/3: ✓ cut=39882.86, balance=0.8627, time=2.67s
[2025-12-04 09:17:20]   Trial 2/3: ✓ cut=40160.06, balance=0.9430, time=2.67s
[2025-12-04 09:17:23]   Trial 3/3: ✓ cut=40164.87, balance=0.9495, time=2.65s
[2025-12-04 09:17:23] 
  Running METIS baseline...
[2025-12-04 09:17:23]   METIS baseline: cut=32314.17, balance=0.6074, time=0.05s
[2025-12-04 09:17:23]   METIS weights: min=800.76, max=1318.27, avg=1085.35, std=98.47
[2025-12-04 09:17:23]   → Quantum vs METIS: cut improvement = -24.00%
[2025-12-04 09:17:23] 
  → Aggregate: cut=40069.26±131.82, balance=0.9184, time=2.66±0.01s

================================================================================
[2025-12-04 09:17:23] [819/900] Testing configuration:
  k_target: 32
  coarsen_limit: 200
  balance_weight: 1.3
  num_reads: 450
================================================================================
[2025-12-04 09:17:26]   Trial 1/3: ✓ cut=40160.87, balance=0.9532, time=3.01s
[2025-12-04 09:17:29]   Trial 2/3: ✓ cut=40362.31, balance=0.9717, time=2.99s
[2025-12-04 09:17:32]   Trial 3/3: ✓ cut=40128.11, balance=0.9631, time=2.97s
[2025-12-04 09:17:32] 
  Running METIS baseline...
[2025-12-04 09:17:32]   METIS baseline: cut=32314.17, balance=0.6074, time=0.05s
[2025-12-04 09:17:32]   METIS weights: min=800.76, max=1318.27, avg=1085.35, std=98.47
[2025-12-04 09:17:32]   → Quantum vs METIS: cut improvement = -24.46%
[2025-12-04 09:17:32] 
  → Aggregate: cut=40217.10±103.55, balance=0.9627, time=2.99±0.02s

================================================================================
[2025-12-04 09:17:32] [820/900] Testing configuration:
  k_target: 32
  coarsen_limit: 200
  balance_weight: 1.3
  num_reads: 500
================================================================================
[2025-12-04 09:17:35]   Trial 1/3: ✓ cut=39804.62, balance=0.9550, time=3.32s
[2025-12-04 09:17:39]   Trial 2/3: ✓ cut=40274.88, balance=0.9721, time=3.31s
[2025-12-04 09:17:42]   Trial 3/3: ✓ cut=39817.94, balance=0.8847, time=3.28s
[2025-12-04 09:17:42] 
  Running METIS baseline...
[2025-12-04 09:17:42]   METIS baseline: cut=32314.17, balance=0.6074, time=0.05s
[2025-12-04 09:17:42]   METIS weights: min=800.76, max=1318.27, avg=1085.35, std=98.47
[2025-12-04 09:17:42]   → Quantum vs METIS: cut improvement = -23.68%
[2025-12-04 09:17:42] 
  → Aggregate: cut=39965.82±218.61, balance=0.9373, time=3.30±0.02s

================================================================================
[2025-12-04 09:17:42] [821/900] Testing configuration:
  k_target: 32
  coarsen_limit: 200
  balance_weight: 1.5
  num_reads: 50
================================================================================
[2025-12-04 09:17:42]   Trial 1/3: ✓ cut=40754.49, balance=0.9739, time=0.44s
[2025-12-04 09:17:43]   Trial 2/3: ✓ cut=40975.31, balance=0.9171, time=0.45s
[2025-12-04 09:17:43]   Trial 3/3: ✓ cut=40967.09, balance=0.9469, time=0.45s
[2025-12-04 09:17:43] 
  Running METIS baseline...
[2025-12-04 09:17:43]   METIS baseline: cut=32314.17, balance=0.6074, time=0.05s
[2025-12-04 09:17:43]   METIS weights: min=800.76, max=1318.27, avg=1085.35, std=98.47
[2025-12-04 09:17:43]   → Quantum vs METIS: cut improvement = -26.57%
[2025-12-04 09:17:43] 
  → Aggregate: cut=40898.96±102.22, balance=0.9459, time=0.45±0.00s

================================================================================
[2025-12-04 09:17:43] [822/900] Testing configuration:
  k_target: 32
  coarsen_limit: 200
  balance_weight: 1.5
  num_reads: 100
================================================================================
[2025-12-04 09:17:44]   Trial 1/3: ✓ cut=40589.38, balance=0.9510, time=0.84s
[2025-12-04 09:17:45]   Trial 2/3: ✓ cut=40736.34, balance=0.9511, time=0.78s
[2025-12-04 09:17:46]   Trial 3/3: ✓ cut=40485.89, balance=0.9671, time=0.77s
[2025-12-04 09:17:46] 
  Running METIS baseline...
[2025-12-04 09:17:46]   METIS baseline: cut=32314.17, balance=0.6074, time=0.05s
[2025-12-04 09:17:46]   METIS weights: min=800.76, max=1318.27, avg=1085.35, std=98.47
[2025-12-04 09:17:46]   → Quantum vs METIS: cut improvement = -25.65%
[2025-12-04 09:17:46] 
  → Aggregate: cut=40603.87±102.76, balance=0.9564, time=0.80±0.03s

================================================================================
[2025-12-04 09:17:46] [823/900] Testing configuration:
  k_target: 32
  coarsen_limit: 200
  balance_weight: 1.5
  num_reads: 150
================================================================================
[2025-12-04 09:17:47]   Trial 1/3: ✓ cut=40455.89, balance=0.9253, time=1.09s
[2025-12-04 09:17:48]   Trial 2/3: ✓ cut=39891.06, balance=0.9736, time=1.08s
[2025-12-04 09:17:49]   Trial 3/3: ✓ cut=40475.25, balance=0.8978, time=1.09s
[2025-12-04 09:17:49] 
  Running METIS baseline...
[2025-12-04 09:17:49]   METIS baseline: cut=32314.17, balance=0.6074, time=0.05s
[2025-12-04 09:17:49]   METIS weights: min=800.76, max=1318.27, avg=1085.35, std=98.47
[2025-12-04 09:17:49]   → Quantum vs METIS: cut improvement = -24.63%
[2025-12-04 09:17:49] 
  → Aggregate: cut=40274.07±270.94, balance=0.9322, time=1.08±0.00s

================================================================================
[2025-12-04 09:17:49] [824/900] Testing configuration:
  k_target: 32
  coarsen_limit: 200
  balance_weight: 1.5
  num_reads: 200
================================================================================
[2025-12-04 09:17:51]   Trial 1/3: ✓ cut=40765.87, balance=0.9611, time=1.41s
[2025-12-04 09:17:52]   Trial 2/3: ✓ cut=41292.69, balance=0.9667, time=1.39s
[2025-12-04 09:17:53]   Trial 3/3: ✓ cut=40594.16, balance=0.9756, time=1.40s
[2025-12-04 09:17:53] 
  Running METIS baseline...
[2025-12-04 09:17:54]   METIS baseline: cut=32314.17, balance=0.6074, time=0.05s
[2025-12-04 09:17:54]   METIS weights: min=800.76, max=1318.27, avg=1085.35, std=98.47
[2025-12-04 09:17:54]   → Quantum vs METIS: cut improvement = -26.52%
[2025-12-04 09:17:54] 
  → Aggregate: cut=40884.24±297.20, balance=0.9678, time=1.40±0.01s

================================================================================
[2025-12-04 09:17:54] [825/900] Testing configuration:
  k_target: 32
  coarsen_limit: 200
  balance_weight: 1.5
  num_reads: 250
================================================================================
[2025-12-04 09:17:55]   Trial 1/3: ✓ cut=40484.67, balance=0.9126, time=1.73s
[2025-12-04 09:17:57]   Trial 2/3: ✓ cut=40456.89, balance=0.9625, time=1.70s
[2025-12-04 09:17:59]   Trial 3/3: ✓ cut=40121.09, balance=0.9194, time=1.70s
[2025-12-04 09:17:59] 
  Running METIS baseline...
[2025-12-04 09:17:59]   METIS baseline: cut=32314.17, balance=0.6074, time=0.05s
[2025-12-04 09:17:59]   METIS weights: min=800.76, max=1318.27, avg=1085.35, std=98.47
[2025-12-04 09:17:59]   → Quantum vs METIS: cut improvement = -24.88%
[2025-12-04 09:17:59] 
  → Aggregate: cut=40354.21±165.24, balance=0.9315, time=1.71±0.01s

================================================================================
[2025-12-04 09:17:59] [826/900] Testing configuration:
  k_target: 32
  coarsen_limit: 200
  balance_weight: 1.5
  num_reads: 300
================================================================================
[2025-12-04 09:18:01]   Trial 1/3: ✓ cut=40452.25, balance=0.9488, time=2.03s
[2025-12-04 09:18:03]   Trial 2/3: ✓ cut=40286.47, balance=0.9323, time=2.25s
[2025-12-04 09:18:05]   Trial 3/3: ✓ cut=39508.47, balance=0.9224, time=2.19s
[2025-12-04 09:18:05] 
  Running METIS baseline...
[2025-12-04 09:18:05]   METIS baseline: cut=32314.17, balance=0.6074, time=0.06s
[2025-12-04 09:18:05]   METIS weights: min=800.76, max=1318.27, avg=1085.35, std=98.47
[2025-12-04 09:18:05]   → Quantum vs METIS: cut improvement = -24.04%
[2025-12-04 09:18:05] 
  → Aggregate: cut=40082.40±411.43, balance=0.9345, time=2.15±0.09s

================================================================================
[2025-12-04 09:18:05] [827/900] Testing configuration:
  k_target: 32
  coarsen_limit: 200
  balance_weight: 1.5
  num_reads: 350
================================================================================
[2025-12-04 09:18:08]   Trial 1/3: ✓ cut=40069.23, balance=0.9441, time=2.46s
[2025-12-04 09:18:10]   Trial 2/3: ✓ cut=40542.44, balance=0.9606, time=2.40s
[2025-12-04 09:18:13]   Trial 3/3: ✓ cut=40517.69, balance=0.8740, time=2.45s
[2025-12-04 09:18:13] 
  Running METIS baseline...
[2025-12-04 09:18:13]   METIS baseline: cut=32314.17, balance=0.6074, time=0.05s
[2025-12-04 09:18:13]   METIS weights: min=800.76, max=1318.27, avg=1085.35, std=98.47
[2025-12-04 09:18:13]   → Quantum vs METIS: cut improvement = -24.95%
[2025-12-04 09:18:13] 
  → Aggregate: cut=40376.45±217.48, balance=0.9262, time=2.44±0.03s

================================================================================
[2025-12-04 09:18:13] [828/900] Testing configuration:
  k_target: 32
  coarsen_limit: 200
  balance_weight: 1.5
  num_reads: 400
================================================================================
[2025-12-04 09:18:16]   Trial 1/3: ✓ cut=40216.42, balance=0.8951, time=2.69s
[2025-12-04 09:18:18]   Trial 2/3: ✓ cut=39777.79, balance=0.9481, time=2.66s
[2025-12-04 09:18:21]   Trial 3/3: ✓ cut=40181.34, balance=0.9382, time=2.63s
[2025-12-04 09:18:21] 
  Running METIS baseline...
[2025-12-04 09:18:21]   METIS baseline: cut=32314.17, balance=0.6074, time=0.05s
[2025-12-04 09:18:21]   METIS weights: min=800.76, max=1318.27, avg=1085.35, std=98.47
[2025-12-04 09:18:21]   → Quantum vs METIS: cut improvement = -23.97%
[2025-12-04 09:18:21] 
  → Aggregate: cut=40058.52±199.02, balance=0.9272, time=2.66±0.02s

================================================================================
[2025-12-04 09:18:21] [829/900] Testing configuration:
  k_target: 32
  coarsen_limit: 200
  balance_weight: 1.5
  num_reads: 450
================================================================================
[2025-12-04 09:18:24]   Trial 1/3: ✓ cut=39991.95, balance=0.9546, time=2.99s
[2025-12-04 09:18:27]   Trial 2/3: ✓ cut=40195.22, balance=0.9429, time=3.00s
[2025-12-04 09:18:30]   Trial 3/3: ✓ cut=40698.39, balance=0.9591, time=2.97s
[2025-12-04 09:18:30] 
  Running METIS baseline...
[2025-12-04 09:18:30]   METIS baseline: cut=32314.17, balance=0.6074, time=0.05s
[2025-12-04 09:18:30]   METIS weights: min=800.76, max=1318.27, avg=1085.35, std=98.47
[2025-12-04 09:18:30]   → Quantum vs METIS: cut improvement = -24.70%
[2025-12-04 09:18:30] 
  → Aggregate: cut=40295.19±296.94, balance=0.9522, time=2.99±0.01s

================================================================================
[2025-12-04 09:18:30] [830/900] Testing configuration:
  k_target: 32
  coarsen_limit: 200
  balance_weight: 1.5
  num_reads: 500
================================================================================
[2025-12-04 09:18:33]   Trial 1/3: ✓ cut=40568.78, balance=0.9657, time=3.28s
[2025-12-04 09:18:37]   Trial 2/3: ✓ cut=40532.29, balance=0.9093, time=3.32s
[2025-12-04 09:18:40]   Trial 3/3: ✓ cut=40722.05, balance=0.9187, time=3.28s
[2025-12-04 09:18:40] 
  Running METIS baseline...
[2025-12-04 09:18:40]   METIS baseline: cut=32314.17, balance=0.6074, time=0.13s
[2025-12-04 09:18:40]   METIS weights: min=800.76, max=1318.27, avg=1085.35, std=98.47
[2025-12-04 09:18:40]   → Quantum vs METIS: cut improvement = -25.67%
[2025-12-04 09:18:40] 
  → Aggregate: cut=40607.71±82.21, balance=0.9313, time=3.29±0.02s

================================================================================
[2025-12-04 09:18:40] [831/900] Testing configuration:
  k_target: 32
  coarsen_limit: 200
  balance_weight: 1.7
  num_reads: 50
================================================================================
[2025-12-04 09:18:41]   Trial 1/3: ✓ cut=41234.01, balance=0.9229, time=0.46s
[2025-12-04 09:18:41]   Trial 2/3: ✓ cut=41618.32, balance=0.9594, time=0.45s
[2025-12-04 09:18:41]   Trial 3/3: ✓ cut=42025.58, balance=0.9275, time=0.45s
[2025-12-04 09:18:41] 
  Running METIS baseline...
[2025-12-04 09:18:42]   METIS baseline: cut=32314.17, balance=0.6074, time=0.05s
[2025-12-04 09:18:42]   METIS weights: min=800.76, max=1318.27, avg=1085.35, std=98.47
[2025-12-04 09:18:42]   → Quantum vs METIS: cut improvement = -28.82%
[2025-12-04 09:18:42] 
  → Aggregate: cut=41625.97±323.21, balance=0.9366, time=0.45±0.00s

================================================================================
[2025-12-04 09:18:42] [832/900] Testing configuration:
  k_target: 32
  coarsen_limit: 200
  balance_weight: 1.7
  num_reads: 100
================================================================================
[2025-12-04 09:18:42]   Trial 1/3: ✓ cut=40380.00, balance=0.9284, time=0.78s
[2025-12-04 09:18:43]   Trial 2/3: ✓ cut=41009.82, balance=0.9697, time=0.77s
[2025-12-04 09:18:44]   Trial 3/3: ✓ cut=40991.34, balance=0.9192, time=0.79s
[2025-12-04 09:18:44] 
  Running METIS baseline...
[2025-12-04 09:18:44]   METIS baseline: cut=32314.17, balance=0.6074, time=0.05s
[2025-12-04 09:18:44]   METIS weights: min=800.76, max=1318.27, avg=1085.35, std=98.47
[2025-12-04 09:18:44]   → Quantum vs METIS: cut improvement = -26.24%
[2025-12-04 09:18:44] 
  → Aggregate: cut=40793.72±292.64, balance=0.9391, time=0.78±0.01s

================================================================================
[2025-12-04 09:18:44] [833/900] Testing configuration:
  k_target: 32
  coarsen_limit: 200
  balance_weight: 1.7
  num_reads: 150
================================================================================
[2025-12-04 09:18:45]   Trial 1/3: ✓ cut=40540.56, balance=0.9627, time=1.11s
[2025-12-04 09:18:46]   Trial 2/3: ✓ cut=41553.47, balance=0.9709, time=1.09s
[2025-12-04 09:18:47]   Trial 3/3: ✓ cut=41095.98, balance=0.9156, time=1.09s
[2025-12-04 09:18:47] 
  Running METIS baseline...
[2025-12-04 09:18:47]   METIS baseline: cut=32314.17, balance=0.6074, time=0.05s
[2025-12-04 09:18:47]   METIS weights: min=800.76, max=1318.27, avg=1085.35, std=98.47
[2025-12-04 09:18:47]   → Quantum vs METIS: cut improvement = -27.08%
[2025-12-04 09:18:47] 
  → Aggregate: cut=41063.34±414.16, balance=0.9497, time=1.10±0.01s

================================================================================
[2025-12-04 09:18:47] [834/900] Testing configuration:
  k_target: 32
  coarsen_limit: 200
  balance_weight: 1.7
  num_reads: 200
================================================================================
[2025-12-04 09:18:49]   Trial 1/3: ✓ cut=40260.15, balance=0.9752, time=1.41s
[2025-12-04 09:18:50]   Trial 2/3: ✓ cut=40497.23, balance=0.9541, time=1.41s
[2025-12-04 09:18:52]   Trial 3/3: ✓ cut=40592.45, balance=0.9325, time=1.41s
[2025-12-04 09:18:52] 
  Running METIS baseline...
[2025-12-04 09:18:52]   METIS baseline: cut=32314.17, balance=0.6074, time=0.05s
[2025-12-04 09:18:52]   METIS weights: min=800.76, max=1318.27, avg=1085.35, std=98.47
[2025-12-04 09:18:52]   → Quantum vs METIS: cut improvement = -25.18%
[2025-12-04 09:18:52] 
  → Aggregate: cut=40449.94±139.72, balance=0.9539, time=1.41±0.00s

================================================================================
[2025-12-04 09:18:52] [835/900] Testing configuration:
  k_target: 32
  coarsen_limit: 200
  balance_weight: 1.7
  num_reads: 250
================================================================================
[2025-12-04 09:18:54]   Trial 1/3: ✓ cut=41195.38, balance=0.9782, time=1.81s
[2025-12-04 09:18:55]   Trial 2/3: ✓ cut=40032.39, balance=0.9635, time=1.76s
[2025-12-04 09:18:57]   Trial 3/3: ✓ cut=40021.25, balance=0.9522, time=1.71s
[2025-12-04 09:18:57] 
  Running METIS baseline...
[2025-12-04 09:18:57]   METIS baseline: cut=32314.17, balance=0.6074, time=0.05s
[2025-12-04 09:18:57]   METIS weights: min=800.76, max=1318.27, avg=1085.35, std=98.47
[2025-12-04 09:18:57]   → Quantum vs METIS: cut improvement = -25.07%
[2025-12-04 09:18:57] 
  → Aggregate: cut=40416.34±550.88, balance=0.9646, time=1.76±0.04s

================================================================================
[2025-12-04 09:18:57] [836/900] Testing configuration:
  k_target: 32
  coarsen_limit: 200
  balance_weight: 1.7
  num_reads: 300
================================================================================
[2025-12-04 09:18:59]   Trial 1/3: ✓ cut=40331.72, balance=0.9240, time=2.04s
[2025-12-04 09:19:01]   Trial 2/3: ✓ cut=40109.32, balance=0.9796, time=2.08s
[2025-12-04 09:19:04]   Trial 3/3: ✓ cut=39964.44, balance=0.9058, time=2.19s
[2025-12-04 09:19:04] 
  Running METIS baseline...
[2025-12-04 09:19:04]   METIS baseline: cut=32314.17, balance=0.6074, time=0.06s
[2025-12-04 09:19:04]   METIS weights: min=800.76, max=1318.27, avg=1085.35, std=98.47
[2025-12-04 09:19:04]   → Quantum vs METIS: cut improvement = -24.20%
[2025-12-04 09:19:04] 
  → Aggregate: cut=40135.16±151.05, balance=0.9365, time=2.11±0.06s

================================================================================
[2025-12-04 09:19:04] [837/900] Testing configuration:
  k_target: 32
  coarsen_limit: 200
  balance_weight: 1.7
  num_reads: 350
================================================================================
[2025-12-04 09:19:06]   Trial 1/3: ✓ cut=39635.65, balance=0.9719, time=2.54s
[2025-12-04 09:19:09]   Trial 2/3: ✓ cut=40288.47, balance=0.9208, time=2.53s
[2025-12-04 09:19:11]   Trial 3/3: ✓ cut=39980.36, balance=0.8772, time=2.49s
[2025-12-04 09:19:11] 
  Running METIS baseline...
[2025-12-04 09:19:11]   METIS baseline: cut=32314.17, balance=0.6074, time=0.06s
[2025-12-04 09:19:11]   METIS weights: min=800.76, max=1318.27, avg=1085.35, std=98.47
[2025-12-04 09:19:11]   → Quantum vs METIS: cut improvement = -23.69%
[2025-12-04 09:19:11] 
  → Aggregate: cut=39968.16±266.65, balance=0.9233, time=2.52±0.02s

================================================================================
[2025-12-04 09:19:11] [838/900] Testing configuration:
  k_target: 32
  coarsen_limit: 200
  balance_weight: 1.7
  num_reads: 400
================================================================================
[2025-12-04 09:19:14]   Trial 1/3: ✓ cut=39852.16, balance=0.9630, time=2.73s
[2025-12-04 09:19:17]   Trial 2/3: ✓ cut=39834.25, balance=0.9706, time=2.67s
[2025-12-04 09:19:19]   Trial 3/3: ✓ cut=39898.33, balance=0.9640, time=2.69s
[2025-12-04 09:19:19] 
  Running METIS baseline...
[2025-12-04 09:19:20]   METIS baseline: cut=32314.17, balance=0.6074, time=0.05s
[2025-12-04 09:19:20]   METIS weights: min=800.76, max=1318.27, avg=1085.35, std=98.47
[2025-12-04 09:19:20]   → Quantum vs METIS: cut improvement = -23.36%
[2025-12-04 09:19:20] 
  → Aggregate: cut=39861.58±26.99, balance=0.9659, time=2.70±0.02s

================================================================================
[2025-12-04 09:19:20] [839/900] Testing configuration:
  k_target: 32
  coarsen_limit: 200
  balance_weight: 1.7
  num_reads: 450
================================================================================
[2025-12-04 09:19:23]   Trial 1/3: ✓ cut=40333.59, balance=0.9730, time=2.98s
[2025-12-04 09:19:26]   Trial 2/3: ✓ cut=40442.24, balance=0.9350, time=3.05s
[2025-12-04 09:19:29]   Trial 3/3: ✓ cut=39840.34, balance=0.9641, time=3.10s
[2025-12-04 09:19:29] 
  Running METIS baseline...
[2025-12-04 09:19:29]   METIS baseline: cut=32314.17, balance=0.6074, time=0.06s
[2025-12-04 09:19:29]   METIS weights: min=800.76, max=1318.27, avg=1085.35, std=98.47
[2025-12-04 09:19:29]   → Quantum vs METIS: cut improvement = -24.42%
[2025-12-04 09:19:29] 
  → Aggregate: cut=40205.39±261.91, balance=0.9574, time=3.04±0.05s

================================================================================
[2025-12-04 09:19:29] [840/900] Testing configuration:
  k_target: 32
  coarsen_limit: 200
  balance_weight: 1.7
  num_reads: 500
================================================================================
[2025-12-04 09:19:32]   Trial 1/3: ✓ cut=40955.01, balance=0.9026, time=3.40s
[2025-12-04 09:19:36]   Trial 2/3: ✓ cut=40421.90, balance=0.9612, time=3.41s
[2025-12-04 09:19:39]   Trial 3/3: ✓ cut=39829.32, balance=0.9649, time=3.31s
[2025-12-04 09:19:39] 
  Running METIS baseline...
[2025-12-04 09:19:39]   METIS baseline: cut=32314.17, balance=0.6074, time=0.05s
[2025-12-04 09:19:39]   METIS weights: min=800.76, max=1318.27, avg=1085.35, std=98.47
[2025-12-04 09:19:39]   → Quantum vs METIS: cut improvement = -25.03%
[2025-12-04 09:19:39] 
  → Aggregate: cut=40402.08±459.77, balance=0.9429, time=3.37±0.04s

================================================================================
[2025-12-04 09:19:39] [841/900] Testing configuration:
  k_target: 32
  coarsen_limit: 200
  balance_weight: 1.9
  num_reads: 50
================================================================================
[2025-12-04 09:19:40]   Trial 1/3: ✓ cut=41458.22, balance=0.8563, time=0.46s
[2025-12-04 09:19:40]   Trial 2/3: ✓ cut=41359.11, balance=0.9090, time=0.45s
[2025-12-04 09:19:40]   Trial 3/3: ✓ cut=41262.22, balance=0.9647, time=0.44s
[2025-12-04 09:19:40] 
  Running METIS baseline...
[2025-12-04 09:19:40]   METIS baseline: cut=32314.17, balance=0.6074, time=0.05s
[2025-12-04 09:19:40]   METIS weights: min=800.76, max=1318.27, avg=1085.35, std=98.47
[2025-12-04 09:19:40]   → Quantum vs METIS: cut improvement = -27.99%
[2025-12-04 09:19:40] 
  → Aggregate: cut=41359.85±80.02, balance=0.9100, time=0.45±0.01s

================================================================================
[2025-12-04 09:19:41] [842/900] Testing configuration:
  k_target: 32
  coarsen_limit: 200
  balance_weight: 1.9
  num_reads: 100
================================================================================
[2025-12-04 09:19:41]   Trial 1/3: ✓ cut=40623.22, balance=0.9545, time=0.77s
[2025-12-04 09:19:42]   Trial 2/3: ✓ cut=41196.61, balance=0.9601, time=0.76s
[2025-12-04 09:19:43]   Trial 3/3: ✓ cut=41167.56, balance=0.9609, time=0.76s
[2025-12-04 09:19:43] 
  Running METIS baseline...
[2025-12-04 09:19:43]   METIS baseline: cut=32314.17, balance=0.6074, time=0.05s
[2025-12-04 09:19:43]   METIS weights: min=800.76, max=1318.27, avg=1085.35, std=98.47
[2025-12-04 09:19:43]   → Quantum vs METIS: cut improvement = -26.87%
[2025-12-04 09:19:43] 
  → Aggregate: cut=40995.80±263.72, balance=0.9585, time=0.76±0.00s

================================================================================
[2025-12-04 09:19:43] [843/900] Testing configuration:
  k_target: 32
  coarsen_limit: 200
  balance_weight: 1.9
  num_reads: 150
================================================================================
[2025-12-04 09:19:44]   Trial 1/3: ✓ cut=40619.24, balance=0.8985, time=1.09s
[2025-12-04 09:19:45]   Trial 2/3: ✓ cut=40786.25, balance=0.9171, time=1.08s
[2025-12-04 09:19:46]   Trial 3/3: ✓ cut=40657.79, balance=0.9685, time=1.08s
[2025-12-04 09:19:46] 
  Running METIS baseline...
[2025-12-04 09:19:46]   METIS baseline: cut=32314.17, balance=0.6074, time=0.13s
[2025-12-04 09:19:46]   METIS weights: min=800.76, max=1318.27, avg=1085.35, std=98.47
[2025-12-04 09:19:46]   → Quantum vs METIS: cut improvement = -25.91%
[2025-12-04 09:19:46] 
  → Aggregate: cut=40687.76±71.40, balance=0.9280, time=1.08±0.01s

================================================================================
[2025-12-04 09:19:46] [844/900] Testing configuration:
  k_target: 32
  coarsen_limit: 200
  balance_weight: 1.9
  num_reads: 200
================================================================================
[2025-12-04 09:19:48]   Trial 1/3: ✓ cut=40815.23, balance=0.9719, time=1.40s
[2025-12-04 09:19:49]   Trial 2/3: ✓ cut=40579.26, balance=0.9094, time=1.41s
[2025-12-04 09:19:51]   Trial 3/3: ✓ cut=40956.34, balance=0.9454, time=1.39s
[2025-12-04 09:19:51] 
  Running METIS baseline...
[2025-12-04 09:19:51]   METIS baseline: cut=32314.17, balance=0.6074, time=0.05s
[2025-12-04 09:19:51]   METIS weights: min=800.76, max=1318.27, avg=1085.35, std=98.47
[2025-12-04 09:19:51]   → Quantum vs METIS: cut improvement = -26.21%
[2025-12-04 09:19:51] 
  → Aggregate: cut=40783.61±155.56, balance=0.9422, time=1.40±0.01s

================================================================================
[2025-12-04 09:19:51] [845/900] Testing configuration:
  k_target: 32
  coarsen_limit: 200
  balance_weight: 1.9
  num_reads: 250
================================================================================
[2025-12-04 09:19:53]   Trial 1/3: ✓ cut=39988.45, balance=0.9390, time=1.76s
[2025-12-04 09:19:54]   Trial 2/3: ✓ cut=40687.28, balance=0.8854, time=1.75s
[2025-12-04 09:19:56]   Trial 3/3: ✓ cut=39826.37, balance=0.9798, time=1.72s
[2025-12-04 09:19:56] 
  Running METIS baseline...
[2025-12-04 09:19:56]   METIS baseline: cut=32314.17, balance=0.6074, time=0.05s
[2025-12-04 09:19:56]   METIS weights: min=800.76, max=1318.27, avg=1085.35, std=98.47
[2025-12-04 09:19:56]   → Quantum vs METIS: cut improvement = -24.30%
[2025-12-04 09:19:56] 
  → Aggregate: cut=40167.37±373.54, balance=0.9347, time=1.74±0.02s

================================================================================
[2025-12-04 09:19:56] [846/900] Testing configuration:
  k_target: 32
  coarsen_limit: 200
  balance_weight: 1.9
  num_reads: 300
================================================================================
[2025-12-04 09:19:58]   Trial 1/3: ✓ cut=40590.41, balance=0.9572, time=2.00s
[2025-12-04 09:20:00]   Trial 2/3: ✓ cut=40319.39, balance=0.9488, time=2.03s
[2025-12-04 09:20:02]   Trial 3/3: ✓ cut=40611.19, balance=0.9779, time=2.13s
[2025-12-04 09:20:02] 
  Running METIS baseline...
[2025-12-04 09:20:02]   METIS baseline: cut=32314.17, balance=0.6074, time=0.05s
[2025-12-04 09:20:02]   METIS weights: min=800.76, max=1318.27, avg=1085.35, std=98.47
[2025-12-04 09:20:02]   → Quantum vs METIS: cut improvement = -25.35%
[2025-12-04 09:20:02] 
  → Aggregate: cut=40507.00±132.93, balance=0.9613, time=2.05±0.06s

================================================================================
[2025-12-04 09:20:02] [847/900] Testing configuration:
  k_target: 32
  coarsen_limit: 200
  balance_weight: 1.9
  num_reads: 350
================================================================================
[2025-12-04 09:20:05]   Trial 1/3: ✓ cut=40729.38, balance=0.9581, time=2.45s
[2025-12-04 09:20:07]   Trial 2/3: ✓ cut=40885.54, balance=0.9323, time=2.38s
[2025-12-04 09:20:10]   Trial 3/3: ✓ cut=40415.10, balance=0.9522, time=2.41s
[2025-12-04 09:20:10] 
  Running METIS baseline...
[2025-12-04 09:20:10]   METIS baseline: cut=32314.17, balance=0.6074, time=0.05s
[2025-12-04 09:20:10]   METIS weights: min=800.76, max=1318.27, avg=1085.35, std=98.47
[2025-12-04 09:20:10]   → Quantum vs METIS: cut improvement = -25.88%
[2025-12-04 09:20:10] 
  → Aggregate: cut=40676.68±195.64, balance=0.9476, time=2.41±0.03s

================================================================================
[2025-12-04 09:20:10] [848/900] Testing configuration:
  k_target: 32
  coarsen_limit: 200
  balance_weight: 1.9
  num_reads: 400
================================================================================
[2025-12-04 09:20:13]   Trial 1/3: ✓ cut=40061.11, balance=0.9202, time=2.77s
[2025-12-04 09:20:15]   Trial 2/3: ✓ cut=40392.52, balance=0.9605, time=2.72s
[2025-12-04 09:20:18]   Trial 3/3: ✓ cut=40523.01, balance=0.9610, time=2.65s
[2025-12-04 09:20:18] 
  Running METIS baseline...
[2025-12-04 09:20:18]   METIS baseline: cut=32314.17, balance=0.6074, time=0.05s
[2025-12-04 09:20:18]   METIS weights: min=800.76, max=1318.27, avg=1085.35, std=98.47
[2025-12-04 09:20:18]   → Quantum vs METIS: cut improvement = -24.79%
[2025-12-04 09:20:18] 
  → Aggregate: cut=40325.55±194.42, balance=0.9472, time=2.72±0.05s

================================================================================
[2025-12-04 09:20:18] [849/900] Testing configuration:
  k_target: 32
  coarsen_limit: 200
  balance_weight: 1.9
  num_reads: 450
================================================================================
[2025-12-04 09:20:21]   Trial 1/3: ✓ cut=40411.74, balance=0.9616, time=2.96s
[2025-12-04 09:20:24]   Trial 2/3: ✓ cut=40873.80, balance=0.9719, time=2.99s
[2025-12-04 09:20:27]   Trial 3/3: ✓ cut=40540.68, balance=0.9624, time=2.99s
[2025-12-04 09:20:27] 
  Running METIS baseline...
[2025-12-04 09:20:27]   METIS baseline: cut=32314.17, balance=0.6074, time=0.05s
[2025-12-04 09:20:27]   METIS weights: min=800.76, max=1318.27, avg=1085.35, std=98.47
[2025-12-04 09:20:27]   → Quantum vs METIS: cut improvement = -25.67%
[2025-12-04 09:20:27] 
  → Aggregate: cut=40608.74±194.68, balance=0.9653, time=2.98±0.01s

================================================================================
[2025-12-04 09:20:27] [850/900] Testing configuration:
  k_target: 32
  coarsen_limit: 200
  balance_weight: 1.9
  num_reads: 500
================================================================================
[2025-12-04 09:20:30]   Trial 1/3: ✓ cut=40284.24, balance=0.9272, time=3.33s
[2025-12-04 09:20:34]   Trial 2/3: ✓ cut=40028.17, balance=0.9728, time=3.30s
[2025-12-04 09:20:37]   Trial 3/3: ✓ cut=39595.35, balance=0.9509, time=3.44s
[2025-12-04 09:20:37] 
  Running METIS baseline...
[2025-12-04 09:20:37]   METIS baseline: cut=32314.17, balance=0.6074, time=0.05s
[2025-12-04 09:20:37]   METIS weights: min=800.76, max=1318.27, avg=1085.35, std=98.47
[2025-12-04 09:20:37]   → Quantum vs METIS: cut improvement = -23.69%
[2025-12-04 09:20:37] 
  → Aggregate: cut=39969.26±284.31, balance=0.9503, time=3.36±0.06s

================================================================================
[2025-12-04 09:20:37] [851/900] Testing configuration:
  k_target: 32
  coarsen_limit: 200
  balance_weight: 2.1
  num_reads: 50
================================================================================
[2025-12-04 09:20:38]   Trial 1/3: ✓ cut=42273.00, balance=0.9563, time=0.45s
[2025-12-04 09:20:38]   Trial 2/3: ✓ cut=41541.40, balance=0.8973, time=0.45s
[2025-12-04 09:20:39]   Trial 3/3: ✓ cut=41938.12, balance=0.9740, time=0.46s
[2025-12-04 09:20:39] 
  Running METIS baseline...
[2025-12-04 09:20:39]   METIS baseline: cut=32314.17, balance=0.6074, time=0.05s
[2025-12-04 09:20:39]   METIS weights: min=800.76, max=1318.27, avg=1085.35, std=98.47
[2025-12-04 09:20:39]   → Quantum vs METIS: cut improvement = -29.72%
[2025-12-04 09:20:39] 
  → Aggregate: cut=41917.51±299.03, balance=0.9425, time=0.45±0.00s

================================================================================
[2025-12-04 09:20:39] [852/900] Testing configuration:
  k_target: 32
  coarsen_limit: 200
  balance_weight: 2.1
  num_reads: 100
================================================================================
[2025-12-04 09:20:40]   Trial 1/3: ✓ cut=41319.54, balance=0.9725, time=0.80s
[2025-12-04 09:20:40]   Trial 2/3: ✓ cut=40544.13, balance=0.9442, time=0.77s
[2025-12-04 09:20:41]   Trial 3/3: ✓ cut=41202.35, balance=0.9611, time=0.86s
[2025-12-04 09:20:41] 
  Running METIS baseline...
[2025-12-04 09:20:41]   METIS baseline: cut=32314.17, balance=0.6074, time=0.05s
[2025-12-04 09:20:41]   METIS weights: min=800.76, max=1318.27, avg=1085.35, std=98.47
[2025-12-04 09:20:41]   → Quantum vs METIS: cut improvement = -26.95%
[2025-12-04 09:20:41] 
  → Aggregate: cut=41022.01±341.28, balance=0.9593, time=0.81±0.04s

================================================================================
[2025-12-04 09:20:41] [853/900] Testing configuration:
  k_target: 32
  coarsen_limit: 200
  balance_weight: 2.1
  num_reads: 150
================================================================================
[2025-12-04 09:20:42]   Trial 1/3: ✓ cut=40871.21, balance=0.9615, time=1.09s
[2025-12-04 09:20:44]   Trial 2/3: ✓ cut=41013.03, balance=0.9502, time=1.15s
[2025-12-04 09:20:45]   Trial 3/3: ✓ cut=41380.23, balance=0.9678, time=1.13s
[2025-12-04 09:20:45] 
  Running METIS baseline...
[2025-12-04 09:20:45]   METIS baseline: cut=32314.17, balance=0.6074, time=0.06s
[2025-12-04 09:20:45]   METIS weights: min=800.76, max=1318.27, avg=1085.35, std=98.47
[2025-12-04 09:20:45]   → Quantum vs METIS: cut improvement = -27.15%
[2025-12-04 09:20:45] 
  → Aggregate: cut=41088.16±214.49, balance=0.9598, time=1.12±0.03s

================================================================================
[2025-12-04 09:20:45] [854/900] Testing configuration:
  k_target: 32
  coarsen_limit: 200
  balance_weight: 2.1
  num_reads: 200
================================================================================
[2025-12-04 09:20:46]   Trial 1/3: ✓ cut=41080.77, balance=0.9311, time=1.43s
[2025-12-04 09:20:48]   Trial 2/3: ✓ cut=41324.13, balance=0.9784, time=1.41s
[2025-12-04 09:20:49]   Trial 3/3: ✓ cut=41010.15, balance=0.8585, time=1.42s
[2025-12-04 09:20:49] 
  Running METIS baseline...
[2025-12-04 09:20:49]   METIS baseline: cut=32314.17, balance=0.6074, time=0.05s
[2025-12-04 09:20:49]   METIS weights: min=800.76, max=1318.27, avg=1085.35, std=98.47
[2025-12-04 09:20:49]   → Quantum vs METIS: cut improvement = -27.31%
[2025-12-04 09:20:49] 
  → Aggregate: cut=41138.35±134.49, balance=0.9227, time=1.42±0.01s

================================================================================
[2025-12-04 09:20:49] [855/900] Testing configuration:
  k_target: 32
  coarsen_limit: 200
  balance_weight: 2.1
  num_reads: 250
================================================================================
[2025-12-04 09:20:51]   Trial 1/3: ✓ cut=40115.80, balance=0.9109, time=1.73s
[2025-12-04 09:20:53]   Trial 2/3: ✓ cut=41451.87, balance=0.9777, time=1.72s
[2025-12-04 09:20:54]   Trial 3/3: ✓ cut=40667.00, balance=0.9147, time=1.76s
[2025-12-04 09:20:54] 
  Running METIS baseline...
[2025-12-04 09:20:54]   METIS baseline: cut=32314.17, balance=0.6074, time=0.05s
[2025-12-04 09:20:54]   METIS weights: min=800.76, max=1318.27, avg=1085.35, std=98.47
[2025-12-04 09:20:54]   → Quantum vs METIS: cut improvement = -26.09%
[2025-12-04 09:20:54] 
  → Aggregate: cut=40744.89±548.22, balance=0.9345, time=1.74±0.02s

================================================================================
[2025-12-04 09:20:55] [856/900] Testing configuration:
  k_target: 32
  coarsen_limit: 200
  balance_weight: 2.1
  num_reads: 300
================================================================================
[2025-12-04 09:20:57]   Trial 1/3: ✓ cut=41234.45, balance=0.9245, time=2.05s
[2025-12-04 09:20:59]   Trial 2/3: ✓ cut=40311.66, balance=0.8786, time=2.06s
[2025-12-04 09:21:01]   Trial 3/3: ✓ cut=41009.28, balance=0.9741, time=2.13s
[2025-12-04 09:21:01] 
  Running METIS baseline...
[2025-12-04 09:21:01]   METIS baseline: cut=32314.17, balance=0.6074, time=0.05s
[2025-12-04 09:21:01]   METIS weights: min=800.76, max=1318.27, avg=1085.35, std=98.47
[2025-12-04 09:21:01]   → Quantum vs METIS: cut improvement = -26.42%
[2025-12-04 09:21:01] 
  → Aggregate: cut=40851.80±392.84, balance=0.9257, time=2.08±0.04s

================================================================================
[2025-12-04 09:21:01] [857/900] Testing configuration:
  k_target: 32
  coarsen_limit: 200
  balance_weight: 2.1
  num_reads: 350
================================================================================
[2025-12-04 09:21:03]   Trial 1/3: ✓ cut=40719.58, balance=0.9650, time=2.47s
[2025-12-04 09:21:06]   Trial 2/3: ✓ cut=40670.10, balance=0.9192, time=2.41s
[2025-12-04 09:21:08]   Trial 3/3: ✓ cut=40499.92, balance=0.9466, time=2.37s
[2025-12-04 09:21:08] 
  Running METIS baseline...
[2025-12-04 09:21:08]   METIS baseline: cut=32314.17, balance=0.6074, time=0.06s
[2025-12-04 09:21:08]   METIS weights: min=800.76, max=1318.27, avg=1085.35, std=98.47
[2025-12-04 09:21:08]   → Quantum vs METIS: cut improvement = -25.73%
[2025-12-04 09:21:08] 
  → Aggregate: cut=40629.87±94.08, balance=0.9436, time=2.42±0.04s

================================================================================
[2025-12-04 09:21:08] [858/900] Testing configuration:
  k_target: 32
  coarsen_limit: 200
  balance_weight: 2.1
  num_reads: 400
================================================================================
[2025-12-04 09:21:11]   Trial 1/3: ✓ cut=40270.07, balance=0.9700, time=2.83s
[2025-12-04 09:21:14]   Trial 2/3: ✓ cut=40047.05, balance=0.9680, time=2.75s
[2025-12-04 09:21:17]   Trial 3/3: ✓ cut=40477.79, balance=0.9705, time=2.70s
[2025-12-04 09:21:17] 
  Running METIS baseline...
[2025-12-04 09:21:17]   METIS baseline: cut=32314.17, balance=0.6074, time=0.05s
[2025-12-04 09:21:17]   METIS weights: min=800.76, max=1318.27, avg=1085.35, std=98.47
[2025-12-04 09:21:17]   → Quantum vs METIS: cut improvement = -24.60%
[2025-12-04 09:21:17] 
  → Aggregate: cut=40264.97±175.89, balance=0.9695, time=2.76±0.05s

================================================================================
[2025-12-04 09:21:17] [859/900] Testing configuration:
  k_target: 32
  coarsen_limit: 200
  balance_weight: 2.1
  num_reads: 450
================================================================================
[2025-12-04 09:21:20]   Trial 1/3: ✓ cut=40796.13, balance=0.8781, time=3.02s
[2025-12-04 09:21:23]   Trial 2/3: ✓ cut=40454.40, balance=0.9545, time=2.98s
[2025-12-04 09:21:26]   Trial 3/3: ✓ cut=41078.94, balance=0.9703, time=3.01s
[2025-12-04 09:21:26] 
  Running METIS baseline...
[2025-12-04 09:21:26]   METIS baseline: cut=32314.17, balance=0.6074, time=0.05s
[2025-12-04 09:21:26]   METIS weights: min=800.76, max=1318.27, avg=1085.35, std=98.47
[2025-12-04 09:21:26]   → Quantum vs METIS: cut improvement = -26.19%
[2025-12-04 09:21:26] 
  → Aggregate: cut=40776.49±255.34, balance=0.9343, time=3.01±0.02s

================================================================================
[2025-12-04 09:21:26] [860/900] Testing configuration:
  k_target: 32
  coarsen_limit: 200
  balance_weight: 2.1
  num_reads: 500
================================================================================
[2025-12-04 09:21:29]   Trial 1/3: ✓ cut=40022.39, balance=0.9455, time=3.34s
[2025-12-04 09:21:32]   Trial 2/3: ✓ cut=39535.61, balance=0.9235, time=3.33s
[2025-12-04 09:21:36]   Trial 3/3: ✓ cut=40258.36, balance=0.7816, time=3.34s
[2025-12-04 09:21:36] 
  Running METIS baseline...
[2025-12-04 09:21:36]   METIS baseline: cut=32314.17, balance=0.6074, time=0.05s
[2025-12-04 09:21:36]   METIS weights: min=800.76, max=1318.27, avg=1085.35, std=98.47
[2025-12-04 09:21:36]   → Quantum vs METIS: cut improvement = -23.60%
[2025-12-04 09:21:36] 
  → Aggregate: cut=39938.79±300.93, balance=0.8835, time=3.34±0.00s

================================================================================
[2025-12-04 09:21:36] [861/900] Testing configuration:
  k_target: 32
  coarsen_limit: 200
  balance_weight: 2.3
  num_reads: 50
================================================================================
[2025-12-04 09:21:36]   Trial 1/3: ✓ cut=41613.00, balance=0.9118, time=0.53s
[2025-12-04 09:21:37]   Trial 2/3: ✓ cut=41445.71, balance=0.8686, time=0.46s
[2025-12-04 09:21:37]   Trial 3/3: ✓ cut=42157.08, balance=0.9643, time=0.45s
[2025-12-04 09:21:37] 
  Running METIS baseline...
[2025-12-04 09:21:37]   METIS baseline: cut=32314.17, balance=0.6074, time=0.05s
[2025-12-04 09:21:37]   METIS weights: min=800.76, max=1318.27, avg=1085.35, std=98.47
[2025-12-04 09:21:37]   → Quantum vs METIS: cut improvement = -29.16%
[2025-12-04 09:21:37] 
  → Aggregate: cut=41738.60±303.69, balance=0.9149, time=0.48±0.04s

================================================================================
[2025-12-04 09:21:38] [862/900] Testing configuration:
  k_target: 32
  coarsen_limit: 200
  balance_weight: 2.3
  num_reads: 100
================================================================================
[2025-12-04 09:21:38]   Trial 1/3: ✓ cut=41227.50, balance=0.9593, time=0.77s
[2025-12-04 09:21:39]   Trial 2/3: ✓ cut=41490.81, balance=0.9614, time=0.78s
[2025-12-04 09:21:40]   Trial 3/3: ✓ cut=41145.80, balance=0.9653, time=0.79s
[2025-12-04 09:21:40] 
  Running METIS baseline...
[2025-12-04 09:21:40]   METIS baseline: cut=32314.17, balance=0.6074, time=0.05s
[2025-12-04 09:21:40]   METIS weights: min=800.76, max=1318.27, avg=1085.35, std=98.47
[2025-12-04 09:21:40]   → Quantum vs METIS: cut improvement = -27.77%
[2025-12-04 09:21:40] 
  → Aggregate: cut=41288.04±147.21, balance=0.9620, time=0.78±0.01s

================================================================================
[2025-12-04 09:21:40] [863/900] Testing configuration:
  k_target: 32
  coarsen_limit: 200
  balance_weight: 2.3
  num_reads: 150
================================================================================
[2025-12-04 09:21:41]   Trial 1/3: ✓ cut=41635.42, balance=0.9101, time=1.09s
[2025-12-04 09:21:42]   Trial 2/3: ✓ cut=41222.80, balance=0.9193, time=1.09s
[2025-12-04 09:21:43]   Trial 3/3: ✓ cut=41078.67, balance=0.9795, time=1.10s
[2025-12-04 09:21:43] 
  Running METIS baseline...
[2025-12-04 09:21:43]   METIS baseline: cut=32314.17, balance=0.6074, time=0.05s
[2025-12-04 09:21:43]   METIS weights: min=800.76, max=1318.27, avg=1085.35, std=98.47
[2025-12-04 09:21:43]   → Quantum vs METIS: cut improvement = -27.85%
[2025-12-04 09:21:43] 
  → Aggregate: cut=41312.30±235.94, balance=0.9363, time=1.09±0.00s

================================================================================
[2025-12-04 09:21:43] [864/900] Testing configuration:
  k_target: 32
  coarsen_limit: 200
  balance_weight: 2.3
  num_reads: 200
================================================================================
[2025-12-04 09:21:45]   Trial 1/3: ✓ cut=41612.71, balance=0.8588, time=1.39s
[2025-12-04 09:21:46]   Trial 2/3: ✓ cut=41383.38, balance=0.9541, time=1.41s
[2025-12-04 09:21:48]   Trial 3/3: ✓ cut=41388.57, balance=0.9037, time=1.42s
[2025-12-04 09:21:48] 
  Running METIS baseline...
[2025-12-04 09:21:48]   METIS baseline: cut=32314.17, balance=0.6074, time=0.05s
[2025-12-04 09:21:48]   METIS weights: min=800.76, max=1318.27, avg=1085.35, std=98.47
[2025-12-04 09:21:48]   → Quantum vs METIS: cut improvement = -28.31%
[2025-12-04 09:21:48] 
  → Aggregate: cut=41461.55±106.91, balance=0.9056, time=1.41±0.01s

================================================================================
[2025-12-04 09:21:48] [865/900] Testing configuration:
  k_target: 32
  coarsen_limit: 200
  balance_weight: 2.3
  num_reads: 250
================================================================================
[2025-12-04 09:21:49]   Trial 1/3: ✓ cut=41605.54, balance=0.9174, time=1.73s
[2025-12-04 09:21:51]   Trial 2/3: ✓ cut=41261.43, balance=0.9159, time=1.80s
[2025-12-04 09:21:53]   Trial 3/3: ✓ cut=40805.66, balance=0.9779, time=1.73s
[2025-12-04 09:21:53] 
  Running METIS baseline...
[2025-12-04 09:21:53]   METIS baseline: cut=32314.17, balance=0.6074, time=0.05s
[2025-12-04 09:21:53]   METIS weights: min=800.76, max=1318.27, avg=1085.35, std=98.47
[2025-12-04 09:21:53]   → Quantum vs METIS: cut improvement = -27.57%
[2025-12-04 09:21:53] 
  → Aggregate: cut=41224.21±327.61, balance=0.9371, time=1.75±0.03s

================================================================================
[2025-12-04 09:21:53] [866/900] Testing configuration:
  k_target: 32
  coarsen_limit: 200
  balance_weight: 2.3
  num_reads: 300
================================================================================
[2025-12-04 09:21:55]   Trial 1/3: ✓ cut=40455.66, balance=0.9246, time=2.09s
[2025-12-04 09:21:57]   Trial 2/3: ✓ cut=40646.87, balance=0.9330, time=2.04s
[2025-12-04 09:21:59]   Trial 3/3: ✓ cut=39903.91, balance=0.9421, time=2.04s
[2025-12-04 09:21:59] 
  Running METIS baseline...
[2025-12-04 09:21:59]   METIS baseline: cut=32314.17, balance=0.6074, time=0.05s
[2025-12-04 09:21:59]   METIS weights: min=800.76, max=1318.27, avg=1085.35, std=98.47
[2025-12-04 09:21:59]   → Quantum vs METIS: cut improvement = -24.82%
[2025-12-04 09:21:59] 
  → Aggregate: cut=40335.48±314.99, balance=0.9333, time=2.06±0.02s

================================================================================
[2025-12-04 09:21:59] [867/900] Testing configuration:
  k_target: 32
  coarsen_limit: 200
  balance_weight: 2.3
  num_reads: 350
================================================================================
[2025-12-04 09:22:02]   Trial 1/3: ✓ cut=40118.16, balance=0.9118, time=2.41s
[2025-12-04 09:22:04]   Trial 2/3: ✓ cut=40654.03, balance=0.8729, time=2.51s
[2025-12-04 09:22:07]   Trial 3/3: ✓ cut=40964.02, balance=0.9653, time=2.49s
[2025-12-04 09:22:07] 
  Running METIS baseline...
[2025-12-04 09:22:07]   METIS baseline: cut=32314.17, balance=0.6074, time=0.05s
[2025-12-04 09:22:07]   METIS weights: min=800.76, max=1318.27, avg=1085.35, std=98.47
[2025-12-04 09:22:07]   → Quantum vs METIS: cut improvement = -25.58%
[2025-12-04 09:22:07] 
  → Aggregate: cut=40578.73±349.40, balance=0.9167, time=2.47±0.05s

================================================================================
[2025-12-04 09:22:07] [868/900] Testing configuration:
  k_target: 32
  coarsen_limit: 200
  balance_weight: 2.3
  num_reads: 400
================================================================================
[2025-12-04 09:22:10]   Trial 1/3: ✓ cut=41243.88, balance=0.9757, time=2.88s
[2025-12-04 09:22:13]   Trial 2/3: ✓ cut=41063.09, balance=0.9052, time=2.81s
[2025-12-04 09:22:15]   Trial 3/3: ✓ cut=40671.97, balance=0.9217, time=2.70s
[2025-12-04 09:22:15] 
  Running METIS baseline...
[2025-12-04 09:22:15]   METIS baseline: cut=32314.17, balance=0.6074, time=0.05s
[2025-12-04 09:22:15]   METIS weights: min=800.76, max=1318.27, avg=1085.35, std=98.47
[2025-12-04 09:22:15]   → Quantum vs METIS: cut improvement = -26.86%
[2025-12-04 09:22:15] 
  → Aggregate: cut=40992.98±238.68, balance=0.9342, time=2.80±0.07s

================================================================================
[2025-12-04 09:22:15] [869/900] Testing configuration:
  k_target: 32
  coarsen_limit: 200
  balance_weight: 2.3
  num_reads: 450
================================================================================
[2025-12-04 09:22:18]   Trial 1/3: ✓ cut=40009.99, balance=0.9056, time=3.00s
[2025-12-04 09:22:21]   Trial 2/3: ✓ cut=40873.48, balance=0.9715, time=2.99s
[2025-12-04 09:22:25]   Trial 3/3: ✓ cut=39811.86, balance=0.9758, time=3.12s
[2025-12-04 09:22:25] 
  Running METIS baseline...
[2025-12-04 09:22:25]   METIS baseline: cut=32314.17, balance=0.6074, time=0.05s
[2025-12-04 09:22:25]   METIS weights: min=800.76, max=1318.27, avg=1085.35, std=98.47
[2025-12-04 09:22:25]   → Quantum vs METIS: cut improvement = -24.50%
[2025-12-04 09:22:25] 
  → Aggregate: cut=40231.78±460.91, balance=0.9510, time=3.04±0.06s

================================================================================
[2025-12-04 09:22:25] [870/900] Testing configuration:
  k_target: 32
  coarsen_limit: 200
  balance_weight: 2.3
  num_reads: 500
================================================================================
[2025-12-04 09:22:28]   Trial 1/3: ✓ cut=40585.52, balance=0.9379, time=3.33s
[2025-12-04 09:22:31]   Trial 2/3: ✓ cut=40670.13, balance=0.9828, time=3.33s
[2025-12-04 09:22:35]   Trial 3/3: ✓ cut=39955.29, balance=0.9355, time=3.34s
[2025-12-04 09:22:35] 
  Running METIS baseline...
[2025-12-04 09:22:35]   METIS baseline: cut=32314.17, balance=0.6074, time=0.06s
[2025-12-04 09:22:35]   METIS weights: min=800.76, max=1318.27, avg=1085.35, std=98.47
[2025-12-04 09:22:35]   → Quantum vs METIS: cut improvement = -25.03%
[2025-12-04 09:22:35] 
  → Aggregate: cut=40403.65±318.91, balance=0.9521, time=3.33±0.01s

================================================================================
[2025-12-04 09:22:35] [871/900] Testing configuration:
  k_target: 32
  coarsen_limit: 200
  balance_weight: 2.5
  num_reads: 50
================================================================================
[2025-12-04 09:22:35]   Trial 1/3: ✓ cut=41899.67, balance=0.9761, time=0.47s
[2025-12-04 09:22:36]   Trial 2/3: ✓ cut=41608.03, balance=0.9540, time=0.46s
[2025-12-04 09:22:36]   Trial 3/3: ✓ cut=42404.71, balance=0.9348, time=0.45s
[2025-12-04 09:22:36] 
  Running METIS baseline...
[2025-12-04 09:22:36]   METIS baseline: cut=32314.17, balance=0.6074, time=0.05s
[2025-12-04 09:22:36]   METIS weights: min=800.76, max=1318.27, avg=1085.35, std=98.47
[2025-12-04 09:22:36]   → Quantum vs METIS: cut improvement = -29.88%
[2025-12-04 09:22:36] 
  → Aggregate: cut=41970.80±329.11, balance=0.9550, time=0.46±0.01s

================================================================================
[2025-12-04 09:22:36] [872/900] Testing configuration:
  k_target: 32
  coarsen_limit: 200
  balance_weight: 2.5
  num_reads: 100
================================================================================
[2025-12-04 09:22:37]   Trial 1/3: ✓ cut=41275.13, balance=0.7945, time=0.77s
[2025-12-04 09:22:38]   Trial 2/3: ✓ cut=40659.85, balance=0.9582, time=0.77s
[2025-12-04 09:22:39]   Trial 3/3: ✓ cut=41214.48, balance=0.9709, time=0.77s
[2025-12-04 09:22:39] 
  Running METIS baseline...
[2025-12-04 09:22:39]   METIS baseline: cut=32314.17, balance=0.6074, time=0.05s
[2025-12-04 09:22:39]   METIS weights: min=800.76, max=1318.27, avg=1085.35, std=98.47
[2025-12-04 09:22:39]   → Quantum vs METIS: cut improvement = -27.03%
[2025-12-04 09:22:39] 
  → Aggregate: cut=41049.82±276.86, balance=0.9079, time=0.77±0.00s

================================================================================
[2025-12-04 09:22:39] [873/900] Testing configuration:
  k_target: 32
  coarsen_limit: 200
  balance_weight: 2.5
  num_reads: 150
================================================================================
[2025-12-04 09:22:40]   Trial 1/3: ✓ cut=41120.50, balance=0.8712, time=1.10s
[2025-12-04 09:22:41]   Trial 2/3: ✓ cut=41066.11, balance=0.8975, time=1.07s
[2025-12-04 09:22:42]   Trial 3/3: ✓ cut=41397.56, balance=0.9268, time=1.08s
[2025-12-04 09:22:42] 
  Running METIS baseline...
[2025-12-04 09:22:42]   METIS baseline: cut=32314.17, balance=0.6074, time=0.05s
[2025-12-04 09:22:42]   METIS weights: min=800.76, max=1318.27, avg=1085.35, std=98.47
[2025-12-04 09:22:42]   → Quantum vs METIS: cut improvement = -27.48%
[2025-12-04 09:22:42] 
  → Aggregate: cut=41194.73±145.14, balance=0.8985, time=1.08±0.01s

================================================================================
[2025-12-04 09:22:42] [874/900] Testing configuration:
  k_target: 32
  coarsen_limit: 200
  balance_weight: 2.5
  num_reads: 200
================================================================================
[2025-12-04 09:22:44]   Trial 1/3: ✓ cut=40893.40, balance=0.9621, time=1.50s
[2025-12-04 09:22:45]   Trial 2/3: ✓ cut=40650.37, balance=0.9179, time=1.42s
[2025-12-04 09:22:46]   Trial 3/3: ✓ cut=40872.71, balance=0.9657, time=1.41s
[2025-12-04 09:22:46] 
  Running METIS baseline...
[2025-12-04 09:22:47]   METIS baseline: cut=32314.17, balance=0.6074, time=0.05s
[2025-12-04 09:22:47]   METIS weights: min=800.76, max=1318.27, avg=1085.35, std=98.47
[2025-12-04 09:22:47]   → Quantum vs METIS: cut improvement = -26.28%
[2025-12-04 09:22:47] 
  → Aggregate: cut=40805.49±110.01, balance=0.9486, time=1.44±0.04s

================================================================================
[2025-12-04 09:22:47] [875/900] Testing configuration:
  k_target: 32
  coarsen_limit: 200
  balance_weight: 2.5
  num_reads: 250
================================================================================
[2025-12-04 09:22:48]   Trial 1/3: ✓ cut=40711.53, balance=0.9474, time=1.72s
[2025-12-04 09:22:50]   Trial 2/3: ✓ cut=40651.81, balance=0.9415, time=1.74s
[2025-12-04 09:22:52]   Trial 3/3: ✓ cut=40445.55, balance=0.8562, time=1.75s
[2025-12-04 09:22:52] 
  Running METIS baseline...
[2025-12-04 09:22:52]   METIS baseline: cut=32314.17, balance=0.6074, time=0.05s
[2025-12-04 09:22:52]   METIS weights: min=800.76, max=1318.27, avg=1085.35, std=98.47
[2025-12-04 09:22:52]   → Quantum vs METIS: cut improvement = -25.65%
[2025-12-04 09:22:52] 
  → Aggregate: cut=40602.96±113.95, balance=0.9150, time=1.74±0.01s

================================================================================
[2025-12-04 09:22:52] [876/900] Testing configuration:
  k_target: 32
  coarsen_limit: 200
  balance_weight: 2.5
  num_reads: 300
================================================================================
[2025-12-04 09:22:54]   Trial 1/3: ✓ cut=40687.43, balance=0.9357, time=2.07s
[2025-12-04 09:22:56]   Trial 2/3: ✓ cut=41065.41, balance=0.9674, time=2.07s
[2025-12-04 09:22:58]   Trial 3/3: ✓ cut=41324.64, balance=0.9256, time=2.06s
[2025-12-04 09:22:58] 
  Running METIS baseline...
[2025-12-04 09:22:58]   METIS baseline: cut=32314.17, balance=0.6074, time=0.05s
[2025-12-04 09:22:58]   METIS weights: min=800.76, max=1318.27, avg=1085.35, std=98.47
[2025-12-04 09:22:58]   → Quantum vs METIS: cut improvement = -26.96%
[2025-12-04 09:22:58] 
  → Aggregate: cut=41025.83±261.64, balance=0.9429, time=2.07±0.01s

================================================================================
[2025-12-04 09:22:58] [877/900] Testing configuration:
  k_target: 32
  coarsen_limit: 200
  balance_weight: 2.5
  num_reads: 350
================================================================================
[2025-12-04 09:23:01]   Trial 1/3: ✓ cut=41086.16, balance=0.9321, time=2.38s
[2025-12-04 09:23:03]   Trial 2/3: ✓ cut=40516.73, balance=0.9692, time=2.51s
[2025-12-04 09:23:06]   Trial 3/3: ✓ cut=41129.34, balance=0.9173, time=2.51s
[2025-12-04 09:23:06] 
  Running METIS baseline...
[2025-12-04 09:23:06]   METIS baseline: cut=32314.17, balance=0.6074, time=0.06s
[2025-12-04 09:23:06]   METIS weights: min=800.76, max=1318.27, avg=1085.35, std=98.47
[2025-12-04 09:23:06]   → Quantum vs METIS: cut improvement = -26.60%
[2025-12-04 09:23:06] 
  → Aggregate: cut=40910.74±279.16, balance=0.9395, time=2.47±0.06s

================================================================================
[2025-12-04 09:23:06] [878/900] Testing configuration:
  k_target: 32
  coarsen_limit: 200
  balance_weight: 2.5
  num_reads: 400
================================================================================
[2025-12-04 09:23:09]   Trial 1/3: ✓ cut=39972.04, balance=0.8813, time=2.85s
[2025-12-04 09:23:12]   Trial 2/3: ✓ cut=41255.83, balance=0.9394, time=2.95s
[2025-12-04 09:23:14]   Trial 3/3: ✓ cut=40638.60, balance=0.9698, time=2.72s
[2025-12-04 09:23:14] 
  Running METIS baseline...
[2025-12-04 09:23:14]   METIS baseline: cut=32314.17, balance=0.6074, time=0.05s
[2025-12-04 09:23:14]   METIS weights: min=800.76, max=1318.27, avg=1085.35, std=98.47
[2025-12-04 09:23:14]   → Quantum vs METIS: cut improvement = -25.71%
[2025-12-04 09:23:14] 
  → Aggregate: cut=40622.16±524.23, balance=0.9301, time=2.84±0.09s

================================================================================
[2025-12-04 09:23:14] [879/900] Testing configuration:
  k_target: 32
  coarsen_limit: 200
  balance_weight: 2.5
  num_reads: 450
================================================================================
[2025-12-04 09:23:17]   Trial 1/3: ✓ cut=40842.01, balance=0.9484, time=3.00s
[2025-12-04 09:23:20]   Trial 2/3: ✓ cut=39751.08, balance=0.9446, time=2.99s
[2025-12-04 09:23:23]   Trial 3/3: ✓ cut=40492.43, balance=0.9455, time=3.01s
[2025-12-04 09:23:23] 
  Running METIS baseline...
[2025-12-04 09:23:24]   METIS baseline: cut=32314.17, balance=0.6074, time=0.05s
[2025-12-04 09:23:24]   METIS weights: min=800.76, max=1318.27, avg=1085.35, std=98.47
[2025-12-04 09:23:24]   → Quantum vs METIS: cut improvement = -24.90%
[2025-12-04 09:23:24] 
  → Aggregate: cut=40361.84±454.84, balance=0.9462, time=3.00±0.01s

================================================================================
[2025-12-04 09:23:24] [880/900] Testing configuration:
  k_target: 32
  coarsen_limit: 200
  balance_weight: 2.5
  num_reads: 500
================================================================================
[2025-12-04 09:23:27]   Trial 1/3: ✓ cut=40630.05, balance=0.9395, time=3.34s
[2025-12-04 09:23:30]   Trial 2/3: ✓ cut=40214.72, balance=0.9562, time=3.33s
[2025-12-04 09:23:34]   Trial 3/3: ✓ cut=41239.92, balance=0.9537, time=3.35s
[2025-12-04 09:23:34] 
  Running METIS baseline...
[2025-12-04 09:23:34]   METIS baseline: cut=32314.17, balance=0.6074, time=0.05s
[2025-12-04 09:23:34]   METIS weights: min=800.76, max=1318.27, avg=1085.35, std=98.47
[2025-12-04 09:23:34]   → Quantum vs METIS: cut improvement = -25.94%
[2025-12-04 09:23:34] 
  → Aggregate: cut=40694.90±421.04, balance=0.9498, time=3.34±0.01s

================================================================================
[2025-12-04 09:23:34] [881/900] Testing configuration:
  k_target: 32
  coarsen_limit: 200
  balance_weight: 2.7
  num_reads: 50
================================================================================
[2025-12-04 09:23:34]   Trial 1/3: ✓ cut=41654.43, balance=0.9241, time=0.47s
[2025-12-04 09:23:35]   Trial 2/3: ✓ cut=41144.42, balance=0.9310, time=0.46s
[2025-12-04 09:23:35]   Trial 3/3: ✓ cut=40987.29, balance=0.8988, time=0.47s
[2025-12-04 09:23:35] 
  Running METIS baseline...
[2025-12-04 09:23:35]   METIS baseline: cut=32314.17, balance=0.6074, time=0.06s
[2025-12-04 09:23:35]   METIS weights: min=800.76, max=1318.27, avg=1085.35, std=98.47
[2025-12-04 09:23:35]   → Quantum vs METIS: cut improvement = -27.69%
[2025-12-04 09:23:35] 
  → Aggregate: cut=41262.05±284.77, balance=0.9180, time=0.46±0.00s

================================================================================
[2025-12-04 09:23:35] [882/900] Testing configuration:
  k_target: 32
  coarsen_limit: 200
  balance_weight: 2.7
  num_reads: 100
================================================================================
[2025-12-04 09:23:36]   Trial 1/3: ✓ cut=41429.15, balance=0.9446, time=0.79s
[2025-12-04 09:23:37]   Trial 2/3: ✓ cut=41189.88, balance=0.8809, time=0.77s
[2025-12-04 09:23:38]   Trial 3/3: ✓ cut=40903.75, balance=0.9319, time=0.86s
[2025-12-04 09:23:38] 
  Running METIS baseline...
[2025-12-04 09:23:38]   METIS baseline: cut=32314.17, balance=0.6074, time=0.05s
[2025-12-04 09:23:38]   METIS weights: min=800.76, max=1318.27, avg=1085.35, std=98.47
[2025-12-04 09:23:38]   → Quantum vs METIS: cut improvement = -27.42%
[2025-12-04 09:23:38] 
  → Aggregate: cut=41174.26±214.78, balance=0.9192, time=0.81±0.04s

================================================================================
[2025-12-04 09:23:38] [883/900] Testing configuration:
  k_target: 32
  coarsen_limit: 200
  balance_weight: 2.7
  num_reads: 150
================================================================================
[2025-12-04 09:23:39]   Trial 1/3: ✓ cut=41479.93, balance=0.9017, time=1.10s
[2025-12-04 09:23:40]   Trial 2/3: ✓ cut=41103.92, balance=0.9022, time=1.11s
[2025-12-04 09:23:41]   Trial 3/3: ✓ cut=41536.10, balance=0.9439, time=1.09s
[2025-12-04 09:23:41] 
  Running METIS baseline...
[2025-12-04 09:23:41]   METIS baseline: cut=32314.17, balance=0.6074, time=0.05s
[2025-12-04 09:23:41]   METIS weights: min=800.76, max=1318.27, avg=1085.35, std=98.47
[2025-12-04 09:23:41]   → Quantum vs METIS: cut improvement = -28.03%
[2025-12-04 09:23:41] 
  → Aggregate: cut=41373.32±191.87, balance=0.9159, time=1.10±0.01s

================================================================================
[2025-12-04 09:23:41] [884/900] Testing configuration:
  k_target: 32
  coarsen_limit: 200
  balance_weight: 2.7
  num_reads: 200
================================================================================
[2025-12-04 09:23:43]   Trial 1/3: ✓ cut=40806.92, balance=0.9164, time=1.40s
[2025-12-04 09:23:44]   Trial 2/3: ✓ cut=41372.00, balance=0.9152, time=1.42s
[2025-12-04 09:23:45]   Trial 3/3: ✓ cut=40581.55, balance=0.9035, time=1.43s
[2025-12-04 09:23:45] 
  Running METIS baseline...
[2025-12-04 09:23:46]   METIS baseline: cut=32314.17, balance=0.6074, time=0.05s
[2025-12-04 09:23:46]   METIS weights: min=800.76, max=1318.27, avg=1085.35, std=98.47
[2025-12-04 09:23:46]   → Quantum vs METIS: cut improvement = -26.63%
[2025-12-04 09:23:46] 
  → Aggregate: cut=40920.16±332.49, balance=0.9117, time=1.42±0.01s

================================================================================
[2025-12-04 09:23:46] [885/900] Testing configuration:
  k_target: 32
  coarsen_limit: 200
  balance_weight: 2.7
  num_reads: 250
================================================================================
[2025-12-04 09:23:47]   Trial 1/3: ✓ cut=40758.60, balance=0.9673, time=1.74s
[2025-12-04 09:23:49]   Trial 2/3: ✓ cut=40422.31, balance=0.9017, time=1.75s
[2025-12-04 09:23:51]   Trial 3/3: ✓ cut=41341.65, balance=0.9073, time=1.76s
[2025-12-04 09:23:51] 
  Running METIS baseline...
[2025-12-04 09:23:51]   METIS baseline: cut=32314.17, balance=0.6074, time=0.05s
[2025-12-04 09:23:51]   METIS weights: min=800.76, max=1318.27, avg=1085.35, std=98.47
[2025-12-04 09:23:51]   → Quantum vs METIS: cut improvement = -26.39%
[2025-12-04 09:23:51] 
  → Aggregate: cut=40840.85±379.80, balance=0.9254, time=1.75±0.01s

================================================================================
[2025-12-04 09:23:51] [886/900] Testing configuration:
  k_target: 32
  coarsen_limit: 200
  balance_weight: 2.7
  num_reads: 300
================================================================================
[2025-12-04 09:23:53]   Trial 1/3: ✓ cut=40817.40, balance=0.9401, time=2.05s
[2025-12-04 09:23:55]   Trial 2/3: ✓ cut=40263.53, balance=0.8986, time=2.09s
[2025-12-04 09:23:57]   Trial 3/3: ✓ cut=40523.56, balance=0.9770, time=2.07s
[2025-12-04 09:23:57] 
  Running METIS baseline...
[2025-12-04 09:23:57]   METIS baseline: cut=32314.17, balance=0.6074, time=0.05s
[2025-12-04 09:23:57]   METIS weights: min=800.76, max=1318.27, avg=1085.35, std=98.47
[2025-12-04 09:23:57]   → Quantum vs METIS: cut improvement = -25.44%
[2025-12-04 09:23:57] 
  → Aggregate: cut=40534.83±226.26, balance=0.9386, time=2.07±0.02s

================================================================================
[2025-12-04 09:23:57] [887/900] Testing configuration:
  k_target: 32
  coarsen_limit: 200
  balance_weight: 2.7
  num_reads: 350
================================================================================
[2025-12-04 09:24:00]   Trial 1/3: ✓ cut=41589.79, balance=0.9406, time=2.45s
[2025-12-04 09:24:02]   Trial 2/3: ✓ cut=41484.09, balance=0.9508, time=2.45s
[2025-12-04 09:24:05]   Trial 3/3: ✓ cut=41190.68, balance=0.9634, time=2.48s
[2025-12-04 09:24:05] 
  Running METIS baseline...
[2025-12-04 09:24:05]   METIS baseline: cut=32314.17, balance=0.6074, time=0.06s
[2025-12-04 09:24:05]   METIS weights: min=800.76, max=1318.27, avg=1085.35, std=98.47
[2025-12-04 09:24:05]   → Quantum vs METIS: cut improvement = -28.18%
[2025-12-04 09:24:05] 
  → Aggregate: cut=41421.52±168.83, balance=0.9516, time=2.46±0.01s

================================================================================
[2025-12-04 09:24:05] [888/900] Testing configuration:
  k_target: 32
  coarsen_limit: 200
  balance_weight: 2.7
  num_reads: 400
================================================================================
[2025-12-04 09:24:08]   Trial 1/3: ✓ cut=40684.68, balance=0.9341, time=2.88s
[2025-12-04 09:24:11]   Trial 2/3: ✓ cut=40683.05, balance=0.8869, time=2.86s
[2025-12-04 09:24:13]   Trial 3/3: ✓ cut=40302.01, balance=0.8807, time=2.79s
[2025-12-04 09:24:13] 
  Running METIS baseline...
[2025-12-04 09:24:13]   METIS baseline: cut=32314.17, balance=0.6074, time=0.05s
[2025-12-04 09:24:13]   METIS weights: min=800.76, max=1318.27, avg=1085.35, std=98.47
[2025-12-04 09:24:13]   → Quantum vs METIS: cut improvement = -25.51%
[2025-12-04 09:24:13] 
  → Aggregate: cut=40556.58±180.01, balance=0.9006, time=2.84±0.04s

================================================================================
[2025-12-04 09:24:13] [889/900] Testing configuration:
  k_target: 32
  coarsen_limit: 200
  balance_weight: 2.7
  num_reads: 450
================================================================================
[2025-12-04 09:24:16]   Trial 1/3: ✓ cut=40666.90, balance=0.9583, time=3.02s
[2025-12-04 09:24:19]   Trial 2/3: ✓ cut=40363.23, balance=0.9543, time=2.98s
[2025-12-04 09:24:22]   Trial 3/3: ✓ cut=39975.88, balance=0.9820, time=2.98s
[2025-12-04 09:24:22] 
  Running METIS baseline...
[2025-12-04 09:24:23]   METIS baseline: cut=32314.17, balance=0.6074, time=0.05s
[2025-12-04 09:24:23]   METIS weights: min=800.76, max=1318.27, avg=1085.35, std=98.47
[2025-12-04 09:24:23]   → Quantum vs METIS: cut improvement = -24.82%
[2025-12-04 09:24:23] 
  → Aggregate: cut=40335.34±282.80, balance=0.9649, time=3.00±0.02s

================================================================================
[2025-12-04 09:24:23] [890/900] Testing configuration:
  k_target: 32
  coarsen_limit: 200
  balance_weight: 2.7
  num_reads: 500
================================================================================
[2025-12-04 09:24:26]   Trial 1/3: ✓ cut=40912.25, balance=0.9439, time=3.33s
[2025-12-04 09:24:29]   Trial 2/3: ✓ cut=40415.80, balance=0.9697, time=3.27s
[2025-12-04 09:24:32]   Trial 3/3: ✓ cut=40150.12, balance=0.9369, time=3.31s
[2025-12-04 09:24:32] 
  Running METIS baseline...
[2025-12-04 09:24:33]   METIS baseline: cut=32314.17, balance=0.6074, time=0.05s
[2025-12-04 09:24:33]   METIS weights: min=800.76, max=1318.27, avg=1085.35, std=98.47
[2025-12-04 09:24:33]   → Quantum vs METIS: cut improvement = -25.31%
[2025-12-04 09:24:33] 
  → Aggregate: cut=40492.72±315.86, balance=0.9502, time=3.30±0.03s

================================================================================
[2025-12-04 09:24:33] [891/900] Testing configuration:
  k_target: 32
  coarsen_limit: 200
  balance_weight: 2.9
  num_reads: 50
================================================================================
[2025-12-04 09:24:33]   Trial 1/3: ✓ cut=41369.40, balance=0.9226, time=0.45s
[2025-12-04 09:24:34]   Trial 2/3: ✓ cut=41816.32, balance=0.8807, time=0.54s
[2025-12-04 09:24:34]   Trial 3/3: ✓ cut=41379.19, balance=0.9719, time=0.45s
[2025-12-04 09:24:34] 
  Running METIS baseline...
[2025-12-04 09:24:34]   METIS baseline: cut=32314.17, balance=0.6074, time=0.05s
[2025-12-04 09:24:34]   METIS weights: min=800.76, max=1318.27, avg=1085.35, std=98.47
[2025-12-04 09:24:34]   → Quantum vs METIS: cut improvement = -28.49%
[2025-12-04 09:24:34] 
  → Aggregate: cut=41521.63±208.41, balance=0.9251, time=0.48±0.04s

================================================================================
[2025-12-04 09:24:34] [892/900] Testing configuration:
  k_target: 32
  coarsen_limit: 200
  balance_weight: 2.9
  num_reads: 100
================================================================================
[2025-12-04 09:24:35]   Trial 1/3: ✓ cut=41272.61, balance=0.9661, time=0.77s
[2025-12-04 09:24:36]   Trial 2/3: ✓ cut=40989.73, balance=0.9641, time=0.78s
[2025-12-04 09:24:36]   Trial 3/3: ✓ cut=40410.10, balance=0.9005, time=0.78s
[2025-12-04 09:24:36] 
  Running METIS baseline...
[2025-12-04 09:24:37]   METIS baseline: cut=32314.17, balance=0.6074, time=0.05s
[2025-12-04 09:24:37]   METIS weights: min=800.76, max=1318.27, avg=1085.35, std=98.47
[2025-12-04 09:24:37]   → Quantum vs METIS: cut improvement = -26.54%
[2025-12-04 09:24:37] 
  → Aggregate: cut=40890.81±359.00, balance=0.9436, time=0.78±0.01s

================================================================================
[2025-12-04 09:24:37] [893/900] Testing configuration:
  k_target: 32
  coarsen_limit: 200
  balance_weight: 2.9
  num_reads: 150
================================================================================
[2025-12-04 09:24:38]   Trial 1/3: ✓ cut=41495.76, balance=0.8030, time=1.09s
[2025-12-04 09:24:39]   Trial 2/3: ✓ cut=41798.57, balance=0.9629, time=1.09s
[2025-12-04 09:24:40]   Trial 3/3: ✓ cut=40983.01, balance=0.9623, time=1.09s
[2025-12-04 09:24:40] 
  Running METIS baseline...
[2025-12-04 09:24:40]   METIS baseline: cut=32314.17, balance=0.6074, time=0.05s
[2025-12-04 09:24:40]   METIS weights: min=800.76, max=1318.27, avg=1085.35, std=98.47
[2025-12-04 09:24:40]   → Quantum vs METIS: cut improvement = -28.20%
[2025-12-04 09:24:40] 
  → Aggregate: cut=41425.78±336.61, balance=0.9094, time=1.09±0.00s

================================================================================
[2025-12-04 09:24:40] [894/900] Testing configuration:
  k_target: 32
  coarsen_limit: 200
  balance_weight: 2.9
  num_reads: 200
================================================================================
[2025-12-04 09:24:41]   Trial 1/3: ✓ cut=40411.49, balance=0.8774, time=1.38s
[2025-12-04 09:24:43]   Trial 2/3: ✓ cut=41341.14, balance=0.8948, time=1.40s
[2025-12-04 09:24:44]   Trial 3/3: ✓ cut=41236.03, balance=0.9540, time=1.42s
[2025-12-04 09:24:44] 
  Running METIS baseline...
[2025-12-04 09:24:44]   METIS baseline: cut=32314.17, balance=0.6074, time=0.05s
[2025-12-04 09:24:44]   METIS weights: min=800.76, max=1318.27, avg=1085.35, std=98.47
[2025-12-04 09:24:44]   → Quantum vs METIS: cut improvement = -26.87%
[2025-12-04 09:24:44] 
  → Aggregate: cut=40996.22±415.69, balance=0.9087, time=1.40±0.02s

================================================================================
[2025-12-04 09:24:44] [895/900] Testing configuration:
  k_target: 32
  coarsen_limit: 200
  balance_weight: 2.9
  num_reads: 250
================================================================================
[2025-12-04 09:24:46]   Trial 1/3: ✓ cut=40934.52, balance=0.9566, time=1.73s
[2025-12-04 09:24:48]   Trial 2/3: ✓ cut=39967.38, balance=0.9722, time=1.71s
[2025-12-04 09:24:50]   Trial 3/3: ✓ cut=41630.82, balance=0.9741, time=1.74s
[2025-12-04 09:24:50] 
  Running METIS baseline...
[2025-12-04 09:24:50]   METIS baseline: cut=32314.17, balance=0.6074, time=0.13s
[2025-12-04 09:24:50]   METIS weights: min=800.76, max=1318.27, avg=1085.35, std=98.47
[2025-12-04 09:24:50]   → Quantum vs METIS: cut improvement = -26.40%
[2025-12-04 09:24:50] 
  → Aggregate: cut=40844.24±682.09, balance=0.9676, time=1.72±0.01s

================================================================================
[2025-12-04 09:24:50] [896/900] Testing configuration:
  k_target: 32
  coarsen_limit: 200
  balance_weight: 2.9
  num_reads: 300
================================================================================
[2025-12-04 09:24:52]   Trial 1/3: ✓ cut=40113.02, balance=0.9418, time=2.03s
[2025-12-04 09:24:54]   Trial 2/3: ✓ cut=40766.97, balance=0.9562, time=2.04s
[2025-12-04 09:24:56]   Trial 3/3: ✓ cut=41161.29, balance=0.9320, time=2.07s
[2025-12-04 09:24:56] 
  Running METIS baseline...
[2025-12-04 09:24:56]   METIS baseline: cut=32314.17, balance=0.6074, time=0.05s
[2025-12-04 09:24:56]   METIS weights: min=800.76, max=1318.27, avg=1085.35, std=98.47
[2025-12-04 09:24:56]   → Quantum vs METIS: cut improvement = -25.89%
[2025-12-04 09:24:56] 
  → Aggregate: cut=40680.43±432.31, balance=0.9433, time=2.04±0.02s

================================================================================
[2025-12-04 09:24:56] [897/900] Testing configuration:
  k_target: 32
  coarsen_limit: 200
  balance_weight: 2.9
  num_reads: 350
================================================================================
[2025-12-04 09:24:58]   Trial 1/3: ✓ cut=39899.55, balance=0.9198, time=2.35s
[2025-12-04 09:25:01]   Trial 2/3: ✓ cut=40886.24, balance=0.9547, time=2.40s
[2025-12-04 09:25:03]   Trial 3/3: ✓ cut=40372.06, balance=0.9396, time=2.56s
[2025-12-04 09:25:03] 
  Running METIS baseline...
[2025-12-04 09:25:03]   METIS baseline: cut=32314.17, balance=0.6074, time=0.05s
[2025-12-04 09:25:03]   METIS weights: min=800.76, max=1318.27, avg=1085.35, std=98.47
[2025-12-04 09:25:03]   → Quantum vs METIS: cut improvement = -24.98%
[2025-12-04 09:25:03] 
  → Aggregate: cut=40385.95±402.93, balance=0.9380, time=2.44±0.09s

================================================================================
[2025-12-04 09:25:03] [898/900] Testing configuration:
  k_target: 32
  coarsen_limit: 200
  balance_weight: 2.9
  num_reads: 400
================================================================================
[2025-12-04 09:25:06]   Trial 1/3: ✓ cut=39917.26, balance=0.9183, time=2.82s
[2025-12-04 09:25:09]   Trial 2/3: ✓ cut=40507.42, balance=0.9422, time=2.86s
[2025-12-04 09:25:12]   Trial 3/3: ✓ cut=39888.46, balance=0.9432, time=2.86s
[2025-12-04 09:25:12] 
  Running METIS baseline...
[2025-12-04 09:25:12]   METIS baseline: cut=32314.17, balance=0.6074, time=0.05s
[2025-12-04 09:25:12]   METIS weights: min=800.76, max=1318.27, avg=1085.35, std=98.47
[2025-12-04 09:25:12]   → Quantum vs METIS: cut improvement = -24.11%
[2025-12-04 09:25:12] 
  → Aggregate: cut=40104.38±285.24, balance=0.9346, time=2.85±0.02s

================================================================================
[2025-12-04 09:25:12] [899/900] Testing configuration:
  k_target: 32
  coarsen_limit: 200
  balance_weight: 2.9
  num_reads: 450
================================================================================
[2025-12-04 09:25:15]   Trial 1/3: ✓ cut=40566.15, balance=0.9476, time=3.01s
[2025-12-04 09:25:18]   Trial 2/3: ✓ cut=40963.10, balance=0.9698, time=3.00s
[2025-12-04 09:25:21]   Trial 3/3: ✓ cut=40145.43, balance=0.9403, time=2.97s
[2025-12-04 09:25:21] 
  Running METIS baseline...
[2025-12-04 09:25:21]   METIS baseline: cut=32314.17, balance=0.6074, time=0.05s
[2025-12-04 09:25:21]   METIS weights: min=800.76, max=1318.27, avg=1085.35, std=98.47
[2025-12-04 09:25:21]   → Quantum vs METIS: cut improvement = -25.51%
[2025-12-04 09:25:21] 
  → Aggregate: cut=40558.23±333.86, balance=0.9526, time=2.99±0.01s

================================================================================
[2025-12-04 09:25:21] [900/900] Testing configuration:
  k_target: 32
  coarsen_limit: 200
  balance_weight: 2.9
  num_reads: 500
================================================================================
[2025-12-04 09:25:25]   Trial 1/3: ✓ cut=40761.66, balance=0.9437, time=3.40s
[2025-12-04 09:25:28]   Trial 2/3: ✓ cut=39835.35, balance=0.9786, time=3.32s
[2025-12-04 09:25:31]   Trial 3/3: ✓ cut=40563.23, balance=0.9343, time=3.30s
[2025-12-04 09:25:31] 
  Running METIS baseline...
[2025-12-04 09:25:31]   METIS baseline: cut=32314.17, balance=0.6074, time=0.05s
[2025-12-04 09:25:31]   METIS weights: min=800.76, max=1318.27, avg=1085.35, std=98.47
[2025-12-04 09:25:31]   → Quantum vs METIS: cut improvement = -24.98%
[2025-12-04 09:25:31] 
  → Aggregate: cut=40386.75±398.22, balance=0.9522, time=3.34±0.05s
[2025-12-04 09:25:31] 

=== SWEEP COMPLETE ===


================================================================================
[2025-12-04 09:25:31] TOP 10 CONFIGURATIONS (sorted by Cut)
================================================================================

1. Mean Cut: 32561.16 ± 397.54 (min: 32006.42)
   Balance: 0.2070 ± 0.0882
   Imbalance: 0.7101
   Partition weights: min=354.55, max=1713.11, avg=1074.80, std=302.50
   Runtime: 0.489s ± 0.037s
   Success rate: 100.0%
   METIS Baseline: cut=15531.69, balance=0.9330, time=0.049s
   → Improvement: -109.64% cut reduction vs METIS
   Parameters:
     coarsen_limit: 50
     balance_weight: 0.3
     num_reads: 450
     k_target: 32

2. Mean Cut: 32638.82 ± 260.79 (min: 32327.87)
   Balance: 0.2632 ± 0.0316
   Imbalance: 0.6124
   Partition weights: min=450.85, max=1713.11, avg=1074.80, std=284.91
   Runtime: 0.301s ± 0.005s
   Success rate: 100.0%
   METIS Baseline: cut=15531.69, balance=0.9330, time=0.046s
   → Improvement: -110.14% cut reduction vs METIS
   Parameters:
     coarsen_limit: 50
     balance_weight: 0.3
     num_reads: 250
     k_target: 32

3. Mean Cut: 32654.40 ± 263.26 (min: 32381.86)
   Balance: 0.2138 ± 0.1453
   Imbalance: 0.7263
   Partition weights: min=366.28, max=1713.11, avg=1074.04, std=295.93
   Runtime: 0.280s ± 0.035s
   Success rate: 100.0%
   METIS Baseline: cut=15531.69, balance=0.9330, time=0.047s
   → Improvement: -110.24% cut reduction vs METIS
   Parameters:
     coarsen_limit: 50
     balance_weight: 0.3
     num_reads: 200
     k_target: 32

4. Mean Cut: 32665.19 ± 67.89 (min: 32571.00)
   Balance: 0.0512 ± 0.0125
   Imbalance: 0.9181
   Partition weights: min=87.73, max=1713.11, avg=1074.04, std=322.14
   Runtime: 0.433s ± 0.005s
   Success rate: 100.0%
   METIS Baseline: cut=15531.69, balance=0.9330, time=0.052s
   → Improvement: -110.31% cut reduction vs METIS
   Parameters:
     coarsen_limit: 50
     balance_weight: 0.1
     num_reads: 400
     k_target: 32

5. Mean Cut: 32668.39 ± 64.84 (min: 32622.55)
   Balance: 0.2952 ± 0.0670
   Imbalance: 0.6172
   Partition weights: min=505.73, max=1713.11, avg=1062.74, std=281.44
   Runtime: 0.495s ± 0.013s
   Success rate: 100.0%
   METIS Baseline: cut=15531.69, balance=0.9330, time=0.047s
   → Improvement: -110.33% cut reduction vs METIS
   Parameters:
     coarsen_limit: 50
     balance_weight: 0.7
     num_reads: 500
     k_target: 32

6. Mean Cut: 32672.48 ± 195.41 (min: 32462.06)
   Balance: 0.2744 ± 0.0418
   Imbalance: 0.6003
   Partition weights: min=470.01, max=1713.11, avg=1074.04, std=278.85
   Runtime: 0.491s ± 0.029s
   Success rate: 100.0%
   METIS Baseline: cut=15531.69, balance=0.9330, time=0.048s
   → Improvement: -110.36% cut reduction vs METIS
   Parameters:
     coarsen_limit: 50
     balance_weight: 0.5
     num_reads: 450
     k_target: 32

7. Mean Cut: 32682.33 ± 216.59 (min: 32454.13)
   Balance: 0.2104 ± 0.1063
   Imbalance: 0.7043
   Partition weights: min=360.37, max=1713.11, avg=1074.04, std=297.26
   Runtime: 0.435s ± 0.043s
   Success rate: 100.0%
   METIS Baseline: cut=15531.69, balance=0.9330, time=0.054s
   → Improvement: -110.42% cut reduction vs METIS
   Parameters:
     coarsen_limit: 50
     balance_weight: 2.3
     num_reads: 350
     k_target: 32

8. Mean Cut: 32685.04 ± 174.24 (min: 32498.13)
   Balance: 0.2942 ± 0.0568
   Imbalance: 0.6003
   Partition weights: min=504.02, max=1713.11, avg=1074.04, std=280.78
   Runtime: 0.460s ± 0.007s
   Success rate: 100.0%
   METIS Baseline: cut=15531.69, balance=0.9330, time=0.052s
   → Improvement: -110.44% cut reduction vs METIS
   Parameters:
     coarsen_limit: 50
     balance_weight: 2.3
     num_reads: 400
     k_target: 32

9. Mean Cut: 32686.00 ± 86.73 (min: 32622.55)
   Balance: 0.1769 ± 0.1042
   Imbalance: 0.7396
   Partition weights: min=302.97, max=1713.11, avg=1051.43, std=297.95
   Runtime: 0.484s ± 0.009s
   Success rate: 100.0%
   METIS Baseline: cut=15531.69, balance=0.9330, time=0.047s
   → Improvement: -110.45% cut reduction vs METIS
   Parameters:
     coarsen_limit: 50
     balance_weight: 2.1
     num_reads: 450
     k_target: 32

10. Mean Cut: 32687.41 ± 204.41 (min: 32420.85)
   Balance: 0.2385 ± 0.0283
   Imbalance: 0.6209
   Partition weights: min=408.57, max=1713.11, avg=1074.80, std=282.57
   Runtime: 0.391s ± 0.017s
   Success rate: 100.0%
   METIS Baseline: cut=15531.69, balance=0.9330, time=0.047s
   → Improvement: -110.46% cut reduction vs METIS
   Parameters:
     coarsen_limit: 50
     balance_weight: 1.3
     num_reads: 350
     k_target: 32

================================================================================
[2025-12-04 09:25:31] Results saved to: /home/operation/reps/FEM-Graph-Partitioning-Toolkit-Multilevel-METIS-/results/sweeps/sweep_20251204_082802.json
[2025-12-04 09:25:31] Log saved to: /home/operation/reps/FEM-Graph-Partitioning-Toolkit-Multilevel-METIS-/results/sweeps/sweep_20251204_082802.log
================================================================================
