[2025-12-02 16:10:39] Log file created: /home/operation/reps/FEM-Graph-Partitioning-Toolkit-Multilevel-METIS-/results/sweeps/sweep_20251202_161039.log
[2025-12-02 16:10:39] Loading matrix...
[2025-12-02 16:10:39] Loaded: K | shape=(960, 960), nnz=30282
[2025-12-02 16:10:39] Graph: |V|=960, |E|=14661
================================================================================
[2025-12-02 16:10:39] Starting parameter sweep: 28800 configs × 3 trials = 86400 total runs
[2025-12-02 16:10:39] Sweep ID: 20251202_161039
[2025-12-02 16:10:39] Output directory: /home/operation/reps/FEM-Graph-Partitioning-Toolkit-Multilevel-METIS-/results/sweeps
================================================================================
[2025-12-02 16:10:39] 
Parameter grid:
  coarsen_limit: [50, 80, 110, 140, 170, 200]
  balance_weight: [0.1, 0.3, 0.5, 0.7, 0.9, 1.1, 1.3, 1.5, 1.7, 1.9, 2.1, 2.3, 2.5, 2.7, 2.9]
  num_reads: [50, 100, 150, 200, 250, 300, 350, 400, 450, 500]
  k_target: [2, 4, 6, 8, 10, 12, 14, 16, 18, 20, 22, 24, 26, 28, 30, 32, 34, 36, 38, 40, 42, 44, 46, 48, 50, 52, 54, 56, 58, 60, 62, 64]
[2025-12-02 16:10:39] 

================================================================================
[2025-12-02 16:10:39] [1/28800] Testing configuration:
  k_target: 2
  coarsen_limit: 50
  balance_weight: 0.1
  num_reads: 50
================================================================================
[2025-12-02 16:10:39]   Trial 1/3: ✓ cut=13113.09, balance=0.9992, time=0.06s
[2025-12-02 16:10:39]   Trial 2/3: ✓ cut=12069.51, balance=0.9966, time=0.06s
[2025-12-02 16:10:39]   Trial 3/3: ✓ cut=13796.12, balance=0.9938, time=0.08s
[2025-12-02 16:10:39] 
  Running METIS baseline...
[2025-12-02 16:10:39]   METIS baseline: cut=5515.36, balance=0.9572, time=0.06s
[2025-12-02 16:10:39]   METIS weights: min=16455.16, max=17190.71, avg=16822.93, std=367.77
[2025-12-02 16:10:39]   → Quantum vs METIS: cut improvement = -135.58%
[2025-12-02 16:10:39] 
  → Aggregate: cut=12992.91±709.99, balance=0.9965, time=0.07±0.01s

================================================================================
[2025-12-02 16:10:39] [2/28800] Testing configuration:
  k_target: 4
  coarsen_limit: 50
  balance_weight: 0.1
  num_reads: 50
================================================================================
[2025-12-02 16:10:39]   Trial 1/3: ✓ cut=20136.34, balance=0.9883, time=0.08s
[2025-12-02 16:10:39]   Trial 2/3: ✓ cut=20005.07, balance=0.9851, time=0.08s
[2025-12-02 16:10:39]   Trial 3/3: ✓ cut=20026.57, balance=0.9919, time=0.07s
[2025-12-02 16:10:39] 
  Running METIS baseline...
[2025-12-02 16:10:39]   METIS baseline: cut=10474.31, balance=0.8900, time=0.05s
[2025-12-02 16:10:39]   METIS weights: min=8037.00, max=9030.07, avg=8411.47, std=382.71
[2025-12-02 16:10:39]   → Quantum vs METIS: cut improvement = -91.48%
[2025-12-02 16:10:39] 
  → Aggregate: cut=20055.99±57.49, balance=0.9884, time=0.08±0.00s

================================================================================
[2025-12-02 16:10:39] [3/28800] Testing configuration:
  k_target: 6
  coarsen_limit: 50
  balance_weight: 0.1
  num_reads: 50
================================================================================
[2025-12-02 16:10:39]   Trial 1/3: ✓ cut=21368.70, balance=0.4898, time=0.09s
[2025-12-02 16:10:39]   Trial 2/3: ✓ cut=23405.47, balance=0.5056, time=0.09s
[2025-12-02 16:10:39]   Trial 3/3: ✓ cut=22482.16, balance=0.4966, time=0.08s
[2025-12-02 16:10:39] 
  Running METIS baseline...
[2025-12-02 16:10:40]   METIS baseline: cut=14607.35, balance=0.6860, time=0.05s
[2025-12-02 16:10:40]   METIS weights: min=4941.39, max=7202.72, avg=5607.64, std=780.70
[2025-12-02 16:10:40]   → Quantum vs METIS: cut improvement = -53.48%
[2025-12-02 16:10:40] 
  → Aggregate: cut=22418.78±832.72, balance=0.4974, time=0.09±0.00s

================================================================================
[2025-12-02 16:10:40] [4/28800] Testing configuration:
  k_target: 8
  coarsen_limit: 50
  balance_weight: 0.1
  num_reads: 50
================================================================================
[2025-12-02 16:10:40]   Trial 1/3: ✓ cut=24465.31, balance=0.9849, time=0.09s
[2025-12-02 16:10:40]   Trial 2/3: ✓ cut=25098.77, balance=0.9765, time=0.09s
[2025-12-02 16:10:40]   Trial 3/3: ✓ cut=26279.09, balance=0.9596, time=0.09s
[2025-12-02 16:10:40] 
  Running METIS baseline...
[2025-12-02 16:10:40]   METIS baseline: cut=17547.68, balance=0.6854, time=0.05s
[2025-12-02 16:10:40]   METIS weights: min=3423.48, max=4994.68, avg=4205.73, std=479.19
[2025-12-02 16:10:40]   → Quantum vs METIS: cut improvement = -44.07%
[2025-12-02 16:10:40] 
  → Aggregate: cut=25281.06±751.61, balance=0.9736, time=0.09±0.00s

================================================================================
[2025-12-02 16:10:40] [5/28800] Testing configuration:
  k_target: 10
  coarsen_limit: 50
  balance_weight: 0.1
  num_reads: 50
================================================================================
[2025-12-02 16:10:40]   Trial 1/3: ✓ cut=26443.34, balance=0.4753, time=0.09s
[2025-12-02 16:10:40]   Trial 2/3: ✓ cut=26035.01, balance=0.4262, time=0.15s
[2025-12-02 16:10:40]   Trial 3/3: ✓ cut=25629.08, balance=0.4978, time=0.09s
[2025-12-02 16:10:40] 
  Running METIS baseline...
[2025-12-02 16:10:40]   METIS baseline: cut=19241.81, balance=0.7496, time=0.05s
[2025-12-02 16:10:40]   METIS weights: min=2923.86, max=3900.52, avg=3364.59, std=327.57
[2025-12-02 16:10:40]   → Quantum vs METIS: cut improvement = -35.31%
[2025-12-02 16:10:40] 
  → Aggregate: cut=26035.81±332.42, balance=0.4665, time=0.11±0.03s

================================================================================
[2025-12-02 16:10:40] [6/28800] Testing configuration:
  k_target: 12
  coarsen_limit: 50
  balance_weight: 0.1
  num_reads: 50
================================================================================
[2025-12-02 16:10:40]   Trial 1/3: ✓ cut=26638.95, balance=0.4698, time=0.09s
[2025-12-02 16:10:40]   Trial 2/3: ✓ cut=26621.60, balance=0.3988, time=0.10s
[2025-12-02 16:10:41]   Trial 3/3: ✓ cut=27799.85, balance=0.4723, time=0.09s
[2025-12-02 16:10:41] 
  Running METIS baseline...
[2025-12-02 16:10:41]   METIS baseline: cut=22395.73, balance=0.6314, time=0.05s
[2025-12-02 16:10:41]   METIS weights: min=2265.41, max=3588.09, avg=2803.82, std=333.78
[2025-12-02 16:10:41]   → Quantum vs METIS: cut improvement = -20.65%
[2025-12-02 16:10:41] 
  → Aggregate: cut=27020.13±551.39, balance=0.4470, time=0.09±0.00s

================================================================================
[2025-12-02 16:10:41] [7/28800] Testing configuration:
  k_target: 14
  coarsen_limit: 50
  balance_weight: 0.1
  num_reads: 50
================================================================================
[2025-12-02 16:10:41]   Trial 1/3: ✓ cut=29007.35, balance=0.4015, time=0.10s
[2025-12-02 16:10:41]   Trial 2/3: ✓ cut=29699.80, balance=0.4895, time=0.10s
[2025-12-02 16:10:41]   Trial 3/3: ✓ cut=29285.37, balance=0.4110, time=0.10s
[2025-12-02 16:10:41] 
  Running METIS baseline...
[2025-12-02 16:10:41]   METIS baseline: cut=24439.34, balance=0.0000, time=0.05s
[2025-12-02 16:10:41]   METIS weights: min=0.00, max=0.00, avg=0.00, std=0.00
[2025-12-02 16:10:41]   → Quantum vs METIS: cut improvement = -20.01%
[2025-12-02 16:10:41] 
  → Aggregate: cut=29330.84±284.51, balance=0.4340, time=0.10±0.00s

================================================================================
[2025-12-02 16:10:41] [8/28800] Testing configuration:
  k_target: 16
  coarsen_limit: 50
  balance_weight: 0.1
  num_reads: 50
================================================================================
[2025-12-02 16:10:41]   Trial 1/3: ✓ cut=30385.67, balance=0.7509, time=0.10s
[2025-12-02 16:10:41]   Trial 2/3: ✓ cut=29782.97, balance=0.6808, time=0.10s
[2025-12-02 16:10:41]   Trial 3/3: ✓ cut=29331.70, balance=0.7796, time=0.10s
[2025-12-02 16:10:41] 
  Running METIS baseline...
[2025-12-02 16:10:41]   METIS baseline: cut=25993.28, balance=0.0000, time=0.05s
[2025-12-02 16:10:41]   METIS weights: min=0.00, max=0.00, avg=0.00, std=0.00
[2025-12-02 16:10:41]   → Quantum vs METIS: cut improvement = -14.77%
[2025-12-02 16:10:41] 
  → Aggregate: cut=29833.45±431.76, balance=0.7371, time=0.10±0.00s

================================================================================
[2025-12-02 16:10:41] [9/28800] Testing configuration:
  k_target: 18
  coarsen_limit: 50
  balance_weight: 0.1
  num_reads: 50
================================================================================
[2025-12-02 16:10:41]   Trial 1/3: ✓ cut=30104.45, balance=0.3300, time=0.10s
[2025-12-02 16:10:42]   Trial 2/3: ✓ cut=30015.36, balance=0.2413, time=0.11s
[2025-12-02 16:10:42]   Trial 3/3: ✓ cut=30988.78, balance=0.5097, time=0.11s
[2025-12-02 16:10:42] 
  Running METIS baseline...
[2025-12-02 16:10:42]   METIS baseline: cut=27224.34, balance=0.0000, time=0.05s
[2025-12-02 16:10:42]   METIS weights: min=0.00, max=0.00, avg=0.00, std=0.00
[2025-12-02 16:10:42]   → Quantum vs METIS: cut improvement = -11.55%
[2025-12-02 16:10:42] 
  → Aggregate: cut=30369.53±439.38, balance=0.3603, time=0.11±0.00s

================================================================================
[2025-12-02 16:10:42] [10/28800] Testing configuration:
  k_target: 20
  coarsen_limit: 50
  balance_weight: 0.1
  num_reads: 50
================================================================================
[2025-12-02 16:10:42]   Trial 1/3: ✓ cut=30651.94, balance=0.2398, time=0.11s
[2025-12-02 16:10:42]   Trial 2/3: ✓ cut=31306.46, balance=0.3901, time=0.11s
[2025-12-02 16:10:42]   Trial 3/3: ✓ cut=30926.93, balance=0.2449, time=0.19s
[2025-12-02 16:10:42] 
  Running METIS baseline...
[2025-12-02 16:10:42]   METIS baseline: cut=26455.85, balance=0.0000, time=0.05s
[2025-12-02 16:10:42]   METIS weights: min=0.00, max=0.00, avg=0.00, std=0.00
[2025-12-02 16:10:42]   → Quantum vs METIS: cut improvement = -17.03%
[2025-12-02 16:10:42] 
  → Aggregate: cut=30961.77±268.34, balance=0.2916, time=0.14±0.04s

================================================================================
[2025-12-02 16:10:42] [11/28800] Testing configuration:
  k_target: 22
  coarsen_limit: 50
  balance_weight: 0.1
  num_reads: 50
================================================================================
[2025-12-02 16:10:42]   Trial 1/3: ✓ cut=32144.06, balance=0.2458, time=0.11s
[2025-12-02 16:10:43]   Trial 2/3: ✓ cut=31656.10, balance=0.3850, time=0.12s
[2025-12-02 16:10:43]   Trial 3/3: ✓ cut=31894.91, balance=0.2818, time=0.12s
[2025-12-02 16:10:43] 
  Running METIS baseline...
[2025-12-02 16:10:43]   METIS baseline: cut=25924.35, balance=0.0000, time=0.05s
[2025-12-02 16:10:43]   METIS weights: min=0.00, max=0.00, avg=0.00, std=0.00
[2025-12-02 16:10:43]   → Quantum vs METIS: cut improvement = -23.04%
[2025-12-02 16:10:43] 
  → Aggregate: cut=31898.36±199.23, balance=0.3042, time=0.12±0.01s

================================================================================
[2025-12-02 16:10:43] [12/28800] Testing configuration:
  k_target: 24
  coarsen_limit: 50
  balance_weight: 0.1
  num_reads: 50
================================================================================
[2025-12-02 16:10:43]   Trial 1/3: ✓ cut=31765.70, balance=0.2352, time=0.12s
[2025-12-02 16:10:43]   Trial 2/3: ✓ cut=32828.14, balance=0.2328, time=0.12s
[2025-12-02 16:10:43]   Trial 3/3: ✓ cut=31842.81, balance=0.2330, time=0.12s
[2025-12-02 16:10:43] 
  Running METIS baseline...
[2025-12-02 16:10:43]   METIS baseline: cut=25311.39, balance=0.0000, time=0.05s
[2025-12-02 16:10:43]   METIS weights: min=0.00, max=0.00, avg=0.00, std=0.00
[2025-12-02 16:10:43]   → Quantum vs METIS: cut improvement = -27.00%
[2025-12-02 16:10:43] 
  → Aggregate: cut=32145.55±483.69, balance=0.2337, time=0.12±0.00s

================================================================================
[2025-12-02 16:10:43] [13/28800] Testing configuration:
  k_target: 26
  coarsen_limit: 50
  balance_weight: 0.1
  num_reads: 50
================================================================================
[2025-12-02 16:10:43]   Trial 1/3: ✓ cut=32688.30, balance=0.2603, time=0.13s
[2025-12-02 16:10:43]   Trial 2/3: ✓ cut=31748.50, balance=0.2917, time=0.12s
[2025-12-02 16:10:44]   Trial 3/3: ✓ cut=32024.97, balance=0.2364, time=0.13s
[2025-12-02 16:10:44] 
  Running METIS baseline...
[2025-12-02 16:10:44]   METIS baseline: cut=21512.23, balance=0.0000, time=0.05s
[2025-12-02 16:10:44]   METIS weights: min=0.00, max=0.00, avg=0.00, std=0.00
[2025-12-02 16:10:44]   → Quantum vs METIS: cut improvement = -49.47%
[2025-12-02 16:10:44] 
  → Aggregate: cut=32153.92±394.36, balance=0.2628, time=0.13±0.00s

================================================================================
[2025-12-02 16:10:44] [14/28800] Testing configuration:
  k_target: 28
  coarsen_limit: 50
  balance_weight: 0.1
  num_reads: 50
================================================================================
[2025-12-02 16:10:44]   Trial 1/3: ✓ cut=31957.60, balance=0.3023, time=0.17s
[2025-12-02 16:10:44]   Trial 2/3: ✓ cut=31852.52, balance=0.2404, time=0.12s
[2025-12-02 16:10:44]   Trial 3/3: ✓ cut=32803.53, balance=0.2426, time=0.13s
[2025-12-02 16:10:44] 
  Running METIS baseline...
[2025-12-02 16:10:44]   METIS baseline: cut=21850.98, balance=0.0000, time=0.05s
[2025-12-02 16:10:44]   METIS weights: min=0.00, max=0.00, avg=0.00, std=0.00
[2025-12-02 16:10:44]   → Quantum vs METIS: cut improvement = -47.38%
[2025-12-02 16:10:44] 
  → Aggregate: cut=32204.55±425.71, balance=0.2618, time=0.14±0.02s

================================================================================
[2025-12-02 16:10:44] [15/28800] Testing configuration:
  k_target: 30
  coarsen_limit: 50
  balance_weight: 0.1
  num_reads: 50
================================================================================
[2025-12-02 16:10:44]   Trial 1/3: ✓ cut=32760.08, balance=0.1883, time=0.13s
[2025-12-02 16:10:44]   Trial 2/3: ✓ cut=32644.93, balance=0.1862, time=0.13s
[2025-12-02 16:10:44]   Trial 3/3: ✓ cut=32261.77, balance=0.3221, time=0.12s
[2025-12-02 16:10:44] 
  Running METIS baseline...
[2025-12-02 16:10:45]   METIS baseline: cut=19696.47, balance=0.0000, time=0.14s
[2025-12-02 16:10:45]   METIS weights: min=0.00, max=0.00, avg=0.00, std=0.00
[2025-12-02 16:10:45]   → Quantum vs METIS: cut improvement = -65.29%
[2025-12-02 16:10:45] 
  → Aggregate: cut=32555.60±213.02, balance=0.2322, time=0.13±0.00s

================================================================================
[2025-12-02 16:10:45] [16/28800] Testing configuration:
  k_target: 32
  coarsen_limit: 50
  balance_weight: 0.1
  num_reads: 50
================================================================================
[2025-12-02 16:10:45]   Trial 1/3: ✓ cut=33010.33, balance=0.0000, time=0.13s
[2025-12-02 16:10:45]   Trial 2/3: ✓ cut=32985.99, balance=0.0600, time=0.13s
[2025-12-02 16:10:45]   Trial 3/3: ✓ cut=32803.83, balance=0.0936, time=0.13s
[2025-12-02 16:10:45] 
  Running METIS baseline...
[2025-12-02 16:10:45]   METIS baseline: cut=15531.69, balance=0.0000, time=0.05s
[2025-12-02 16:10:45]   METIS weights: min=0.00, max=0.00, avg=0.00, std=0.00
[2025-12-02 16:10:45]   → Quantum vs METIS: cut improvement = -112.04%
[2025-12-02 16:10:45] 
  → Aggregate: cut=32933.38±92.14, balance=0.0512, time=0.13±0.00s

================================================================================
[2025-12-02 16:10:45] [17/28800] Testing configuration:
  k_target: 34
  coarsen_limit: 50
  balance_weight: 0.1
  num_reads: 50
================================================================================
[2025-12-02 16:10:45]   Trial 1/3: ✓ cut=33010.33, balance=0.0000, time=0.13s
[2025-12-02 16:10:45]   Trial 2/3: ✓ cut=32969.11, balance=0.0000, time=0.13s
[2025-12-02 16:10:46]   Trial 3/3: ✓ cut=32966.04, balance=0.0000, time=0.13s
[2025-12-02 16:10:46] 
  Running METIS baseline...
[2025-12-02 16:10:46]   METIS baseline: cut=15076.39, balance=0.0000, time=0.05s
[2025-12-02 16:10:46]   METIS weights: min=0.00, max=0.00, avg=0.00, std=0.00
[2025-12-02 16:10:46]   → Quantum vs METIS: cut improvement = -118.76%
[2025-12-02 16:10:46] 
  → Aggregate: cut=32981.83±20.19, balance=0.0000, time=0.13±0.00s

================================================================================
[2025-12-02 16:10:46] [18/28800] Testing configuration:
  k_target: 36
  coarsen_limit: 50
  balance_weight: 0.1
  num_reads: 50
================================================================================
[2025-12-02 16:10:46]   Trial 1/3: ✓ cut=32974.04, balance=0.0000, time=0.13s
[2025-12-02 16:10:46]   Trial 2/3: ✓ cut=32964.51, balance=0.0000, time=0.14s
[2025-12-02 16:10:46]   Trial 3/3: ✓ cut=32985.99, balance=0.0000, time=0.14s
[2025-12-02 16:10:46] 
  Running METIS baseline...
[2025-12-02 16:10:46]   METIS baseline: cut=17141.12, balance=0.0000, time=0.05s
[2025-12-02 16:10:46]   METIS weights: min=0.00, max=0.00, avg=0.00, std=0.00
[2025-12-02 16:10:46]   → Quantum vs METIS: cut improvement = -92.37%
[2025-12-02 16:10:46] 
  → Aggregate: cut=32974.85±8.79, balance=0.0000, time=0.14±0.00s

================================================================================
[2025-12-02 16:10:46] [19/28800] Testing configuration:
  k_target: 38
  coarsen_limit: 50
  balance_weight: 0.1
  num_reads: 50
================================================================================
[2025-12-02 16:10:46]   Trial 1/3: ✓ cut=32808.63, balance=0.0000, time=0.13s
[2025-12-02 16:10:46]   Trial 2/3: ✓ cut=32771.69, balance=0.0000, time=0.13s
[2025-12-02 16:10:46]   Trial 3/3: ✓ cut=32973.39, balance=0.0000, time=0.13s
[2025-12-02 16:10:46] 
  Running METIS baseline...
[2025-12-02 16:10:47]   METIS baseline: cut=17141.12, balance=0.0000, time=0.05s
[2025-12-02 16:10:47]   METIS weights: min=0.00, max=0.00, avg=0.00, std=0.00
[2025-12-02 16:10:47]   → Quantum vs METIS: cut improvement = -91.65%
[2025-12-02 16:10:47] 
  → Aggregate: cut=32851.24±87.68, balance=0.0000, time=0.13±0.00s

================================================================================
[2025-12-02 16:10:47] [20/28800] Testing configuration:
  k_target: 40
  coarsen_limit: 50
  balance_weight: 0.1
  num_reads: 50
================================================================================
[2025-12-02 16:10:47]   Trial 1/3: ✓ cut=32990.38, balance=0.0000, time=0.14s
[2025-12-02 16:10:47]   Trial 2/3: ✓ cut=32985.99, balance=0.0000, time=0.14s
[2025-12-02 16:10:47]   Trial 3/3: ✓ cut=32990.38, balance=0.0000, time=0.23s
[2025-12-02 16:10:47] 
  Running METIS baseline...
[2025-12-02 16:10:47]   METIS baseline: cut=6733.38, balance=0.0000, time=0.05s
[2025-12-02 16:10:47]   METIS weights: min=0.00, max=0.00, avg=0.00, std=0.00
[2025-12-02 16:10:47]   → Quantum vs METIS: cut improvement = -389.93%
[2025-12-02 16:10:47] 
  → Aggregate: cut=32988.92±2.07, balance=0.0000, time=0.17±0.04s

================================================================================
[2025-12-02 16:10:47] [21/28800] Testing configuration:
  k_target: 42
  coarsen_limit: 50
  balance_weight: 0.1
  num_reads: 50
================================================================================
[2025-12-02 16:10:47]   Trial 1/3: ✓ cut=32784.29, balance=0.0000, time=0.14s
[2025-12-02 16:10:47]   Trial 2/3: ✓ cut=32762.62, balance=0.0000, time=0.14s
[2025-12-02 16:10:48]   Trial 3/3: ✓ cut=32917.57, balance=0.0000, time=0.14s
[2025-12-02 16:10:48] 
  Running METIS baseline...
[2025-12-02 16:10:48]   METIS baseline: cut=6733.38, balance=0.0000, time=0.05s
[2025-12-02 16:10:48]   METIS weights: min=0.00, max=0.00, avg=0.00, std=0.00
[2025-12-02 16:10:48]   → Quantum vs METIS: cut improvement = -387.44%
[2025-12-02 16:10:48] 
  → Aggregate: cut=32821.49±68.51, balance=0.0000, time=0.14±0.00s

================================================================================
[2025-12-02 16:10:48] [22/28800] Testing configuration:
  k_target: 44
  coarsen_limit: 50
  balance_weight: 0.1
  num_reads: 50
================================================================================
[2025-12-02 16:10:48]   Trial 1/3: ✓ cut=32973.39, balance=0.0000, time=0.14s
[2025-12-02 16:10:48]   Trial 2/3: ✓ cut=32748.38, balance=0.0000, time=0.14s
[2025-12-02 16:10:48]   Trial 3/3: ✓ cut=33010.33, balance=0.0000, time=0.14s
[2025-12-02 16:10:48] 
  Running METIS baseline...
[2025-12-02 16:10:48]   METIS baseline: cut=6733.38, balance=0.0000, time=0.05s
[2025-12-02 16:10:48]   METIS weights: min=0.00, max=0.00, avg=0.00, std=0.00
[2025-12-02 16:10:48]   → Quantum vs METIS: cut improvement = -388.77%
[2025-12-02 16:10:48] 
  → Aggregate: cut=32910.70±115.76, balance=0.0000, time=0.14±0.00s

================================================================================
[2025-12-02 16:10:48] [23/28800] Testing configuration:
  k_target: 46
  coarsen_limit: 50
  balance_weight: 0.1
  num_reads: 50
================================================================================
[2025-12-02 16:10:48]   Trial 1/3: ✓ cut=32973.39, balance=0.0000, time=0.14s
[2025-12-02 16:10:48]   Trial 2/3: ✓ cut=32985.99, balance=0.0000, time=0.14s
[2025-12-02 16:10:49]   Trial 3/3: ✓ cut=32602.49, balance=0.0000, time=0.15s
[2025-12-02 16:10:49] 
  Running METIS baseline...
[2025-12-02 16:10:49]   METIS baseline: cut=6733.38, balance=0.0000, time=0.05s
[2025-12-02 16:10:49]   METIS weights: min=0.00, max=0.00, avg=0.00, std=0.00
[2025-12-02 16:10:49]   → Quantum vs METIS: cut improvement = -387.93%
[2025-12-02 16:10:49] 
  → Aggregate: cut=32853.96±177.89, balance=0.0000, time=0.15±0.00s

================================================================================
[2025-12-02 16:10:49] [24/28800] Testing configuration:
  k_target: 48
  coarsen_limit: 50
  balance_weight: 0.1
  num_reads: 50
================================================================================
[2025-12-02 16:10:49]   Trial 1/3: ✓ cut=32739.99, balance=0.0000, time=0.14s
[2025-12-02 16:10:49]   Trial 2/3: ✓ cut=32783.99, balance=0.0000, time=0.15s
[2025-12-02 16:10:49]   Trial 3/3: ✓ cut=32917.57, balance=0.0000, time=0.14s
[2025-12-02 16:10:49] 
  Running METIS baseline...
[2025-12-02 16:10:49]   METIS baseline: cut=6733.38, balance=0.0000, time=0.05s
[2025-12-02 16:10:49]   METIS weights: min=0.00, max=0.00, avg=0.00, std=0.00
[2025-12-02 16:10:49]   → Quantum vs METIS: cut improvement = -387.33%
[2025-12-02 16:10:49] 
  → Aggregate: cut=32813.85±75.51, balance=0.0000, time=0.14±0.00s

================================================================================
[2025-12-02 16:10:49] [25/28800] Testing configuration:
  k_target: 50
  coarsen_limit: 50
  balance_weight: 0.1
  num_reads: 50
================================================================================
[2025-12-02 16:10:49]   Trial 1/3: ✓ cut=32985.77, balance=0.0000, time=0.23s
[2025-12-02 16:10:50]   Trial 2/3: ✓ cut=32748.38, balance=0.0000, time=0.15s
[2025-12-02 16:10:50]   Trial 3/3: ✓ cut=33010.33, balance=0.0000, time=0.15s
[2025-12-02 16:10:50] 
  Running METIS baseline...
[2025-12-02 16:10:50]   METIS baseline: cut=6733.38, balance=0.0000, time=0.05s
[2025-12-02 16:10:50]   METIS weights: min=0.00, max=0.00, avg=0.00, std=0.00
[2025-12-02 16:10:50]   → Quantum vs METIS: cut improvement = -388.83%
[2025-12-02 16:10:50] 
  → Aggregate: cut=32914.82±118.12, balance=0.0000, time=0.17±0.04s

================================================================================
[2025-12-02 16:10:50] [26/28800] Testing configuration:
  k_target: 52
  coarsen_limit: 50
  balance_weight: 0.1
  num_reads: 50
================================================================================
[2025-12-02 16:10:50]   Trial 1/3: ✓ cut=32748.38, balance=0.0000, time=0.15s
[2025-12-02 16:10:50]   Trial 2/3: ✓ cut=32748.38, balance=0.0000, time=0.15s
[2025-12-02 16:10:50]   Trial 3/3: ✓ cut=32711.44, balance=0.0000, time=0.15s
[2025-12-02 16:10:50] 
  Running METIS baseline...
[2025-12-02 16:10:50]   METIS baseline: cut=0.00, balance=0.0000, time=0.05s
[2025-12-02 16:10:50]   METIS weights: min=0.00, max=0.00, avg=0.00, std=0.00
[2025-12-02 16:10:50]   → Quantum vs METIS: cut improvement = +0.00%
[2025-12-02 16:10:50] 
  → Aggregate: cut=32736.06±17.41, balance=0.0000, time=0.15±0.00s

================================================================================
[2025-12-02 16:10:50] [27/28800] Testing configuration:
  k_target: 54
  coarsen_limit: 50
  balance_weight: 0.1
  num_reads: 50
================================================================================
[2025-12-02 16:10:50]   Trial 1/3: ✓ cut=32514.39, balance=0.0000, time=0.15s
[2025-12-02 16:10:51]   Trial 2/3: ✓ cut=32740.14, balance=0.0000, time=0.15s
[2025-12-02 16:10:51]   Trial 3/3: ✓ cut=32808.44, balance=0.0000, time=0.15s
[2025-12-02 16:10:51] 
  Running METIS baseline...
[2025-12-02 16:10:51]   METIS baseline: cut=0.00, balance=0.0000, time=0.05s
[2025-12-02 16:10:51]   METIS weights: min=0.00, max=0.00, avg=0.00, std=0.00
[2025-12-02 16:10:51]   → Quantum vs METIS: cut improvement = +0.00%
[2025-12-02 16:10:51] 
  → Aggregate: cut=32687.65±125.65, balance=0.0000, time=0.15±0.00s

================================================================================
[2025-12-02 16:10:51] [28/28800] Testing configuration:
  k_target: 56
  coarsen_limit: 50
  balance_weight: 0.1
  num_reads: 50
================================================================================
[2025-12-02 16:10:51]   Trial 1/3: ✓ cut=32909.66, balance=0.0000, time=0.15s
[2025-12-02 16:10:51]   Trial 2/3: ✓ cut=32679.80, balance=0.0000, time=0.15s
[2025-12-02 16:10:51]   Trial 3/3: ✓ cut=32603.14, balance=0.0000, time=0.15s
[2025-12-02 16:10:51] 
  Running METIS baseline...
[2025-12-02 16:10:51]   METIS baseline: cut=0.00, balance=0.0000, time=0.05s
[2025-12-02 16:10:51]   METIS weights: min=0.00, max=0.00, avg=0.00, std=0.00
[2025-12-02 16:10:51]   → Quantum vs METIS: cut improvement = +0.00%
[2025-12-02 16:10:51] 
  → Aggregate: cut=32730.87±130.24, balance=0.0000, time=0.15±0.00s

================================================================================
[2025-12-02 16:10:51] [29/28800] Testing configuration:
  k_target: 58
  coarsen_limit: 50
  balance_weight: 0.1
  num_reads: 50
================================================================================
[2025-12-02 16:10:51]   Trial 1/3: ✓ cut=32941.54, balance=0.0000, time=0.15s
[2025-12-02 16:10:52]   Trial 2/3: ✓ cut=32985.99, balance=0.0000, time=0.16s
[2025-12-02 16:10:52]   Trial 3/3: ✓ cut=32663.76, balance=0.0000, time=0.16s
[2025-12-02 16:10:52] 
  Running METIS baseline...
[2025-12-02 16:10:52]   METIS baseline: cut=0.00, balance=0.0000, time=0.13s
[2025-12-02 16:10:52]   METIS weights: min=0.00, max=0.00, avg=0.00, std=0.00
[2025-12-02 16:10:52]   → Quantum vs METIS: cut improvement = +0.00%
[2025-12-02 16:10:52] 
  → Aggregate: cut=32863.76±142.58, balance=0.0000, time=0.16±0.00s

================================================================================
[2025-12-02 16:10:52] [30/28800] Testing configuration:
  k_target: 60
  coarsen_limit: 50
  balance_weight: 0.1
  num_reads: 50
================================================================================
[2025-12-02 16:10:52]   Trial 1/3: ✓ cut=32972.21, balance=0.0000, time=0.16s
[2025-12-02 16:10:52]   Trial 2/3: ✓ cut=33010.33, balance=0.0000, time=0.16s
[2025-12-02 16:10:52]   Trial 3/3: ✓ cut=32659.15, balance=0.0000, time=0.16s
[2025-12-02 16:10:52] 
  Running METIS baseline...
[2025-12-02 16:10:52]   METIS baseline: cut=0.00, balance=0.0000, time=0.05s
[2025-12-02 16:10:52]   METIS weights: min=0.00, max=0.00, avg=0.00, std=0.00
[2025-12-02 16:10:52]   → Quantum vs METIS: cut improvement = +0.00%
[2025-12-02 16:10:52] 
  → Aggregate: cut=32880.56±157.33, balance=0.0000, time=0.16±0.00s

================================================================================
[2025-12-02 16:10:52] [31/28800] Testing configuration:
  k_target: 62
  coarsen_limit: 50
  balance_weight: 0.1
  num_reads: 50
================================================================================
[2025-12-02 16:10:53]   Trial 1/3: ✓ cut=32969.11, balance=0.0000, time=0.16s
[2025-12-02 16:10:53]   Trial 2/3: ✓ cut=32990.38, balance=0.0000, time=0.16s
[2025-12-02 16:10:53]   Trial 3/3: ✓ cut=32578.35, balance=0.0000, time=0.16s
[2025-12-02 16:10:53] 
  Running METIS baseline...
[2025-12-02 16:10:53]   METIS baseline: cut=0.00, balance=0.0000, time=0.05s
[2025-12-02 16:10:53]   METIS weights: min=0.00, max=0.00, avg=0.00, std=0.00
[2025-12-02 16:10:53]   → Quantum vs METIS: cut improvement = +0.00%
[2025-12-02 16:10:53] 
  → Aggregate: cut=32845.95±189.42, balance=0.0000, time=0.16±0.00s

================================================================================
[2025-12-02 16:10:53] [32/28800] Testing configuration:
  k_target: 64
  coarsen_limit: 50
  balance_weight: 0.1
  num_reads: 50
================================================================================
[2025-12-02 16:10:53]   Trial 1/3: ✓ cut=33010.33, balance=0.0000, time=0.16s
[2025-12-02 16:10:53]   Trial 2/3: ✓ cut=33010.33, balance=0.0000, time=0.17s
[2025-12-02 16:10:54]   Trial 3/3: ✓ cut=32917.57, balance=0.0000, time=0.17s
[2025-12-02 16:10:54] 
  Running METIS baseline...
[2025-12-02 16:10:54]   METIS baseline: cut=0.00, balance=0.0000, time=0.05s
[2025-12-02 16:10:54]   METIS weights: min=0.00, max=0.00, avg=0.00, std=0.00
[2025-12-02 16:10:54]   → Quantum vs METIS: cut improvement = +0.00%
[2025-12-02 16:10:54] 
  → Aggregate: cut=32979.41±43.73, balance=0.0000, time=0.17±0.00s

================================================================================
[2025-12-02 16:10:54] [33/28800] Testing configuration:
  k_target: 2
  coarsen_limit: 50
  balance_weight: 0.1
  num_reads: 100
================================================================================
[2025-12-02 16:10:54]   Trial 1/3: ✓ cut=12668.92, balance=0.9993, time=0.07s
[2025-12-02 16:10:54]   Trial 2/3: ✓ cut=11644.46, balance=0.9999, time=0.08s
[2025-12-02 16:10:54]   Trial 3/3: ✓ cut=13402.58, balance=0.9992, time=0.07s
[2025-12-02 16:10:54] 
  Running METIS baseline...
[2025-12-02 16:10:54]   METIS baseline: cut=5515.36, balance=0.9572, time=0.05s
[2025-12-02 16:10:54]   METIS weights: min=16455.16, max=17190.71, avg=16822.93, std=367.77
[2025-12-02 16:10:54]   → Quantum vs METIS: cut improvement = -127.94%
[2025-12-02 16:10:54] 
  → Aggregate: cut=12571.99±721.01, balance=0.9995, time=0.07±0.00s

================================================================================
[2025-12-02 16:10:54] [34/28800] Testing configuration:
  k_target: 4
  coarsen_limit: 50
  balance_weight: 0.1
  num_reads: 100
================================================================================
[2025-12-02 16:10:54]   Trial 1/3: ✓ cut=18986.09, balance=0.9822, time=0.10s
[2025-12-02 16:10:54]   Trial 2/3: ✓ cut=17695.36, balance=0.9979, time=0.10s
[2025-12-02 16:10:54]   Trial 3/3: ✓ cut=18446.92, balance=0.9814, time=0.18s
[2025-12-02 16:10:54] 
  Running METIS baseline...
[2025-12-02 16:10:54]   METIS baseline: cut=10474.31, balance=0.8900, time=0.05s
[2025-12-02 16:10:54]   METIS weights: min=8037.00, max=9030.07, avg=8411.47, std=382.71
[2025-12-02 16:10:54]   → Quantum vs METIS: cut improvement = -75.44%
[2025-12-02 16:10:54] 
  → Aggregate: cut=18376.12±529.31, balance=0.9872, time=0.13±0.04s

================================================================================
[2025-12-02 16:10:54] [35/28800] Testing configuration:
  k_target: 6
  coarsen_limit: 50
  balance_weight: 0.1
  num_reads: 100
================================================================================
[2025-12-02 16:10:54]   Trial 1/3: ✓ cut=21660.82, balance=0.4988, time=0.11s
[2025-12-02 16:10:55]   Trial 2/3: ✓ cut=22959.48, balance=0.4935, time=0.11s
[2025-12-02 16:10:55]   Trial 3/3: ✓ cut=21320.05, balance=0.4976, time=0.11s
[2025-12-02 16:10:55] 
  Running METIS baseline...
[2025-12-02 16:10:55]   METIS baseline: cut=14607.35, balance=0.6860, time=0.05s
[2025-12-02 16:10:55]   METIS weights: min=4941.39, max=7202.72, avg=5607.64, std=780.70
[2025-12-02 16:10:55]   → Quantum vs METIS: cut improvement = -50.47%
[2025-12-02 16:10:55] 
  → Aggregate: cut=21980.11±706.35, balance=0.4966, time=0.11±0.00s

================================================================================
[2025-12-02 16:10:55] [36/28800] Testing configuration:
  k_target: 8
  coarsen_limit: 50
  balance_weight: 0.1
  num_reads: 100
================================================================================
[2025-12-02 16:10:55]   Trial 1/3: ✓ cut=24463.07, balance=0.9788, time=0.12s
[2025-12-02 16:10:55]   Trial 2/3: ✓ cut=24063.67, balance=0.9677, time=0.11s
[2025-12-02 16:10:55]   Trial 3/3: ✓ cut=24597.23, balance=0.9648, time=0.11s
[2025-12-02 16:10:55] 
  Running METIS baseline...
[2025-12-02 16:10:55]   METIS baseline: cut=17547.68, balance=0.6854, time=0.05s
[2025-12-02 16:10:55]   METIS weights: min=3423.48, max=4994.68, avg=4205.73, std=479.19
[2025-12-02 16:10:55]   → Quantum vs METIS: cut improvement = -38.91%
[2025-12-02 16:10:55] 
  → Aggregate: cut=24374.66±226.62, balance=0.9704, time=0.12±0.00s

================================================================================
[2025-12-02 16:10:55] [37/28800] Testing configuration:
  k_target: 10
  coarsen_limit: 50
  balance_weight: 0.1
  num_reads: 100
================================================================================
[2025-12-02 16:10:55]   Trial 1/3: ✓ cut=25171.90, balance=0.3954, time=0.12s
[2025-12-02 16:10:55]   Trial 2/3: ✓ cut=26379.83, balance=0.4191, time=0.12s
[2025-12-02 16:10:56]   Trial 3/3: ✓ cut=27244.88, balance=0.4970, time=0.12s
[2025-12-02 16:10:56] 
  Running METIS baseline...
[2025-12-02 16:10:56]   METIS baseline: cut=19241.81, balance=0.7496, time=0.05s
[2025-12-02 16:10:56]   METIS weights: min=2923.86, max=3900.52, avg=3364.59, std=327.57
[2025-12-02 16:10:56]   → Quantum vs METIS: cut improvement = -36.50%
[2025-12-02 16:10:56] 
  → Aggregate: cut=26265.54±850.14, balance=0.4372, time=0.12±0.00s

================================================================================
[2025-12-02 16:10:56] [38/28800] Testing configuration:
  k_target: 12
  coarsen_limit: 50
  balance_weight: 0.1
  num_reads: 100
================================================================================
[2025-12-02 16:10:56]   Trial 1/3: ✓ cut=27378.31, balance=0.4394, time=0.13s
[2025-12-02 16:10:56]   Trial 2/3: ✓ cut=28666.94, balance=0.4824, time=0.12s
[2025-12-02 16:10:56]   Trial 3/3: ✓ cut=27550.18, balance=0.4799, time=0.13s
[2025-12-02 16:10:56] 
  Running METIS baseline...
[2025-12-02 16:10:56]   METIS baseline: cut=22395.73, balance=0.6314, time=0.05s
[2025-12-02 16:10:56]   METIS weights: min=2265.41, max=3588.09, avg=2803.82, std=333.78
[2025-12-02 16:10:56]   → Quantum vs METIS: cut improvement = -24.42%
[2025-12-02 16:10:56] 
  → Aggregate: cut=27865.14±571.28, balance=0.4673, time=0.13±0.00s

================================================================================
[2025-12-02 16:10:56] [39/28800] Testing configuration:
  k_target: 14
  coarsen_limit: 50
  balance_weight: 0.1
  num_reads: 100
================================================================================
[2025-12-02 16:10:56]   Trial 1/3: ✓ cut=28999.62, balance=0.4117, time=0.13s
[2025-12-02 16:10:56]   Trial 2/3: ✓ cut=27427.80, balance=0.4124, time=0.13s
[2025-12-02 16:10:57]   Trial 3/3: ✓ cut=29133.34, balance=0.4791, time=0.14s
[2025-12-02 16:10:57] 
  Running METIS baseline...
[2025-12-02 16:10:57]   METIS baseline: cut=24439.34, balance=0.0000, time=0.05s
[2025-12-02 16:10:57]   METIS weights: min=0.00, max=0.00, avg=0.00, std=0.00
[2025-12-02 16:10:57]   → Quantum vs METIS: cut improvement = -16.70%
[2025-12-02 16:10:57] 
  → Aggregate: cut=28520.25±774.41, balance=0.4344, time=0.13±0.00s

================================================================================
[2025-12-02 16:10:57] [40/28800] Testing configuration:
  k_target: 16
  coarsen_limit: 50
  balance_weight: 0.1
  num_reads: 100
================================================================================
[2025-12-02 16:10:57]   Trial 1/3: ✓ cut=29778.73, balance=0.5573, time=0.18s
[2025-12-02 16:10:57]   Trial 2/3: ✓ cut=29049.24, balance=0.5801, time=0.23s
[2025-12-02 16:10:57]   Trial 3/3: ✓ cut=29334.02, balance=0.7794, time=0.14s
[2025-12-02 16:10:57] 
  Running METIS baseline...
[2025-12-02 16:10:57]   METIS baseline: cut=25993.28, balance=0.0000, time=0.05s
[2025-12-02 16:10:57]   METIS weights: min=0.00, max=0.00, avg=0.00, std=0.00
[2025-12-02 16:10:57]   → Quantum vs METIS: cut improvement = -13.06%
[2025-12-02 16:10:57] 
  → Aggregate: cut=29387.33±300.19, balance=0.6389, time=0.18±0.04s

================================================================================
[2025-12-02 16:10:57] [41/28800] Testing configuration:
  k_target: 18
  coarsen_limit: 50
  balance_weight: 0.1
  num_reads: 100
================================================================================
[2025-12-02 16:10:57]   Trial 1/3: ✓ cut=30915.15, balance=0.3850, time=0.14s
[2025-12-02 16:10:58]   Trial 2/3: ✓ cut=29522.04, balance=0.2840, time=0.15s
[2025-12-02 16:10:58]   Trial 3/3: ✓ cut=29737.34, balance=0.3383, time=0.14s
[2025-12-02 16:10:58] 
  Running METIS baseline...
[2025-12-02 16:10:58]   METIS baseline: cut=27224.34, balance=0.0000, time=0.05s
[2025-12-02 16:10:58]   METIS weights: min=0.00, max=0.00, avg=0.00, std=0.00
[2025-12-02 16:10:58]   → Quantum vs METIS: cut improvement = -10.41%
[2025-12-02 16:10:58] 
  → Aggregate: cut=30058.18±612.31, balance=0.3358, time=0.14±0.00s

================================================================================
[2025-12-02 16:10:58] [42/28800] Testing configuration:
  k_target: 20
  coarsen_limit: 50
  balance_weight: 0.1
  num_reads: 100
================================================================================
[2025-12-02 16:10:58]   Trial 1/3: ✓ cut=31502.93, balance=0.2442, time=0.15s
[2025-12-02 16:10:58]   Trial 2/3: ✓ cut=30889.41, balance=0.3515, time=0.16s
[2025-12-02 16:10:58]   Trial 3/3: ✓ cut=31010.89, balance=0.2463, time=0.15s
[2025-12-02 16:10:58] 
  Running METIS baseline...
[2025-12-02 16:10:58]   METIS baseline: cut=26455.85, balance=0.0000, time=0.05s
[2025-12-02 16:10:58]   METIS weights: min=0.00, max=0.00, avg=0.00, std=0.00
[2025-12-02 16:10:58]   → Quantum vs METIS: cut improvement = -17.68%
[2025-12-02 16:10:58] 
  → Aggregate: cut=31134.41±265.26, balance=0.2807, time=0.15±0.01s

================================================================================
[2025-12-02 16:10:58] [43/28800] Testing configuration:
  k_target: 22
  coarsen_limit: 50
  balance_weight: 0.1
  num_reads: 100
================================================================================
[2025-12-02 16:10:58]   Trial 1/3: ✓ cut=31132.27, balance=0.3513, time=0.15s
[2025-12-02 16:10:59]   Trial 2/3: ✓ cut=31730.90, balance=0.2485, time=0.16s
[2025-12-02 16:10:59]   Trial 3/3: ✓ cut=30494.90, balance=0.2485, time=0.16s
[2025-12-02 16:10:59] 
  Running METIS baseline...
[2025-12-02 16:10:59]   METIS baseline: cut=25924.35, balance=0.0000, time=0.05s
[2025-12-02 16:10:59]   METIS weights: min=0.00, max=0.00, avg=0.00, std=0.00
[2025-12-02 16:10:59]   → Quantum vs METIS: cut improvement = -20.04%
[2025-12-02 16:10:59] 
  → Aggregate: cut=31119.36±504.68, balance=0.2828, time=0.15±0.00s

================================================================================
[2025-12-02 16:10:59] [44/28800] Testing configuration:
  k_target: 24
  coarsen_limit: 50
  balance_weight: 0.1
  num_reads: 100
================================================================================
[2025-12-02 16:10:59]   Trial 1/3: ✓ cut=31868.08, balance=0.2330, time=0.16s
[2025-12-02 16:10:59]   Trial 2/3: ✓ cut=31706.42, balance=0.3685, time=0.16s
[2025-12-02 16:10:59]   Trial 3/3: ✓ cut=32204.41, balance=0.3757, time=0.16s
[2025-12-02 16:10:59] 
  Running METIS baseline...
[2025-12-02 16:10:59]   METIS baseline: cut=25311.39, balance=0.0000, time=0.05s
[2025-12-02 16:10:59]   METIS weights: min=0.00, max=0.00, avg=0.00, std=0.00
[2025-12-02 16:10:59]   → Quantum vs METIS: cut improvement = -26.13%
[2025-12-02 16:10:59] 
  → Aggregate: cut=31926.30±207.43, balance=0.3257, time=0.16±0.00s

================================================================================
[2025-12-02 16:10:59] [45/28800] Testing configuration:
  k_target: 26
  coarsen_limit: 50
  balance_weight: 0.1
  num_reads: 100
================================================================================
[2025-12-02 16:11:00]   Trial 1/3: ✓ cut=32214.84, balance=0.1800, time=0.16s
[2025-12-02 16:11:00]   Trial 2/3: ✓ cut=32288.01, balance=0.3812, time=0.25s
[2025-12-02 16:11:00]   Trial 3/3: ✓ cut=32274.22, balance=0.2385, time=0.16s
[2025-12-02 16:11:00] 
  Running METIS baseline...
[2025-12-02 16:11:00]   METIS baseline: cut=21512.23, balance=0.0000, time=0.05s
[2025-12-02 16:11:00]   METIS weights: min=0.00, max=0.00, avg=0.00, std=0.00
[2025-12-02 16:11:00]   → Quantum vs METIS: cut improvement = -49.96%
[2025-12-02 16:11:00] 
  → Aggregate: cut=32259.02±31.74, balance=0.2665, time=0.19±0.04s

================================================================================
[2025-12-02 16:11:00] [46/28800] Testing configuration:
  k_target: 28
  coarsen_limit: 50
  balance_weight: 0.1
  num_reads: 100
================================================================================
[2025-12-02 16:11:00]   Trial 1/3: ✓ cut=32471.00, balance=0.1903, time=0.16s
[2025-12-02 16:11:00]   Trial 2/3: ✓ cut=32130.65, balance=0.2438, time=0.16s
[2025-12-02 16:11:01]   Trial 3/3: ✓ cut=32403.84, balance=0.2401, time=0.17s
[2025-12-02 16:11:01] 
  Running METIS baseline...
[2025-12-02 16:11:01]   METIS baseline: cut=21850.98, balance=0.0000, time=0.05s
[2025-12-02 16:11:01]   METIS weights: min=0.00, max=0.00, avg=0.00, std=0.00
[2025-12-02 16:11:01]   → Quantum vs METIS: cut improvement = -47.98%
[2025-12-02 16:11:01] 
  → Aggregate: cut=32335.16±147.19, balance=0.2247, time=0.16±0.01s

================================================================================
[2025-12-02 16:11:01] [47/28800] Testing configuration:
  k_target: 30
  coarsen_limit: 50
  balance_weight: 0.1
  num_reads: 100
================================================================================
[2025-12-02 16:11:01]   Trial 1/3: ✓ cut=32625.65, balance=0.2483, time=0.16s
[2025-12-02 16:11:01]   Trial 2/3: ✓ cut=32953.52, balance=0.1927, time=0.16s
[2025-12-02 16:11:01]   Trial 3/3: ✓ cut=32643.81, balance=0.2855, time=0.16s
[2025-12-02 16:11:01] 
  Running METIS baseline...
[2025-12-02 16:11:01]   METIS baseline: cut=19696.47, balance=0.0000, time=0.05s
[2025-12-02 16:11:01]   METIS weights: min=0.00, max=0.00, avg=0.00, std=0.00
[2025-12-02 16:11:01]   → Quantum vs METIS: cut improvement = -66.23%
[2025-12-02 16:11:01] 
  → Aggregate: cut=32740.99±150.46, balance=0.2422, time=0.16±0.00s

================================================================================
[2025-12-02 16:11:01] [48/28800] Testing configuration:
  k_target: 32
  coarsen_limit: 50
  balance_weight: 0.1
  num_reads: 100
================================================================================
[2025-12-02 16:11:01]   Trial 1/3: ✓ cut=33010.33, balance=0.0000, time=0.17s
[2025-12-02 16:11:01]   Trial 2/3: ✓ cut=32974.04, balance=0.0000, time=0.17s
[2025-12-02 16:11:02]   Trial 3/3: ✓ cut=32852.39, balance=0.0000, time=0.17s
[2025-12-02 16:11:02] 
  Running METIS baseline...
[2025-12-02 16:11:02]   METIS baseline: cut=15531.69, balance=0.0000, time=0.05s
[2025-12-02 16:11:02]   METIS weights: min=0.00, max=0.00, avg=0.00, std=0.00
[2025-12-02 16:11:02]   → Quantum vs METIS: cut improvement = -112.12%
[2025-12-02 16:11:02] 
  → Aggregate: cut=32945.59±67.54, balance=0.0000, time=0.17±0.00s

================================================================================
[2025-12-02 16:11:02] [49/28800] Testing configuration:
  k_target: 34
  coarsen_limit: 50
  balance_weight: 0.1
  num_reads: 100
================================================================================
[2025-12-02 16:11:02]   Trial 1/3: ✓ cut=32969.11, balance=0.0000, time=0.18s
[2025-12-02 16:11:02]   Trial 2/3: ✓ cut=32944.78, balance=0.0000, time=0.19s
[2025-12-02 16:11:02]   Trial 3/3: ✓ cut=32969.11, balance=0.0000, time=0.19s
[2025-12-02 16:11:02] 
  Running METIS baseline...
[2025-12-02 16:11:02]   METIS baseline: cut=15076.39, balance=0.0000, time=0.05s
[2025-12-02 16:11:02]   METIS weights: min=0.00, max=0.00, avg=0.00, std=0.00
[2025-12-02 16:11:02]   → Quantum vs METIS: cut improvement = -118.63%
[2025-12-02 16:11:02] 
  → Aggregate: cut=32961.00±11.47, balance=0.0000, time=0.18±0.00s

================================================================================
[2025-12-02 16:11:02] [50/28800] Testing configuration:
  k_target: 36
  coarsen_limit: 50
  balance_weight: 0.1
  num_reads: 100
================================================================================
[2025-12-02 16:11:03]   Trial 1/3: ✓ cut=32423.95, balance=0.0000, time=0.19s
[2025-12-02 16:11:03]   Trial 2/3: ✓ cut=32623.33, balance=0.0000, time=0.29s
[2025-12-02 16:11:03]   Trial 3/3: ✓ cut=33010.33, balance=0.0000, time=0.19s
[2025-12-02 16:11:03] 
  Running METIS baseline...
[2025-12-02 16:11:03]   METIS baseline: cut=17141.12, balance=0.0000, time=0.05s
[2025-12-02 16:11:03]   METIS weights: min=0.00, max=0.00, avg=0.00, std=0.00
[2025-12-02 16:11:03]   → Quantum vs METIS: cut improvement = -90.69%
[2025-12-02 16:11:03] 
  → Aggregate: cut=32685.87±243.44, balance=0.0000, time=0.22±0.05s

================================================================================
[2025-12-02 16:11:03] [51/28800] Testing configuration:
  k_target: 38
  coarsen_limit: 50
  balance_weight: 0.1
  num_reads: 100
================================================================================
[2025-12-02 16:11:03]   Trial 1/3: ✓ cut=33010.33, balance=0.0000, time=0.19s
[2025-12-02 16:11:03]   Trial 2/3: ✓ cut=33010.33, balance=0.0000, time=0.19s
[2025-12-02 16:11:04]   Trial 3/3: ✓ cut=33010.33, balance=0.0000, time=0.19s
[2025-12-02 16:11:04] 
  Running METIS baseline...
[2025-12-02 16:11:04]   METIS baseline: cut=17141.12, balance=0.0000, time=0.05s
[2025-12-02 16:11:04]   METIS weights: min=0.00, max=0.00, avg=0.00, std=0.00
[2025-12-02 16:11:04]   → Quantum vs METIS: cut improvement = -92.58%
[2025-12-02 16:11:04] 
  → Aggregate: cut=33010.33±0.00, balance=0.0000, time=0.19±0.00s

================================================================================
[2025-12-02 16:11:04] [52/28800] Testing configuration:
  k_target: 40
  coarsen_limit: 50
  balance_weight: 0.1
  num_reads: 100
================================================================================
[2025-12-02 16:11:04]   Trial 1/3: ✓ cut=33010.33, balance=0.0000, time=0.19s
[2025-12-02 16:11:04]   Trial 2/3: ✓ cut=32369.52, balance=0.0000, time=0.19s
[2025-12-02 16:11:04]   Trial 3/3: ✓ cut=32401.81, balance=0.0000, time=0.19s
[2025-12-02 16:11:04] 
  Running METIS baseline...
[2025-12-02 16:11:04]   METIS baseline: cut=6733.38, balance=0.0000, time=0.05s
[2025-12-02 16:11:04]   METIS weights: min=0.00, max=0.00, avg=0.00, std=0.00
[2025-12-02 16:11:04]   → Quantum vs METIS: cut improvement = -384.06%
[2025-12-02 16:11:04] 
  → Aggregate: cut=32593.89±294.76, balance=0.0000, time=0.19±0.00s

================================================================================
[2025-12-02 16:11:04] [53/28800] Testing configuration:
  k_target: 42
  coarsen_limit: 50
  balance_weight: 0.1
  num_reads: 100
================================================================================
[2025-12-02 16:11:05]   Trial 1/3: ✓ cut=32622.55, balance=0.0000, time=0.19s
[2025-12-02 16:11:05]   Trial 2/3: ✓ cut=32663.76, balance=0.0000, time=0.20s
[2025-12-02 16:11:05]   Trial 3/3: ✓ cut=32808.63, balance=0.0000, time=0.20s
[2025-12-02 16:11:05] 
  Running METIS baseline...
[2025-12-02 16:11:05]   METIS baseline: cut=6733.38, balance=0.0000, time=0.05s
[2025-12-02 16:11:05]   METIS weights: min=0.00, max=0.00, avg=0.00, std=0.00
[2025-12-02 16:11:05]   → Quantum vs METIS: cut improvement = -385.62%
[2025-12-02 16:11:05] 
  → Aggregate: cut=32698.31±79.80, balance=0.0000, time=0.19±0.00s

================================================================================
[2025-12-02 16:11:05] [54/28800] Testing configuration:
  k_target: 44
  coarsen_limit: 50
  balance_weight: 0.1
  num_reads: 100
================================================================================
[2025-12-02 16:11:05]   Trial 1/3: ✓ cut=33010.33, balance=0.0000, time=0.19s
[2025-12-02 16:11:05]   Trial 2/3: ✓ cut=33010.33, balance=0.0000, time=0.20s
[2025-12-02 16:11:06]   Trial 3/3: ✓ cut=32674.87, balance=0.0000, time=0.20s
[2025-12-02 16:11:06] 
  Running METIS baseline...
[2025-12-02 16:11:06]   METIS baseline: cut=6733.38, balance=0.0000, time=0.14s
[2025-12-02 16:11:06]   METIS weights: min=0.00, max=0.00, avg=0.00, std=0.00
[2025-12-02 16:11:06]   → Quantum vs METIS: cut improvement = -388.59%
[2025-12-02 16:11:06] 
  → Aggregate: cut=32898.51±158.13, balance=0.0000, time=0.20±0.00s

================================================================================
[2025-12-02 16:11:06] [55/28800] Testing configuration:
  k_target: 46
  coarsen_limit: 50
  balance_weight: 0.1
  num_reads: 100
================================================================================
[2025-12-02 16:11:06]   Trial 1/3: ✓ cut=32944.78, balance=0.0000, time=0.21s
[2025-12-02 16:11:06]   Trial 2/3: ✓ cut=32881.29, balance=0.0000, time=0.20s
[2025-12-02 16:11:06]   Trial 3/3: ✓ cut=32953.44, balance=0.0000, time=0.20s
[2025-12-02 16:11:06] 
  Running METIS baseline...
[2025-12-02 16:11:07]   METIS baseline: cut=6733.38, balance=0.0000, time=0.05s
[2025-12-02 16:11:07]   METIS weights: min=0.00, max=0.00, avg=0.00, std=0.00
[2025-12-02 16:11:07]   → Quantum vs METIS: cut improvement = -389.00%
[2025-12-02 16:11:07] 
  → Aggregate: cut=32926.50±32.17, balance=0.0000, time=0.20±0.00s

================================================================================
[2025-12-02 16:11:07] [56/28800] Testing configuration:
  k_target: 48
  coarsen_limit: 50
  balance_weight: 0.1
  num_reads: 100
================================================================================
[2025-12-02 16:11:07]   Trial 1/3: ✓ cut=32808.63, balance=0.0000, time=0.21s
[2025-12-02 16:11:07]   Trial 2/3: ✓ cut=32961.49, balance=0.0000, time=0.20s
[2025-12-02 16:11:07]   Trial 3/3: ✓ cut=32808.63, balance=0.0000, time=0.20s
[2025-12-02 16:11:07] 
  Running METIS baseline...
[2025-12-02 16:11:07]   METIS baseline: cut=6733.38, balance=0.0000, time=0.05s
[2025-12-02 16:11:07]   METIS weights: min=0.00, max=0.00, avg=0.00, std=0.00
[2025-12-02 16:11:07]   → Quantum vs METIS: cut improvement = -388.01%
[2025-12-02 16:11:07] 
  → Aggregate: cut=32859.58±72.06, balance=0.0000, time=0.20±0.00s

================================================================================
[2025-12-02 16:11:07] [57/28800] Testing configuration:
  k_target: 50
  coarsen_limit: 50
  balance_weight: 0.1
  num_reads: 100
================================================================================
[2025-12-02 16:11:07]   Trial 1/3: ✓ cut=32808.63, balance=0.0000, time=0.19s
[2025-12-02 16:11:08]   Trial 2/3: ✓ cut=33010.33, balance=0.0000, time=0.19s
[2025-12-02 16:11:08]   Trial 3/3: ✓ cut=33010.33, balance=0.0000, time=0.19s
[2025-12-02 16:11:08] 
  Running METIS baseline...
[2025-12-02 16:11:08]   METIS baseline: cut=6733.38, balance=0.0000, time=0.05s
[2025-12-02 16:11:08]   METIS weights: min=0.00, max=0.00, avg=0.00, std=0.00
[2025-12-02 16:11:08]   → Quantum vs METIS: cut improvement = -389.25%
[2025-12-02 16:11:08] 
  → Aggregate: cut=32943.09±95.08, balance=0.0000, time=0.19±0.00s

================================================================================
[2025-12-02 16:11:08] [58/28800] Testing configuration:
  k_target: 52
  coarsen_limit: 50
  balance_weight: 0.1
  num_reads: 100
================================================================================
[2025-12-02 16:11:08]   Trial 1/3: ✓ cut=32729.30, balance=0.0000, time=0.22s
[2025-12-02 16:11:08]   Trial 2/3: ✓ cut=32748.38, balance=0.0000, time=0.22s
[2025-12-02 16:11:09]   Trial 3/3: ✓ cut=33010.33, balance=0.0000, time=0.22s
[2025-12-02 16:11:09] 
  Running METIS baseline...
[2025-12-02 16:11:09]   METIS baseline: cut=0.00, balance=0.0000, time=0.05s
[2025-12-02 16:11:09]   METIS weights: min=0.00, max=0.00, avg=0.00, std=0.00
[2025-12-02 16:11:09]   → Quantum vs METIS: cut improvement = +0.00%
[2025-12-02 16:11:09] 
  → Aggregate: cut=32829.34±128.22, balance=0.0000, time=0.22±0.00s

================================================================================
[2025-12-02 16:11:09] [59/28800] Testing configuration:
  k_target: 54
  coarsen_limit: 50
  balance_weight: 0.1
  num_reads: 100
================================================================================
[2025-12-02 16:11:09]   Trial 1/3: ✓ cut=32985.99, balance=0.0000, time=0.21s
[2025-12-02 16:11:09]   Trial 2/3: ✓ cut=32639.42, balance=0.0000, time=0.21s
[2025-12-02 16:11:09]   Trial 3/3: ✓ cut=32944.44, balance=0.0000, time=0.29s
[2025-12-02 16:11:09] 
  Running METIS baseline...
[2025-12-02 16:11:09]   METIS baseline: cut=0.00, balance=0.0000, time=0.05s
[2025-12-02 16:11:09]   METIS weights: min=0.00, max=0.00, avg=0.00, std=0.00
[2025-12-02 16:11:09]   → Quantum vs METIS: cut improvement = +0.00%
[2025-12-02 16:11:09] 
  → Aggregate: cut=32856.62±154.51, balance=0.0000, time=0.24±0.04s

================================================================================
[2025-12-02 16:11:09] [60/28800] Testing configuration:
  k_target: 56
  coarsen_limit: 50
  balance_weight: 0.1
  num_reads: 100
================================================================================
[2025-12-02 16:11:10]   Trial 1/3: ✓ cut=33010.33, balance=0.0000, time=0.22s
[2025-12-02 16:11:10]   Trial 2/3: ✓ cut=32949.71, balance=0.0000, time=0.22s
[2025-12-02 16:11:10]   Trial 3/3: ✓ cut=33010.33, balance=0.0000, time=0.21s
[2025-12-02 16:11:10] 
  Running METIS baseline...
[2025-12-02 16:11:10]   METIS baseline: cut=0.00, balance=0.0000, time=0.05s
[2025-12-02 16:11:10]   METIS weights: min=0.00, max=0.00, avg=0.00, std=0.00
[2025-12-02 16:11:10]   → Quantum vs METIS: cut improvement = +0.00%
[2025-12-02 16:11:10] 
  → Aggregate: cut=32990.12±28.58, balance=0.0000, time=0.22±0.01s

================================================================================
[2025-12-02 16:11:10] [61/28800] Testing configuration:
  k_target: 58
  coarsen_limit: 50
  balance_weight: 0.1
  num_reads: 100
================================================================================
[2025-12-02 16:11:10]   Trial 1/3: ✓ cut=33010.33, balance=0.0000, time=0.22s
[2025-12-02 16:11:11]   Trial 2/3: ✓ cut=32622.55, balance=0.0000, time=0.22s
[2025-12-02 16:11:11]   Trial 3/3: ✓ cut=32917.57, balance=0.0000, time=0.22s
[2025-12-02 16:11:11] 
  Running METIS baseline...
[2025-12-02 16:11:11]   METIS baseline: cut=0.00, balance=0.0000, time=0.05s
[2025-12-02 16:11:11]   METIS weights: min=0.00, max=0.00, avg=0.00, std=0.00
[2025-12-02 16:11:11]   → Quantum vs METIS: cut improvement = +0.00%
[2025-12-02 16:11:11] 
  → Aggregate: cut=32850.15±165.33, balance=0.0000, time=0.22±0.00s

================================================================================
[2025-12-02 16:11:11] [62/28800] Testing configuration:
  k_target: 60
  coarsen_limit: 50
  balance_weight: 0.1
  num_reads: 100
================================================================================
[2025-12-02 16:11:11]   Trial 1/3: ✓ cut=33010.33, balance=0.0000, time=0.23s
[2025-12-02 16:11:11]   Trial 2/3: ✓ cut=32626.82, balance=0.0000, time=0.21s
[2025-12-02 16:11:12]   Trial 3/3: ✓ cut=32401.81, balance=0.0000, time=0.21s
[2025-12-02 16:11:12] 
  Running METIS baseline...
[2025-12-02 16:11:12]   METIS baseline: cut=0.00, balance=0.0000, time=0.05s
[2025-12-02 16:11:12]   METIS weights: min=0.00, max=0.00, avg=0.00, std=0.00
[2025-12-02 16:11:12]   → Quantum vs METIS: cut improvement = +0.00%
[2025-12-02 16:11:12] 
  → Aggregate: cut=32679.65±251.22, balance=0.0000, time=0.21±0.01s

================================================================================
[2025-12-02 16:11:12] [63/28800] Testing configuration:
  k_target: 62
  coarsen_limit: 50
  balance_weight: 0.1
  num_reads: 100
================================================================================
[2025-12-02 16:11:12]   Trial 1/3: ✓ cut=32313.14, balance=0.0000, time=0.21s
[2025-12-02 16:11:12]   Trial 2/3: ✓ cut=32663.76, balance=0.0000, time=0.22s
[2025-12-02 16:11:12]   Trial 3/3: ✓ cut=32969.11, balance=0.0000, time=0.23s
[2025-12-02 16:11:12] 
  Running METIS baseline...
[2025-12-02 16:11:12]   METIS baseline: cut=0.00, balance=0.0000, time=0.05s
[2025-12-02 16:11:12]   METIS weights: min=0.00, max=0.00, avg=0.00, std=0.00
[2025-12-02 16:11:12]   → Quantum vs METIS: cut improvement = +0.00%
[2025-12-02 16:11:12] 
  → Aggregate: cut=32648.67±268.01, balance=0.0000, time=0.22±0.01s

================================================================================
[2025-12-02 16:11:12] [64/28800] Testing configuration:
  k_target: 64
  coarsen_limit: 50
  balance_weight: 0.1
  num_reads: 100
================================================================================
[2025-12-02 16:11:13]   Trial 1/3: ✓ cut=32420.85, balance=0.0000, time=0.23s
[2025-12-02 16:11:13]   Trial 2/3: ✓ cut=32489.25, balance=0.0000, time=0.21s
[2025-12-02 16:11:13]   Trial 3/3: ✓ cut=33010.33, balance=0.0000, time=0.30s
[2025-12-02 16:11:13] 
  Running METIS baseline...
[2025-12-02 16:11:13]   METIS baseline: cut=0.00, balance=0.0000, time=0.05s
[2025-12-02 16:11:13]   METIS weights: min=0.00, max=0.00, avg=0.00, std=0.00
[2025-12-02 16:11:13]   → Quantum vs METIS: cut improvement = +0.00%
[2025-12-02 16:11:13] 
  → Aggregate: cut=32640.14±263.25, balance=0.0000, time=0.25±0.04s

================================================================================
[2025-12-02 16:11:13] [65/28800] Testing configuration:
  k_target: 2
  coarsen_limit: 50
  balance_weight: 0.1
  num_reads: 150
================================================================================
[2025-12-02 16:11:13]   Trial 1/3: ✓ cut=12446.10, balance=0.9980, time=0.10s
[2025-12-02 16:11:13]   Trial 2/3: ✓ cut=12791.89, balance=0.9988, time=0.09s
[2025-12-02 16:11:13]   Trial 3/3: ✓ cut=11179.59, balance=0.9985, time=0.09s
[2025-12-02 16:11:13] 
  Running METIS baseline...
[2025-12-02 16:11:14]   METIS baseline: cut=5515.36, balance=0.9572, time=0.04s
[2025-12-02 16:11:14]   METIS weights: min=16455.16, max=17190.71, avg=16822.93, std=367.77
[2025-12-02 16:11:14]   → Quantum vs METIS: cut improvement = -120.10%
[2025-12-02 16:11:14] 
  → Aggregate: cut=12139.19±693.07, balance=0.9984, time=0.09±0.00s

================================================================================
[2025-12-02 16:11:14] [66/28800] Testing configuration:
  k_target: 4
  coarsen_limit: 50
  balance_weight: 0.1
  num_reads: 150
================================================================================
[2025-12-02 16:11:14]   Trial 1/3: ✓ cut=16990.73, balance=0.9813, time=0.13s
[2025-12-02 16:11:14]   Trial 2/3: ✓ cut=17909.70, balance=0.9862, time=0.12s
[2025-12-02 16:11:14]   Trial 3/3: ✓ cut=19208.06, balance=0.9934, time=0.12s
[2025-12-02 16:11:14] 
  Running METIS baseline...
[2025-12-02 16:11:14]   METIS baseline: cut=10474.31, balance=0.8900, time=0.05s
[2025-12-02 16:11:14]   METIS weights: min=8037.00, max=9030.07, avg=8411.47, std=382.71
[2025-12-02 16:11:14]   → Quantum vs METIS: cut improvement = -72.19%
[2025-12-02 16:11:14] 
  → Aggregate: cut=18036.17±909.63, balance=0.9870, time=0.13±0.00s

================================================================================
[2025-12-02 16:11:14] [67/28800] Testing configuration:
  k_target: 6
  coarsen_limit: 50
  balance_weight: 0.1
  num_reads: 150
================================================================================
[2025-12-02 16:11:14]   Trial 1/3: ✓ cut=21353.50, balance=0.4998, time=0.14s
[2025-12-02 16:11:14]   Trial 2/3: ✓ cut=20683.33, balance=0.4991, time=0.13s
[2025-12-02 16:11:14]   Trial 3/3: ✓ cut=20703.60, balance=0.4982, time=0.14s
[2025-12-02 16:11:14] 
  Running METIS baseline...
[2025-12-02 16:11:14]   METIS baseline: cut=14607.35, balance=0.6860, time=0.05s
[2025-12-02 16:11:14]   METIS weights: min=4941.39, max=7202.72, avg=5607.64, std=780.70
[2025-12-02 16:11:14]   → Quantum vs METIS: cut improvement = -43.17%
[2025-12-02 16:11:14] 
  → Aggregate: cut=20913.48±311.26, balance=0.4990, time=0.14±0.00s

================================================================================
[2025-12-02 16:11:14] [68/28800] Testing configuration:
  k_target: 8
  coarsen_limit: 50
  balance_weight: 0.1
  num_reads: 150
================================================================================
[2025-12-02 16:11:15]   Trial 1/3: ✓ cut=24212.24, balance=0.9637, time=0.15s
[2025-12-02 16:11:15]   Trial 2/3: ✓ cut=24562.03, balance=0.9338, time=0.15s
[2025-12-02 16:11:15]   Trial 3/3: ✓ cut=24865.22, balance=0.9748, time=0.15s
[2025-12-02 16:11:15] 
  Running METIS baseline...
[2025-12-02 16:11:15]   METIS baseline: cut=17547.68, balance=0.6854, time=0.05s
[2025-12-02 16:11:15]   METIS weights: min=3423.48, max=4994.68, avg=4205.73, std=479.19
[2025-12-02 16:11:15]   → Quantum vs METIS: cut improvement = -39.88%
[2025-12-02 16:11:15] 
  → Aggregate: cut=24546.49±266.80, balance=0.9574, time=0.15±0.00s

================================================================================
[2025-12-02 16:11:15] [69/28800] Testing configuration:
  k_target: 10
  coarsen_limit: 50
  balance_weight: 0.1
  num_reads: 150
================================================================================
[2025-12-02 16:11:15]   Trial 1/3: ✓ cut=27110.25, balance=0.4178, time=0.15s
[2025-12-02 16:11:15]   Trial 2/3: ✓ cut=25162.97, balance=0.4066, time=0.15s
[2025-12-02 16:11:15]   Trial 3/3: ✓ cut=25229.06, balance=0.4670, time=0.15s
[2025-12-02 16:11:15] 
  Running METIS baseline...
[2025-12-02 16:11:16]   METIS baseline: cut=19241.81, balance=0.7496, time=0.05s
[2025-12-02 16:11:16]   METIS weights: min=2923.86, max=3900.52, avg=3364.59, std=327.57
[2025-12-02 16:11:16]   → Quantum vs METIS: cut improvement = -34.26%
[2025-12-02 16:11:16] 
  → Aggregate: cut=25834.09±902.78, balance=0.4305, time=0.15±0.00s

================================================================================
[2025-12-02 16:11:16] [70/28800] Testing configuration:
  k_target: 12
  coarsen_limit: 50
  balance_weight: 0.1
  num_reads: 150
================================================================================
[2025-12-02 16:11:16]   Trial 1/3: ✓ cut=26649.84, balance=0.4083, time=0.24s
[2025-12-02 16:11:16]   Trial 2/3: ✓ cut=26819.16, balance=0.4543, time=0.16s
[2025-12-02 16:11:16]   Trial 3/3: ✓ cut=25603.17, balance=0.4613, time=0.16s
[2025-12-02 16:11:16] 
  Running METIS baseline...
[2025-12-02 16:11:16]   METIS baseline: cut=22395.73, balance=0.6314, time=0.05s
[2025-12-02 16:11:16]   METIS weights: min=2265.41, max=3588.09, avg=2803.82, std=333.78
[2025-12-02 16:11:16]   → Quantum vs METIS: cut improvement = -17.69%
[2025-12-02 16:11:16] 
  → Aggregate: cut=26357.39±537.77, balance=0.4413, time=0.19±0.04s

================================================================================
[2025-12-02 16:11:16] [71/28800] Testing configuration:
  k_target: 14
  coarsen_limit: 50
  balance_weight: 0.1
  num_reads: 150
================================================================================
[2025-12-02 16:11:16]   Trial 1/3: ✓ cut=28177.23, balance=0.4141, time=0.16s
[2025-12-02 16:11:16]   Trial 2/3: ✓ cut=27483.29, balance=0.4594, time=0.16s
[2025-12-02 16:11:17]   Trial 3/3: ✓ cut=27159.20, balance=0.4280, time=0.17s
[2025-12-02 16:11:17] 
  Running METIS baseline...
[2025-12-02 16:11:17]   METIS baseline: cut=24439.34, balance=0.0000, time=0.05s
[2025-12-02 16:11:17]   METIS weights: min=0.00, max=0.00, avg=0.00, std=0.00
[2025-12-02 16:11:17]   → Quantum vs METIS: cut improvement = -12.96%
[2025-12-02 16:11:17] 
  → Aggregate: cut=27606.57±424.65, balance=0.4339, time=0.16±0.00s

================================================================================
[2025-12-02 16:11:17] [72/28800] Testing configuration:
  k_target: 16
  coarsen_limit: 50
  balance_weight: 0.1
  num_reads: 150
================================================================================
[2025-12-02 16:11:17]   Trial 1/3: ✓ cut=30542.76, balance=0.7029, time=0.17s
[2025-12-02 16:11:17]   Trial 2/3: ✓ cut=29650.71, balance=0.8129, time=0.17s
[2025-12-02 16:11:17]   Trial 3/3: ✓ cut=30204.14, balance=0.6991, time=0.17s
[2025-12-02 16:11:17] 
  Running METIS baseline...
[2025-12-02 16:11:17]   METIS baseline: cut=25993.28, balance=0.0000, time=0.05s
[2025-12-02 16:11:17]   METIS weights: min=0.00, max=0.00, avg=0.00, std=0.00
[2025-12-02 16:11:17]   → Quantum vs METIS: cut improvement = -15.92%
[2025-12-02 16:11:17] 
  → Aggregate: cut=30132.54±367.68, balance=0.7383, time=0.17±0.00s

================================================================================
[2025-12-02 16:11:17] [73/28800] Testing configuration:
  k_target: 18
  coarsen_limit: 50
  balance_weight: 0.1
  num_reads: 150
================================================================================
[2025-12-02 16:11:17]   Trial 1/3: ✓ cut=30150.75, balance=0.3268, time=0.17s
[2025-12-02 16:11:18]   Trial 2/3: ✓ cut=30554.90, balance=0.2971, time=0.18s
[2025-12-02 16:11:18]   Trial 3/3: ✓ cut=30111.29, balance=0.3709, time=0.18s
[2025-12-02 16:11:18] 
  Running METIS baseline...
[2025-12-02 16:11:18]   METIS baseline: cut=27224.34, balance=0.0000, time=0.05s
[2025-12-02 16:11:18]   METIS weights: min=0.00, max=0.00, avg=0.00, std=0.00
[2025-12-02 16:11:18]   → Quantum vs METIS: cut improvement = -11.20%
[2025-12-02 16:11:18] 
  → Aggregate: cut=30272.31±200.47, balance=0.3316, time=0.18±0.00s

================================================================================
[2025-12-02 16:11:18] [74/28800] Testing configuration:
  k_target: 20
  coarsen_limit: 50
  balance_weight: 0.1
  num_reads: 150
================================================================================
[2025-12-02 16:11:18]   Trial 1/3: ✓ cut=30613.63, balance=0.3210, time=0.18s
[2025-12-02 16:11:18]   Trial 2/3: ✓ cut=31121.64, balance=0.2404, time=0.19s
[2025-12-02 16:11:18]   Trial 3/3: ✓ cut=30712.76, balance=0.2828, time=0.18s
[2025-12-02 16:11:18] 
  Running METIS baseline...
[2025-12-02 16:11:19]   METIS baseline: cut=26455.85, balance=0.0000, time=0.05s
[2025-12-02 16:11:19]   METIS weights: min=0.00, max=0.00, avg=0.00, std=0.00
[2025-12-02 16:11:19]   → Quantum vs METIS: cut improvement = -16.48%
[2025-12-02 16:11:19] 
  → Aggregate: cut=30816.01±219.87, balance=0.2814, time=0.18±0.01s

================================================================================
[2025-12-02 16:11:19] [75/28800] Testing configuration:
  k_target: 22
  coarsen_limit: 50
  balance_weight: 0.1
  num_reads: 150
================================================================================
[2025-12-02 16:11:19]   Trial 1/3: ✓ cut=29723.68, balance=0.3609, time=0.18s
[2025-12-02 16:11:19]   Trial 2/3: ✓ cut=31692.09, balance=0.2316, time=0.18s
[2025-12-02 16:11:19]   Trial 3/3: ✓ cut=32038.07, balance=0.2303, time=0.27s
[2025-12-02 16:11:19] 
  Running METIS baseline...
[2025-12-02 16:11:19]   METIS baseline: cut=25924.35, balance=0.0000, time=0.05s
[2025-12-02 16:11:19]   METIS weights: min=0.00, max=0.00, avg=0.00, std=0.00
[2025-12-02 16:11:19]   → Quantum vs METIS: cut improvement = -20.16%
[2025-12-02 16:11:19] 
  → Aggregate: cut=31151.28±1019.30, balance=0.2743, time=0.21±0.04s

================================================================================
[2025-12-02 16:11:19] [76/28800] Testing configuration:
  k_target: 24
  coarsen_limit: 50
  balance_weight: 0.1
  num_reads: 150
================================================================================
[2025-12-02 16:11:19]   Trial 1/3: ✓ cut=30780.93, balance=0.2826, time=0.19s
[2025-12-02 16:11:20]   Trial 2/3: ✓ cut=31826.86, balance=0.2366, time=0.19s
[2025-12-02 16:11:20]   Trial 3/3: ✓ cut=31984.20, balance=0.2354, time=0.19s
[2025-12-02 16:11:20] 
  Running METIS baseline...
[2025-12-02 16:11:20]   METIS baseline: cut=25311.39, balance=0.0000, time=0.05s
[2025-12-02 16:11:20]   METIS weights: min=0.00, max=0.00, avg=0.00, std=0.00
[2025-12-02 16:11:20]   → Quantum vs METIS: cut improvement = -24.57%
[2025-12-02 16:11:20] 
  → Aggregate: cut=31530.66±534.02, balance=0.2515, time=0.19±0.00s

================================================================================
[2025-12-02 16:11:20] [77/28800] Testing configuration:
  k_target: 26
  coarsen_limit: 50
  balance_weight: 0.1
  num_reads: 150
================================================================================
[2025-12-02 16:11:20]   Trial 1/3: ✓ cut=31927.90, balance=0.2923, time=0.19s
[2025-12-02 16:11:20]   Trial 2/3: ✓ cut=31981.63, balance=0.3159, time=0.19s
[2025-12-02 16:11:20]   Trial 3/3: ✓ cut=31931.50, balance=0.2345, time=0.19s
[2025-12-02 16:11:20] 
  Running METIS baseline...
[2025-12-02 16:11:21]   METIS baseline: cut=21512.23, balance=0.0000, time=0.05s
[2025-12-02 16:11:21]   METIS weights: min=0.00, max=0.00, avg=0.00, std=0.00
[2025-12-02 16:11:21]   → Quantum vs METIS: cut improvement = -48.51%
[2025-12-02 16:11:21] 
  → Aggregate: cut=31947.01±24.52, balance=0.2809, time=0.19±0.00s

================================================================================
[2025-12-02 16:11:21] [78/28800] Testing configuration:
  k_target: 28
  coarsen_limit: 50
  balance_weight: 0.1
  num_reads: 150
================================================================================
[2025-12-02 16:11:21]   Trial 1/3: ✓ cut=32503.13, balance=0.2417, time=0.20s
[2025-12-02 16:11:21]   Trial 2/3: ✓ cut=31992.88, balance=0.2472, time=0.21s
[2025-12-02 16:11:21]   Trial 3/3: ✓ cut=32199.92, balance=0.3264, time=0.20s
[2025-12-02 16:11:21] 
  Running METIS baseline...
[2025-12-02 16:11:21]   METIS baseline: cut=21850.98, balance=0.0000, time=0.05s
[2025-12-02 16:11:21]   METIS weights: min=0.00, max=0.00, avg=0.00, std=0.00
[2025-12-02 16:11:21]   → Quantum vs METIS: cut improvement = -47.51%
[2025-12-02 16:11:21] 
  → Aggregate: cut=32231.98±209.54, balance=0.2718, time=0.20±0.00s

================================================================================
[2025-12-02 16:11:21] [79/28800] Testing configuration:
  k_target: 30
  coarsen_limit: 50
  balance_weight: 0.1
  num_reads: 150
================================================================================
[2025-12-02 16:11:21]   Trial 1/3: ✓ cut=32420.05, balance=0.3250, time=0.21s
[2025-12-02 16:11:22]   Trial 2/3: ✓ cut=32773.37, balance=0.2657, time=0.21s
[2025-12-02 16:11:22]   Trial 3/3: ✓ cut=32337.50, balance=0.2815, time=0.20s
[2025-12-02 16:11:22] 
  Running METIS baseline...
[2025-12-02 16:11:22]   METIS baseline: cut=19696.47, balance=0.0000, time=0.05s
[2025-12-02 16:11:22]   METIS weights: min=0.00, max=0.00, avg=0.00, std=0.00
[2025-12-02 16:11:22]   → Quantum vs METIS: cut improvement = -65.06%
[2025-12-02 16:11:22] 
  → Aggregate: cut=32510.31±189.04, balance=0.2907, time=0.21±0.00s

================================================================================
[2025-12-02 16:11:22] [80/28800] Testing configuration:
  k_target: 32
  coarsen_limit: 50
  balance_weight: 0.1
  num_reads: 150
================================================================================
[2025-12-02 16:11:22]   Trial 1/3: ✓ cut=32917.57, balance=0.0000, time=0.21s
[2025-12-02 16:11:22]   Trial 2/3: ✓ cut=33010.33, balance=0.0600, time=0.21s
[2025-12-02 16:11:23]   Trial 3/3: ✓ cut=32724.04, balance=0.0000, time=0.30s
[2025-12-02 16:11:23] 
  Running METIS baseline...
[2025-12-02 16:11:23]   METIS baseline: cut=15531.69, balance=0.0000, time=0.05s
[2025-12-02 16:11:23]   METIS weights: min=0.00, max=0.00, avg=0.00, std=0.00
[2025-12-02 16:11:23]   → Quantum vs METIS: cut improvement = -111.72%
[2025-12-02 16:11:23] 
  → Aggregate: cut=32883.98±119.27, balance=0.0200, time=0.24±0.04s

================================================================================
[2025-12-02 16:11:23] [81/28800] Testing configuration:
  k_target: 34
  coarsen_limit: 50
  balance_weight: 0.1
  num_reads: 150
================================================================================
[2025-12-02 16:11:23]   Trial 1/3: ✓ cut=32877.03, balance=0.0000, time=0.22s
[2025-12-02 16:11:23]   Trial 2/3: ✓ cut=32497.84, balance=0.0000, time=0.22s
[2025-12-02 16:11:23]   Trial 3/3: ✓ cut=32877.03, balance=0.0000, time=0.22s
[2025-12-02 16:11:23] 
  Running METIS baseline...
[2025-12-02 16:11:23]   METIS baseline: cut=15076.39, balance=0.0000, time=0.05s
[2025-12-02 16:11:23]   METIS weights: min=0.00, max=0.00, avg=0.00, std=0.00
[2025-12-02 16:11:23]   → Quantum vs METIS: cut improvement = -117.23%
[2025-12-02 16:11:23] 
  → Aggregate: cut=32750.63±178.75, balance=0.0000, time=0.22±0.00s

================================================================================
[2025-12-02 16:11:23] [82/28800] Testing configuration:
  k_target: 36
  coarsen_limit: 50
  balance_weight: 0.1
  num_reads: 150
================================================================================
[2025-12-02 16:11:24]   Trial 1/3: ✓ cut=32808.63, balance=0.0000, time=0.22s
[2025-12-02 16:11:24]   Trial 2/3: ✓ cut=32694.54, balance=0.0000, time=0.22s
[2025-12-02 16:11:24]   Trial 3/3: ✓ cut=32990.38, balance=0.0000, time=0.22s
[2025-12-02 16:11:24] 
  Running METIS baseline...
[2025-12-02 16:11:24]   METIS baseline: cut=17141.12, balance=0.0000, time=0.05s
[2025-12-02 16:11:24]   METIS weights: min=0.00, max=0.00, avg=0.00, std=0.00
[2025-12-02 16:11:24]   → Quantum vs METIS: cut improvement = -91.53%
[2025-12-02 16:11:24] 
  → Aggregate: cut=32831.18±121.83, balance=0.0000, time=0.22±0.00s

================================================================================
[2025-12-02 16:11:24] [83/28800] Testing configuration:
  k_target: 38
  coarsen_limit: 50
  balance_weight: 0.1
  num_reads: 150
================================================================================
[2025-12-02 16:11:24]   Trial 1/3: ✓ cut=32893.23, balance=0.0000, time=0.23s
[2025-12-02 16:11:25]   Trial 2/3: ✓ cut=32985.77, balance=0.0000, time=0.22s
[2025-12-02 16:11:25]   Trial 3/3: ✓ cut=32880.63, balance=0.0000, time=0.22s
[2025-12-02 16:11:25] 
  Running METIS baseline...
[2025-12-02 16:11:25]   METIS baseline: cut=17141.12, balance=0.0000, time=0.05s
[2025-12-02 16:11:25]   METIS weights: min=0.00, max=0.00, avg=0.00, std=0.00
[2025-12-02 16:11:25]   → Quantum vs METIS: cut improvement = -92.05%
[2025-12-02 16:11:25] 
  → Aggregate: cut=32919.88±46.88, balance=0.0000, time=0.23±0.01s

================================================================================
[2025-12-02 16:11:25] [84/28800] Testing configuration:
  k_target: 40
  coarsen_limit: 50
  balance_weight: 0.1
  num_reads: 150
================================================================================
[2025-12-02 16:11:25]   Trial 1/3: ✓ cut=32856.29, balance=0.0000, time=0.22s
[2025-12-02 16:11:25]   Trial 2/3: ✓ cut=32906.67, balance=0.0000, time=0.23s
[2025-12-02 16:11:26]   Trial 3/3: ✓ cut=32667.32, balance=0.0000, time=0.23s
[2025-12-02 16:11:26] 
  Running METIS baseline...
[2025-12-02 16:11:26]   METIS baseline: cut=6733.38, balance=0.0000, time=0.05s
[2025-12-02 16:11:26]   METIS weights: min=0.00, max=0.00, avg=0.00, std=0.00
[2025-12-02 16:11:26]   → Quantum vs METIS: cut improvement = -387.28%
[2025-12-02 16:11:26] 
  → Aggregate: cut=32810.09±103.03, balance=0.0000, time=0.23±0.01s

================================================================================
[2025-12-02 16:11:26] [85/28800] Testing configuration:
  k_target: 42
  coarsen_limit: 50
  balance_weight: 0.1
  num_reads: 150
================================================================================
[2025-12-02 16:11:26]   Trial 1/3: ✓ cut=32990.38, balance=0.0000, time=0.23s
[2025-12-02 16:11:26]   Trial 2/3: ✓ cut=32748.38, balance=0.0000, time=0.22s
[2025-12-02 16:11:26]   Trial 3/3: ✓ cut=32990.38, balance=0.0000, time=0.23s
[2025-12-02 16:11:26] 
  Running METIS baseline...
[2025-12-02 16:11:27]   METIS baseline: cut=6733.38, balance=0.0000, time=0.14s
[2025-12-02 16:11:27]   METIS weights: min=0.00, max=0.00, avg=0.00, std=0.00
[2025-12-02 16:11:27]   → Quantum vs METIS: cut improvement = -388.76%
[2025-12-02 16:11:27] 
  → Aggregate: cut=32909.71±114.08, balance=0.0000, time=0.22±0.00s

================================================================================
[2025-12-02 16:11:27] [86/28800] Testing configuration:
  k_target: 44
  coarsen_limit: 50
  balance_weight: 0.1
  num_reads: 150
================================================================================
[2025-12-02 16:11:27]   Trial 1/3: ✓ cut=32622.55, balance=0.0000, time=0.23s
[2025-12-02 16:11:27]   Trial 2/3: ✓ cut=32748.38, balance=0.0000, time=0.23s
[2025-12-02 16:11:27]   Trial 3/3: ✓ cut=32584.43, balance=0.0000, time=0.24s
[2025-12-02 16:11:27] 
  Running METIS baseline...
[2025-12-02 16:11:27]   METIS baseline: cut=6733.38, balance=0.0000, time=0.05s
[2025-12-02 16:11:27]   METIS weights: min=0.00, max=0.00, avg=0.00, std=0.00
[2025-12-02 16:11:27]   → Quantum vs METIS: cut improvement = -384.92%
[2025-12-02 16:11:27] 
  → Aggregate: cut=32651.79±70.05, balance=0.0000, time=0.23±0.00s

================================================================================
[2025-12-02 16:11:27] [87/28800] Testing configuration:
  k_target: 46
  coarsen_limit: 50
  balance_weight: 0.1
  num_reads: 150
================================================================================
[2025-12-02 16:11:28]   Trial 1/3: ✓ cut=32990.38, balance=0.0000, time=0.24s
[2025-12-02 16:11:28]   Trial 2/3: ✓ cut=32969.11, balance=0.0000, time=0.23s
[2025-12-02 16:11:28]   Trial 3/3: ✓ cut=32748.38, balance=0.0000, time=0.23s
[2025-12-02 16:11:28] 
  Running METIS baseline...
[2025-12-02 16:11:28]   METIS baseline: cut=6733.38, balance=0.0000, time=0.05s
[2025-12-02 16:11:28]   METIS weights: min=0.00, max=0.00, avg=0.00, std=0.00
[2025-12-02 16:11:28]   → Quantum vs METIS: cut improvement = -388.65%
[2025-12-02 16:11:28] 
  → Aggregate: cut=32902.62±109.41, balance=0.0000, time=0.23±0.00s

================================================================================
[2025-12-02 16:11:28] [88/28800] Testing configuration:
  k_target: 48
  coarsen_limit: 50
  balance_weight: 0.1
  num_reads: 150
================================================================================
[2025-12-02 16:11:28]   Trial 1/3: ✓ cut=32969.11, balance=0.0000, time=0.26s
[2025-12-02 16:11:29]   Trial 2/3: ✓ cut=32743.77, balance=0.0000, time=0.27s
[2025-12-02 16:11:29]   Trial 3/3: ✓ cut=32949.71, balance=0.0000, time=0.24s
[2025-12-02 16:11:29] 
  Running METIS baseline...
[2025-12-02 16:11:29]   METIS baseline: cut=6733.38, balance=0.0000, time=0.05s
[2025-12-02 16:11:29]   METIS weights: min=0.00, max=0.00, avg=0.00, std=0.00
[2025-12-02 16:11:29]   → Quantum vs METIS: cut improvement = -388.43%
[2025-12-02 16:11:29] 
  → Aggregate: cut=32887.53±101.96, balance=0.0000, time=0.26±0.01s

================================================================================
[2025-12-02 16:11:29] [89/28800] Testing configuration:
  k_target: 50
  coarsen_limit: 50
  balance_weight: 0.1
  num_reads: 150
================================================================================
[2025-12-02 16:11:29]   Trial 1/3: ✓ cut=32985.99, balance=0.0000, time=0.23s
[2025-12-02 16:11:29]   Trial 2/3: ✓ cut=32623.33, balance=0.0000, time=0.24s
[2025-12-02 16:11:30]   Trial 3/3: ✓ cut=32917.57, balance=0.0000, time=0.24s
[2025-12-02 16:11:30] 
  Running METIS baseline...
[2025-12-02 16:11:30]   METIS baseline: cut=6733.38, balance=0.0000, time=0.05s
[2025-12-02 16:11:30]   METIS weights: min=0.00, max=0.00, avg=0.00, std=0.00
[2025-12-02 16:11:30]   → Quantum vs METIS: cut improvement = -387.75%
[2025-12-02 16:11:30] 
  → Aggregate: cut=32842.29±157.33, balance=0.0000, time=0.24±0.00s

================================================================================
[2025-12-02 16:11:30] [90/28800] Testing configuration:
  k_target: 52
  coarsen_limit: 50
  balance_weight: 0.1
  num_reads: 150
================================================================================
[2025-12-02 16:11:30]   Trial 1/3: ✓ cut=32602.49, balance=0.0000, time=0.24s
[2025-12-02 16:11:30]   Trial 2/3: ✓ cut=32969.11, balance=0.0000, time=0.25s
[2025-12-02 16:11:31]   Trial 3/3: ✓ cut=32969.11, balance=0.0000, time=0.32s
[2025-12-02 16:11:31] 
  Running METIS baseline...
[2025-12-02 16:11:31]   METIS baseline: cut=0.00, balance=0.0000, time=0.05s
[2025-12-02 16:11:31]   METIS weights: min=0.00, max=0.00, avg=0.00, std=0.00
[2025-12-02 16:11:31]   → Quantum vs METIS: cut improvement = +0.00%
[2025-12-02 16:11:31] 
  → Aggregate: cut=32846.91±172.83, balance=0.0000, time=0.27±0.04s

================================================================================
[2025-12-02 16:11:31] [91/28800] Testing configuration:
  k_target: 54
  coarsen_limit: 50
  balance_weight: 0.1
  num_reads: 150
================================================================================
[2025-12-02 16:11:31]   Trial 1/3: ✓ cut=32808.63, balance=0.0000, time=0.25s
[2025-12-02 16:11:31]   Trial 2/3: ✓ cut=32985.99, balance=0.0000, time=0.25s
[2025-12-02 16:11:31]   Trial 3/3: ✓ cut=32515.20, balance=0.0000, time=0.24s
[2025-12-02 16:11:31] 
  Running METIS baseline...
[2025-12-02 16:11:31]   METIS baseline: cut=0.00, balance=0.0000, time=0.05s
[2025-12-02 16:11:31]   METIS weights: min=0.00, max=0.00, avg=0.00, std=0.00
[2025-12-02 16:11:31]   → Quantum vs METIS: cut improvement = +0.00%
[2025-12-02 16:11:31] 
  → Aggregate: cut=32769.94±194.14, balance=0.0000, time=0.25±0.00s

================================================================================
[2025-12-02 16:11:32] [92/28800] Testing configuration:
  k_target: 56
  coarsen_limit: 50
  balance_weight: 0.1
  num_reads: 150
================================================================================
[2025-12-02 16:11:32]   Trial 1/3: ✓ cut=32716.09, balance=0.0000, time=0.24s
[2025-12-02 16:11:32]   Trial 2/3: ✓ cut=32808.63, balance=0.0000, time=0.25s
[2025-12-02 16:11:32]   Trial 3/3: ✓ cut=32622.55, balance=0.0000, time=0.24s
[2025-12-02 16:11:32] 
  Running METIS baseline...
[2025-12-02 16:11:32]   METIS baseline: cut=0.00, balance=0.0000, time=0.05s
[2025-12-02 16:11:32]   METIS weights: min=0.00, max=0.00, avg=0.00, std=0.00
[2025-12-02 16:11:32]   → Quantum vs METIS: cut improvement = +0.00%
[2025-12-02 16:11:32] 
  → Aggregate: cut=32715.75±75.97, balance=0.0000, time=0.24±0.00s

================================================================================
[2025-12-02 16:11:32] [93/28800] Testing configuration:
  k_target: 58
  coarsen_limit: 50
  balance_weight: 0.1
  num_reads: 150
================================================================================
[2025-12-02 16:11:33]   Trial 1/3: ✓ cut=32969.11, balance=0.0000, time=0.25s
[2025-12-02 16:11:33]   Trial 2/3: ✓ cut=32969.44, balance=0.0000, time=0.25s
[2025-12-02 16:11:33]   Trial 3/3: ✓ cut=33010.33, balance=0.0000, time=0.25s
[2025-12-02 16:11:33] 
  Running METIS baseline...
[2025-12-02 16:11:33]   METIS baseline: cut=0.00, balance=0.0000, time=0.05s
[2025-12-02 16:11:33]   METIS weights: min=0.00, max=0.00, avg=0.00, std=0.00
[2025-12-02 16:11:33]   → Quantum vs METIS: cut improvement = +0.00%
[2025-12-02 16:11:33] 
  → Aggregate: cut=32982.96±19.35, balance=0.0000, time=0.25±0.00s

================================================================================
[2025-12-02 16:11:33] [94/28800] Testing configuration:
  k_target: 60
  coarsen_limit: 50
  balance_weight: 0.1
  num_reads: 150
================================================================================
[2025-12-02 16:11:33]   Trial 1/3: ✓ cut=32920.28, balance=0.0000, time=0.26s
[2025-12-02 16:11:34]   Trial 2/3: ✓ cut=32622.55, balance=0.0000, time=0.26s
[2025-12-02 16:11:34]   Trial 3/3: ✓ cut=32718.87, balance=0.0000, time=0.25s
[2025-12-02 16:11:34] 
  Running METIS baseline...
[2025-12-02 16:11:34]   METIS baseline: cut=0.00, balance=0.0000, time=0.05s
[2025-12-02 16:11:34]   METIS weights: min=0.00, max=0.00, avg=0.00, std=0.00
[2025-12-02 16:11:34]   → Quantum vs METIS: cut improvement = +0.00%
[2025-12-02 16:11:34] 
  → Aggregate: cut=32753.90±124.05, balance=0.0000, time=0.26±0.00s

================================================================================
[2025-12-02 16:11:34] [95/28800] Testing configuration:
  k_target: 62
  coarsen_limit: 50
  balance_weight: 0.1
  num_reads: 150
================================================================================
[2025-12-02 16:11:34]   Trial 1/3: ✓ cut=32857.08, balance=0.0000, time=0.34s
[2025-12-02 16:11:35]   Trial 2/3: ✓ cut=32743.77, balance=0.0000, time=0.26s
[2025-12-02 16:11:35]   Trial 3/3: ✓ cut=33010.33, balance=0.0000, time=0.26s
[2025-12-02 16:11:35] 
  Running METIS baseline...
[2025-12-02 16:11:35]   METIS baseline: cut=0.00, balance=0.0000, time=0.05s
[2025-12-02 16:11:35]   METIS weights: min=0.00, max=0.00, avg=0.00, std=0.00
[2025-12-02 16:11:35]   → Quantum vs METIS: cut improvement = +0.00%
[2025-12-02 16:11:35] 
  → Aggregate: cut=32870.39±109.23, balance=0.0000, time=0.29±0.04s

================================================================================
[2025-12-02 16:11:35] [96/28800] Testing configuration:
  k_target: 64
  coarsen_limit: 50
  balance_weight: 0.1
  num_reads: 150
================================================================================
[2025-12-02 16:11:35]   Trial 1/3: ✓ cut=32969.11, balance=0.0000, time=0.26s
[2025-12-02 16:11:35]   Trial 2/3: ✓ cut=32546.68, balance=0.0000, time=0.26s
[2025-12-02 16:11:36]   Trial 3/3: ✓ cut=32674.87, balance=0.0000, time=0.26s
[2025-12-02 16:11:36] 
  Running METIS baseline...
[2025-12-02 16:11:36]   METIS baseline: cut=0.00, balance=0.0000, time=0.05s
[2025-12-02 16:11:36]   METIS weights: min=0.00, max=0.00, avg=0.00, std=0.00
[2025-12-02 16:11:36]   → Quantum vs METIS: cut improvement = +0.00%
[2025-12-02 16:11:36] 
  → Aggregate: cut=32730.22±176.84, balance=0.0000, time=0.26±0.00s

================================================================================
[2025-12-02 16:11:36] [97/28800] Testing configuration:
  k_target: 2
  coarsen_limit: 50
  balance_weight: 0.1
  num_reads: 200
================================================================================
[2025-12-02 16:11:36]   Trial 1/3: ✓ cut=12761.93, balance=0.9947, time=0.10s
[2025-12-02 16:11:36]   Trial 2/3: ✓ cut=10624.75, balance=0.9951, time=0.10s
[2025-12-02 16:11:36]   Trial 3/3: ✓ cut=12703.25, balance=0.9923, time=0.10s
[2025-12-02 16:11:36] 
  Running METIS baseline...
[2025-12-02 16:11:36]   METIS baseline: cut=5515.36, balance=0.9572, time=0.04s
[2025-12-02 16:11:36]   METIS weights: min=16455.16, max=17190.71, avg=16822.93, std=367.77
[2025-12-02 16:11:36]   → Quantum vs METIS: cut improvement = -118.12%
[2025-12-02 16:11:36] 
  → Aggregate: cut=12029.98±993.93, balance=0.9940, time=0.10±0.00s

================================================================================
[2025-12-02 16:11:36] [98/28800] Testing configuration:
  k_target: 4
  coarsen_limit: 50
  balance_weight: 0.1
  num_reads: 200
================================================================================
[2025-12-02 16:11:36]   Trial 1/3: ✓ cut=18415.88, balance=0.9910, time=0.14s
[2025-12-02 16:11:36]   Trial 2/3: ✓ cut=18084.10, balance=0.9881, time=0.14s
[2025-12-02 16:11:37]   Trial 3/3: ✓ cut=19004.41, balance=0.9856, time=0.14s
[2025-12-02 16:11:37] 
  Running METIS baseline...
[2025-12-02 16:11:37]   METIS baseline: cut=10474.31, balance=0.8900, time=0.04s
[2025-12-02 16:11:37]   METIS weights: min=8037.00, max=9030.07, avg=8411.47, std=382.71
[2025-12-02 16:11:37]   → Quantum vs METIS: cut improvement = -76.64%
[2025-12-02 16:11:37] 
  → Aggregate: cut=18501.46±380.56, balance=0.9883, time=0.14±0.00s

================================================================================
[2025-12-02 16:11:37] [99/28800] Testing configuration:
  k_target: 6
  coarsen_limit: 50
  balance_weight: 0.1
  num_reads: 200
================================================================================
[2025-12-02 16:11:37]   Trial 1/3: ✓ cut=18916.11, balance=0.4985, time=0.15s
[2025-12-02 16:11:37]   Trial 2/3: ✓ cut=20732.15, balance=0.4953, time=0.16s
[2025-12-02 16:11:37]   Trial 3/3: ✓ cut=20126.83, balance=0.5023, time=0.16s
[2025-12-02 16:11:37] 
  Running METIS baseline...
[2025-12-02 16:11:37]   METIS baseline: cut=14607.35, balance=0.6860, time=0.05s
[2025-12-02 16:11:37]   METIS weights: min=4941.39, max=7202.72, avg=5607.64, std=780.70
[2025-12-02 16:11:37]   → Quantum vs METIS: cut improvement = -36.40%
[2025-12-02 16:11:37] 
  → Aggregate: cut=19925.03±755.00, balance=0.4987, time=0.16±0.00s

================================================================================
[2025-12-02 16:11:37] [100/28800] Testing configuration:
  k_target: 8
  coarsen_limit: 50
  balance_weight: 0.1
  num_reads: 200
================================================================================
[2025-12-02 16:11:37]   Trial 1/3: ✓ cut=24262.52, balance=0.9618, time=0.26s
[2025-12-02 16:11:38]   Trial 2/3: ✓ cut=22633.12, balance=0.9787, time=0.18s
[2025-12-02 16:11:38]   Trial 3/3: ✓ cut=22626.24, balance=0.9832, time=0.17s
[2025-12-02 16:11:38] 
  Running METIS baseline...
[2025-12-02 16:11:38]   METIS baseline: cut=17547.68, balance=0.6854, time=0.05s
[2025-12-02 16:11:38]   METIS weights: min=3423.48, max=4994.68, avg=4205.73, std=479.19
[2025-12-02 16:11:38]   → Quantum vs METIS: cut improvement = -32.06%
[2025-12-02 16:11:38] 
  → Aggregate: cut=23173.96±769.73, balance=0.9746, time=0.20±0.04s

================================================================================
[2025-12-02 16:11:38] [101/28800] Testing configuration:
  k_target: 10
  coarsen_limit: 50
  balance_weight: 0.1
  num_reads: 200
================================================================================
[2025-12-02 16:11:38]   Trial 1/3: ✓ cut=25121.13, balance=0.4920, time=0.18s
[2025-12-02 16:11:38]   Trial 2/3: ✓ cut=24718.55, balance=0.4935, time=0.18s
[2025-12-02 16:11:38]   Trial 3/3: ✓ cut=23915.79, balance=0.4843, time=0.19s
[2025-12-02 16:11:38] 
  Running METIS baseline...
[2025-12-02 16:11:39]   METIS baseline: cut=19241.81, balance=0.7496, time=0.05s
[2025-12-02 16:11:39]   METIS weights: min=2923.86, max=3900.52, avg=3364.59, std=327.57
[2025-12-02 16:11:39]   → Quantum vs METIS: cut improvement = -27.77%
[2025-12-02 16:11:39] 
  → Aggregate: cut=24585.16±501.04, balance=0.4899, time=0.18±0.00s

================================================================================
[2025-12-02 16:11:39] [102/28800] Testing configuration:
  k_target: 12
  coarsen_limit: 50
  balance_weight: 0.1
  num_reads: 200
================================================================================
[2025-12-02 16:11:39]   Trial 1/3: ✓ cut=25826.91, balance=0.4672, time=0.19s
[2025-12-02 16:11:39]   Trial 2/3: ✓ cut=25508.40, balance=0.4831, time=0.19s
[2025-12-02 16:11:39]   Trial 3/3: ✓ cut=27763.94, balance=0.4119, time=0.19s
[2025-12-02 16:11:39] 
  Running METIS baseline...
[2025-12-02 16:11:39]   METIS baseline: cut=22395.73, balance=0.6314, time=0.05s
[2025-12-02 16:11:39]   METIS weights: min=2265.41, max=3588.09, avg=2803.82, std=333.78
[2025-12-02 16:11:39]   → Quantum vs METIS: cut improvement = -17.73%
[2025-12-02 16:11:39] 
  → Aggregate: cut=26366.42±996.72, balance=0.4541, time=0.19±0.00s

================================================================================
[2025-12-02 16:11:39] [103/28800] Testing configuration:
  k_target: 14
  coarsen_limit: 50
  balance_weight: 0.1
  num_reads: 200
================================================================================
[2025-12-02 16:11:39]   Trial 1/3: ✓ cut=27177.24, balance=0.4234, time=0.25s
[2025-12-02 16:11:40]   Trial 2/3: ✓ cut=27072.11, balance=0.4309, time=0.20s
[2025-12-02 16:11:40]   Trial 3/3: ✓ cut=28404.74, balance=0.4599, time=0.20s
[2025-12-02 16:11:40] 
  Running METIS baseline...
[2025-12-02 16:11:40]   METIS baseline: cut=24439.34, balance=0.0000, time=0.05s
[2025-12-02 16:11:40]   METIS weights: min=0.00, max=0.00, avg=0.00, std=0.00
[2025-12-02 16:11:40]   → Quantum vs METIS: cut improvement = -12.73%
[2025-12-02 16:11:40] 
  → Aggregate: cut=27551.36±604.95, balance=0.4380, time=0.22±0.02s

================================================================================
[2025-12-02 16:11:40] [104/28800] Testing configuration:
  k_target: 16
  coarsen_limit: 50
  balance_weight: 0.1
  num_reads: 200
================================================================================
[2025-12-02 16:11:40]   Trial 1/3: ✓ cut=29240.65, balance=0.5742, time=0.21s
[2025-12-02 16:11:40]   Trial 2/3: ✓ cut=29912.55, balance=0.7414, time=0.21s
[2025-12-02 16:11:41]   Trial 3/3: ✓ cut=28630.30, balance=0.6782, time=0.21s
[2025-12-02 16:11:41] 
  Running METIS baseline...
[2025-12-02 16:11:41]   METIS baseline: cut=25993.28, balance=0.0000, time=0.05s
[2025-12-02 16:11:41]   METIS weights: min=0.00, max=0.00, avg=0.00, std=0.00
[2025-12-02 16:11:41]   → Quantum vs METIS: cut improvement = -12.57%
[2025-12-02 16:11:41] 
  → Aggregate: cut=29261.17±523.68, balance=0.6646, time=0.21±0.00s

================================================================================
[2025-12-02 16:11:41] [105/28800] Testing configuration:
  k_target: 18
  coarsen_limit: 50
  balance_weight: 0.1
  num_reads: 200
================================================================================
[2025-12-02 16:11:41]   Trial 1/3: ✓ cut=30610.23, balance=0.2694, time=0.21s
[2025-12-02 16:11:41]   Trial 2/3: ✓ cut=29874.27, balance=0.2847, time=0.21s
[2025-12-02 16:11:41]   Trial 3/3: ✓ cut=30656.37, balance=0.2445, time=0.30s
[2025-12-02 16:11:41] 
  Running METIS baseline...
[2025-12-02 16:11:41]   METIS baseline: cut=27224.34, balance=0.0000, time=0.05s
[2025-12-02 16:11:41]   METIS weights: min=0.00, max=0.00, avg=0.00, std=0.00
[2025-12-02 16:11:41]   → Quantum vs METIS: cut improvement = -11.59%
[2025-12-02 16:11:41] 
  → Aggregate: cut=30380.29±358.31, balance=0.2662, time=0.24±0.04s

================================================================================
[2025-12-02 16:11:41] [106/28800] Testing configuration:
  k_target: 20
  coarsen_limit: 50
  balance_weight: 0.1
  num_reads: 200
================================================================================
[2025-12-02 16:11:42]   Trial 1/3: ✓ cut=30804.03, balance=0.4046, time=0.22s
[2025-12-02 16:11:42]   Trial 2/3: ✓ cut=30416.80, balance=0.2269, time=0.23s
[2025-12-02 16:11:42]   Trial 3/3: ✓ cut=30921.30, balance=0.3513, time=0.22s
[2025-12-02 16:11:42] 
  Running METIS baseline...
[2025-12-02 16:11:42]   METIS baseline: cut=26455.85, balance=0.0000, time=0.05s
[2025-12-02 16:11:42]   METIS weights: min=0.00, max=0.00, avg=0.00, std=0.00
[2025-12-02 16:11:42]   → Quantum vs METIS: cut improvement = -16.10%
[2025-12-02 16:11:42] 
  → Aggregate: cut=30714.04±215.56, balance=0.3276, time=0.22±0.00s

================================================================================
[2025-12-02 16:11:42] [107/28800] Testing configuration:
  k_target: 22
  coarsen_limit: 50
  balance_weight: 0.1
  num_reads: 200
================================================================================
[2025-12-02 16:11:42]   Trial 1/3: ✓ cut=31249.67, balance=0.3070, time=0.23s
[2025-12-02 16:11:43]   Trial 2/3: ✓ cut=31143.06, balance=0.2415, time=0.24s
[2025-12-02 16:11:43]   Trial 3/3: ✓ cut=31119.80, balance=0.2282, time=0.22s
[2025-12-02 16:11:43] 
  Running METIS baseline...
[2025-12-02 16:11:43]   METIS baseline: cut=25924.35, balance=0.0000, time=0.05s
[2025-12-02 16:11:43]   METIS weights: min=0.00, max=0.00, avg=0.00, std=0.00
[2025-12-02 16:11:43]   → Quantum vs METIS: cut improvement = -20.24%
[2025-12-02 16:11:43] 
  → Aggregate: cut=31170.84±56.54, balance=0.2589, time=0.23±0.01s

================================================================================
[2025-12-02 16:11:43] [108/28800] Testing configuration:
  k_target: 24
  coarsen_limit: 50
  balance_weight: 0.1
  num_reads: 200
================================================================================
[2025-12-02 16:11:43]   Trial 1/3: ✓ cut=32113.09, balance=0.2518, time=0.22s
[2025-12-02 16:11:43]   Trial 2/3: ✓ cut=31352.69, balance=0.2551, time=0.23s
[2025-12-02 16:11:44]   Trial 3/3: ✓ cut=31485.31, balance=0.2556, time=0.23s
[2025-12-02 16:11:44] 
  Running METIS baseline...
[2025-12-02 16:11:44]   METIS baseline: cut=25311.39, balance=0.0000, time=0.05s
[2025-12-02 16:11:44]   METIS weights: min=0.00, max=0.00, avg=0.00, std=0.00
[2025-12-02 16:11:44]   → Quantum vs METIS: cut improvement = -25.04%
[2025-12-02 16:11:44] 
  → Aggregate: cut=31650.36±331.65, balance=0.2542, time=0.23±0.00s

================================================================================
[2025-12-02 16:11:44] [109/28800] Testing configuration:
  k_target: 26
  coarsen_limit: 50
  balance_weight: 0.1
  num_reads: 200
================================================================================
[2025-12-02 16:11:44]   Trial 1/3: ✓ cut=31555.72, balance=0.2603, time=0.24s
[2025-12-02 16:11:44]   Trial 2/3: ✓ cut=32487.12, balance=0.2371, time=0.23s
[2025-12-02 16:11:44]   Trial 3/3: ✓ cut=31608.57, balance=0.2338, time=0.23s
[2025-12-02 16:11:44] 
  Running METIS baseline...
[2025-12-02 16:11:44]   METIS baseline: cut=21512.23, balance=0.0000, time=0.05s
[2025-12-02 16:11:44]   METIS weights: min=0.00, max=0.00, avg=0.00, std=0.00
[2025-12-02 16:11:44]   → Quantum vs METIS: cut improvement = -48.21%
[2025-12-02 16:11:44] 
  → Aggregate: cut=31883.80±427.15, balance=0.2437, time=0.24±0.00s

================================================================================
[2025-12-02 16:11:44] [110/28800] Testing configuration:
  k_target: 28
  coarsen_limit: 50
  balance_weight: 0.1
  num_reads: 200
================================================================================
[2025-12-02 16:11:45]   Trial 1/3: ✓ cut=31972.36, balance=0.3422, time=0.25s
[2025-12-02 16:11:45]   Trial 2/3: ✓ cut=32275.49, balance=0.2442, time=0.25s
[2025-12-02 16:11:45]   Trial 3/3: ✓ cut=31538.45, balance=0.2476, time=0.32s
[2025-12-02 16:11:45] 
  Running METIS baseline...
[2025-12-02 16:11:45]   METIS baseline: cut=21850.98, balance=0.0000, time=0.05s
[2025-12-02 16:11:45]   METIS weights: min=0.00, max=0.00, avg=0.00, std=0.00
[2025-12-02 16:11:45]   → Quantum vs METIS: cut improvement = -46.12%
[2025-12-02 16:11:45] 
  → Aggregate: cut=31928.77±302.47, balance=0.2780, time=0.28±0.03s

================================================================================
[2025-12-02 16:11:45] [111/28800] Testing configuration:
  k_target: 30
  coarsen_limit: 50
  balance_weight: 0.1
  num_reads: 200
================================================================================
[2025-12-02 16:11:46]   Trial 1/3: ✓ cut=32326.86, balance=0.2768, time=0.25s
[2025-12-02 16:11:46]   Trial 2/3: ✓ cut=32900.87, balance=0.2677, time=0.25s
[2025-12-02 16:11:46]   Trial 3/3: ✓ cut=32913.23, balance=0.2426, time=0.25s
[2025-12-02 16:11:46] 
  Running METIS baseline...
[2025-12-02 16:11:46]   METIS baseline: cut=19696.47, balance=0.0000, time=0.05s
[2025-12-02 16:11:46]   METIS weights: min=0.00, max=0.00, avg=0.00, std=0.00
[2025-12-02 16:11:46]   → Quantum vs METIS: cut improvement = -66.09%
[2025-12-02 16:11:46] 
  → Aggregate: cut=32713.65±273.55, balance=0.2624, time=0.25±0.00s

================================================================================
[2025-12-02 16:11:46] [112/28800] Testing configuration:
  k_target: 32
  coarsen_limit: 50
  balance_weight: 0.1
  num_reads: 200
================================================================================
[2025-12-02 16:11:46]   Trial 1/3: ✓ cut=33010.33, balance=0.0000, time=0.26s
[2025-12-02 16:11:47]   Trial 2/3: ✓ cut=33010.33, balance=0.0000, time=0.26s
[2025-12-02 16:11:47]   Trial 3/3: ✓ cut=32767.42, balance=0.2185, time=0.26s
[2025-12-02 16:11:47] 
  Running METIS baseline...
[2025-12-02 16:11:47]   METIS baseline: cut=15531.69, balance=0.0000, time=0.05s
[2025-12-02 16:11:47]   METIS weights: min=0.00, max=0.00, avg=0.00, std=0.00
[2025-12-02 16:11:47]   → Quantum vs METIS: cut improvement = -112.01%
[2025-12-02 16:11:47] 
  → Aggregate: cut=32929.36±114.51, balance=0.0728, time=0.26±0.00s

================================================================================
[2025-12-02 16:11:47] [113/28800] Testing configuration:
  k_target: 34
  coarsen_limit: 50
  balance_weight: 0.1
  num_reads: 200
================================================================================
[2025-12-02 16:11:47]   Trial 1/3: ✓ cut=32961.49, balance=0.0000, time=0.25s
[2025-12-02 16:11:48]   Trial 2/3: ✓ cut=32767.42, balance=0.0000, time=0.25s
[2025-12-02 16:11:48]   Trial 3/3: ✓ cut=32739.99, balance=0.0000, time=0.26s
[2025-12-02 16:11:48] 
  Running METIS baseline...
[2025-12-02 16:11:48]   METIS baseline: cut=15076.39, balance=0.0000, time=0.05s
[2025-12-02 16:11:48]   METIS weights: min=0.00, max=0.00, avg=0.00, std=0.00
[2025-12-02 16:11:48]   → Quantum vs METIS: cut improvement = -117.71%
[2025-12-02 16:11:48] 
  → Aggregate: cut=32822.96±98.59, balance=0.0000, time=0.25±0.00s

================================================================================
[2025-12-02 16:11:48] [114/28800] Testing configuration:
  k_target: 36
  coarsen_limit: 50
  balance_weight: 0.1
  num_reads: 200
================================================================================
[2025-12-02 16:11:48]   Trial 1/3: ✓ cut=33010.33, balance=0.0000, time=0.26s
[2025-12-02 16:11:48]   Trial 2/3: ✓ cut=33010.33, balance=0.0000, time=0.28s
[2025-12-02 16:11:49]   Trial 3/3: ✓ cut=32969.11, balance=0.0000, time=0.27s
[2025-12-02 16:11:49] 
  Running METIS baseline...
[2025-12-02 16:11:49]   METIS baseline: cut=17141.12, balance=0.0000, time=0.05s
[2025-12-02 16:11:49]   METIS weights: min=0.00, max=0.00, avg=0.00, std=0.00
[2025-12-02 16:11:49]   → Quantum vs METIS: cut improvement = -92.50%
[2025-12-02 16:11:49] 
  → Aggregate: cut=32996.59±19.43, balance=0.0000, time=0.27±0.01s

================================================================================
[2025-12-02 16:11:49] [115/28800] Testing configuration:
  k_target: 38
  coarsen_limit: 50
  balance_weight: 0.1
  num_reads: 200
================================================================================
[2025-12-02 16:11:49]   Trial 1/3: ✓ cut=32663.76, balance=0.0000, time=0.27s
[2025-12-02 16:11:49]   Trial 2/3: ✓ cut=33010.33, balance=0.0000, time=0.27s
[2025-12-02 16:11:50]   Trial 3/3: ✓ cut=32969.11, balance=0.0000, time=0.35s
[2025-12-02 16:11:50] 
  Running METIS baseline...
[2025-12-02 16:11:50]   METIS baseline: cut=17141.12, balance=0.0000, time=0.05s
[2025-12-02 16:11:50]   METIS weights: min=0.00, max=0.00, avg=0.00, std=0.00
[2025-12-02 16:11:50]   → Quantum vs METIS: cut improvement = -91.83%
[2025-12-02 16:11:50] 
  → Aggregate: cut=32881.07±154.58, balance=0.0000, time=0.30±0.04s

================================================================================
[2025-12-02 16:11:50] [116/28800] Testing configuration:
  k_target: 40
  coarsen_limit: 50
  balance_weight: 0.1
  num_reads: 200
================================================================================
[2025-12-02 16:11:50]   Trial 1/3: ✓ cut=32944.78, balance=0.0000, time=0.27s
[2025-12-02 16:11:50]   Trial 2/3: ✓ cut=32972.21, balance=0.0000, time=0.26s
[2025-12-02 16:11:51]   Trial 3/3: ✓ cut=32985.99, balance=0.0000, time=0.26s
[2025-12-02 16:11:51] 
  Running METIS baseline...
[2025-12-02 16:11:51]   METIS baseline: cut=6733.38, balance=0.0000, time=0.05s
[2025-12-02 16:11:51]   METIS weights: min=0.00, max=0.00, avg=0.00, std=0.00
[2025-12-02 16:11:51]   → Quantum vs METIS: cut improvement = -389.62%
[2025-12-02 16:11:51] 
  → Aggregate: cut=32967.66±17.13, balance=0.0000, time=0.26±0.00s

================================================================================
[2025-12-02 16:11:51] [117/28800] Testing configuration:
  k_target: 42
  coarsen_limit: 50
  balance_weight: 0.1
  num_reads: 200
================================================================================
[2025-12-02 16:11:51]   Trial 1/3: ✓ cut=32917.57, balance=0.0000, time=0.26s
[2025-12-02 16:11:51]   Trial 2/3: ✓ cut=33010.33, balance=0.0000, time=0.26s
[2025-12-02 16:11:51]   Trial 3/3: ✓ cut=32619.48, balance=0.0000, time=0.27s
[2025-12-02 16:11:51] 
  Running METIS baseline...
[2025-12-02 16:11:51]   METIS baseline: cut=6733.38, balance=0.0000, time=0.05s
[2025-12-02 16:11:51]   METIS weights: min=0.00, max=0.00, avg=0.00, std=0.00
[2025-12-02 16:11:51]   → Quantum vs METIS: cut improvement = -387.86%
[2025-12-02 16:11:51] 
  → Aggregate: cut=32849.12±166.74, balance=0.0000, time=0.26±0.00s

================================================================================
[2025-12-02 16:11:51] [118/28800] Testing configuration:
  k_target: 44
  coarsen_limit: 50
  balance_weight: 0.1
  num_reads: 200
================================================================================
[2025-12-02 16:11:52]   Trial 1/3: ✓ cut=32251.27, balance=0.0000, time=0.28s
[2025-12-02 16:11:52]   Trial 2/3: ✓ cut=32724.04, balance=0.0000, time=0.27s
[2025-12-02 16:11:52]   Trial 3/3: ✓ cut=32643.81, balance=0.0000, time=0.28s
[2025-12-02 16:11:52] 
  Running METIS baseline...
[2025-12-02 16:11:52]   METIS baseline: cut=6733.38, balance=0.0000, time=0.05s
[2025-12-02 16:11:52]   METIS weights: min=0.00, max=0.00, avg=0.00, std=0.00
[2025-12-02 16:11:52]   → Quantum vs METIS: cut improvement = -383.26%
[2025-12-02 16:11:52] 
  → Aggregate: cut=32539.71±206.57, balance=0.0000, time=0.27±0.00s

================================================================================
[2025-12-02 16:11:52] [119/28800] Testing configuration:
  k_target: 46
  coarsen_limit: 50
  balance_weight: 0.1
  num_reads: 200
================================================================================
[2025-12-02 16:11:53]   Trial 1/3: ✓ cut=32740.14, balance=0.0000, time=0.28s
[2025-12-02 16:11:53]   Trial 2/3: ✓ cut=32514.39, balance=0.0000, time=0.29s
[2025-12-02 16:11:53]   Trial 3/3: ✓ cut=32718.87, balance=0.0000, time=0.28s
[2025-12-02 16:11:53] 
  Running METIS baseline...
[2025-12-02 16:11:53]   METIS baseline: cut=6733.38, balance=0.0000, time=0.05s
[2025-12-02 16:11:53]   METIS weights: min=0.00, max=0.00, avg=0.00, std=0.00
[2025-12-02 16:11:53]   → Quantum vs METIS: cut improvement = -385.01%
[2025-12-02 16:11:53] 
  → Aggregate: cut=32657.80±101.78, balance=0.0000, time=0.28±0.00s

================================================================================
[2025-12-02 16:11:53] [120/28800] Testing configuration:
  k_target: 48
  coarsen_limit: 50
  balance_weight: 0.1
  num_reads: 200
================================================================================
[2025-12-02 16:11:54]   Trial 1/3: ✓ cut=32622.55, balance=0.0000, time=0.27s
[2025-12-02 16:11:54]   Trial 2/3: ✓ cut=32985.69, balance=0.0000, time=0.40s
[2025-12-02 16:11:54]   Trial 3/3: ✓ cut=33010.33, balance=0.0000, time=0.29s
[2025-12-02 16:11:54] 
  Running METIS baseline...
[2025-12-02 16:11:54]   METIS baseline: cut=6733.38, balance=0.0000, time=0.05s
[2025-12-02 16:11:54]   METIS weights: min=0.00, max=0.00, avg=0.00, std=0.00
[2025-12-02 16:11:54]   → Quantum vs METIS: cut improvement = -388.21%
[2025-12-02 16:11:54] 
  → Aggregate: cut=32872.86±177.28, balance=0.0000, time=0.32±0.06s

================================================================================
[2025-12-02 16:11:54] [121/28800] Testing configuration:
  k_target: 50
  coarsen_limit: 50
  balance_weight: 0.1
  num_reads: 200
================================================================================
[2025-12-02 16:11:55]   Trial 1/3: ✓ cut=32949.05, balance=0.0000, time=0.30s
[2025-12-02 16:11:55]   Trial 2/3: ✓ cut=33010.33, balance=0.0000, time=0.31s
[2025-12-02 16:11:55]   Trial 3/3: ✓ cut=32917.57, balance=0.0000, time=0.29s
[2025-12-02 16:11:55] 
  Running METIS baseline...
[2025-12-02 16:11:55]   METIS baseline: cut=6733.38, balance=0.0000, time=0.05s
[2025-12-02 16:11:55]   METIS weights: min=0.00, max=0.00, avg=0.00, std=0.00
[2025-12-02 16:11:55]   → Quantum vs METIS: cut improvement = -389.49%
[2025-12-02 16:11:55] 
  → Aggregate: cut=32958.98±38.51, balance=0.0000, time=0.30±0.01s

================================================================================
[2025-12-02 16:11:55] [122/28800] Testing configuration:
  k_target: 52
  coarsen_limit: 50
  balance_weight: 0.1
  num_reads: 200
================================================================================
[2025-12-02 16:11:56]   Trial 1/3: ✓ cut=32949.71, balance=0.0000, time=0.28s
[2025-12-02 16:11:56]   Trial 2/3: ✓ cut=32855.12, balance=0.0000, time=0.29s
[2025-12-02 16:11:56]   Trial 3/3: ✓ cut=32969.11, balance=0.0000, time=0.29s
[2025-12-02 16:11:56] 
  Running METIS baseline...
[2025-12-02 16:11:56]   METIS baseline: cut=0.00, balance=0.0000, time=0.05s
[2025-12-02 16:11:56]   METIS weights: min=0.00, max=0.00, avg=0.00, std=0.00
[2025-12-02 16:11:56]   → Quantum vs METIS: cut improvement = +0.00%
[2025-12-02 16:11:56] 
  → Aggregate: cut=32924.65±49.80, balance=0.0000, time=0.29±0.01s

================================================================================
[2025-12-02 16:11:56] [123/28800] Testing configuration:
  k_target: 54
  coarsen_limit: 50
  balance_weight: 0.1
  num_reads: 200
================================================================================
[2025-12-02 16:11:57]   Trial 1/3: ✓ cut=32622.55, balance=0.0000, time=0.28s
[2025-12-02 16:11:57]   Trial 2/3: ✓ cut=32571.00, balance=0.0000, time=0.28s
[2025-12-02 16:11:57]   Trial 3/3: ✓ cut=32808.63, balance=0.0000, time=0.30s
[2025-12-02 16:11:57] 
  Running METIS baseline...
[2025-12-02 16:11:57]   METIS baseline: cut=0.00, balance=0.0000, time=0.05s
[2025-12-02 16:11:57]   METIS weights: min=0.00, max=0.00, avg=0.00, std=0.00
[2025-12-02 16:11:57]   → Quantum vs METIS: cut improvement = +0.00%
[2025-12-02 16:11:57] 
  → Aggregate: cut=32667.39±102.06, balance=0.0000, time=0.29±0.01s

================================================================================
[2025-12-02 16:11:57] [124/28800] Testing configuration:
  k_target: 56
  coarsen_limit: 50
  balance_weight: 0.1
  num_reads: 200
================================================================================
[2025-12-02 16:11:58]   Trial 1/3: ✓ cut=32917.57, balance=0.0000, time=0.30s
[2025-12-02 16:11:58]   Trial 2/3: ✓ cut=32985.99, balance=0.0000, time=0.30s
[2025-12-02 16:11:58]   Trial 3/3: ✓ cut=33010.33, balance=0.0000, time=0.30s
[2025-12-02 16:11:58] 
  Running METIS baseline...
[2025-12-02 16:11:58]   METIS baseline: cut=0.00, balance=0.0000, time=0.05s
[2025-12-02 16:11:58]   METIS weights: min=0.00, max=0.00, avg=0.00, std=0.00
[2025-12-02 16:11:58]   → Quantum vs METIS: cut improvement = +0.00%
[2025-12-02 16:11:58] 
  → Aggregate: cut=32971.30±39.27, balance=0.0000, time=0.30±0.00s

================================================================================
[2025-12-02 16:11:58] [125/28800] Testing configuration:
  k_target: 58
  coarsen_limit: 50
  balance_weight: 0.1
  num_reads: 200
================================================================================
[2025-12-02 16:11:59]   Trial 1/3: ✓ cut=32772.35, balance=0.0000, time=0.40s
[2025-12-02 16:11:59]   Trial 2/3: ✓ cut=32985.69, balance=0.0000, time=0.31s
[2025-12-02 16:11:59]   Trial 3/3: ✓ cut=32344.88, balance=0.0000, time=0.29s
[2025-12-02 16:11:59] 
  Running METIS baseline...
[2025-12-02 16:11:59]   METIS baseline: cut=0.00, balance=0.0000, time=0.05s
[2025-12-02 16:11:59]   METIS weights: min=0.00, max=0.00, avg=0.00, std=0.00
[2025-12-02 16:11:59]   → Quantum vs METIS: cut improvement = +0.00%
[2025-12-02 16:11:59] 
  → Aggregate: cut=32700.97±266.43, balance=0.0000, time=0.34±0.05s

================================================================================
[2025-12-02 16:11:59] [126/28800] Testing configuration:
  k_target: 60
  coarsen_limit: 50
  balance_weight: 0.1
  num_reads: 200
================================================================================
[2025-12-02 16:12:00]   Trial 1/3: ✓ cut=33010.33, balance=0.0000, time=0.30s
[2025-12-02 16:12:00]   Trial 2/3: ✓ cut=32969.11, balance=0.0000, time=0.30s
[2025-12-02 16:12:00]   Trial 3/3: ✓ cut=32735.75, balance=0.0000, time=0.30s
[2025-12-02 16:12:00] 
  Running METIS baseline...
[2025-12-02 16:12:00]   METIS baseline: cut=0.00, balance=0.0000, time=0.05s
[2025-12-02 16:12:00]   METIS weights: min=0.00, max=0.00, avg=0.00, std=0.00
[2025-12-02 16:12:00]   → Quantum vs METIS: cut improvement = +0.00%
[2025-12-02 16:12:00] 
  → Aggregate: cut=32905.06±120.90, balance=0.0000, time=0.30±0.00s

================================================================================
[2025-12-02 16:12:00] [127/28800] Testing configuration:
  k_target: 62
  coarsen_limit: 50
  balance_weight: 0.1
  num_reads: 200
================================================================================
[2025-12-02 16:12:01]   Trial 1/3: ✓ cut=32369.56, balance=0.0000, time=0.32s
[2025-12-02 16:12:01]   Trial 2/3: ✓ cut=33010.33, balance=0.0000, time=0.33s
[2025-12-02 16:12:01]   Trial 3/3: ✓ cut=32598.21, balance=0.0000, time=0.31s
[2025-12-02 16:12:01] 
  Running METIS baseline...
[2025-12-02 16:12:01]   METIS baseline: cut=0.00, balance=0.0000, time=0.05s
[2025-12-02 16:12:01]   METIS weights: min=0.00, max=0.00, avg=0.00, std=0.00
[2025-12-02 16:12:01]   → Quantum vs METIS: cut improvement = +0.00%
[2025-12-02 16:12:01] 
  → Aggregate: cut=32659.37±265.14, balance=0.0000, time=0.32±0.01s

================================================================================
[2025-12-02 16:12:01] [128/28800] Testing configuration:
  k_target: 64
  coarsen_limit: 50
  balance_weight: 0.1
  num_reads: 200
================================================================================
[2025-12-02 16:12:02]   Trial 1/3: ✓ cut=32917.57, balance=0.0000, time=0.33s
[2025-12-02 16:12:02]   Trial 2/3: ✓ cut=33010.33, balance=0.0000, time=0.34s
[2025-12-02 16:12:02]   Trial 3/3: ✓ cut=32969.11, balance=0.0000, time=0.34s
[2025-12-02 16:12:02] 
  Running METIS baseline...
[2025-12-02 16:12:02]   METIS baseline: cut=0.00, balance=0.0000, time=0.05s
[2025-12-02 16:12:02]   METIS weights: min=0.00, max=0.00, avg=0.00, std=0.00
[2025-12-02 16:12:02]   → Quantum vs METIS: cut improvement = +0.00%
[2025-12-02 16:12:02] 
  → Aggregate: cut=32965.67±37.95, balance=0.0000, time=0.33±0.00s

================================================================================
[2025-12-02 16:12:02] [129/28800] Testing configuration:
  k_target: 2
  coarsen_limit: 50
  balance_weight: 0.1
  num_reads: 250
================================================================================
[2025-12-02 16:12:03]   Trial 1/3: ✓ cut=11253.18, balance=0.9969, time=0.12s
[2025-12-02 16:12:03]   Trial 2/3: ✓ cut=10739.83, balance=0.9943, time=0.12s
[2025-12-02 16:12:03]   Trial 3/3: ✓ cut=11515.58, balance=0.9979, time=0.12s
[2025-12-02 16:12:03] 
  Running METIS baseline...
[2025-12-02 16:12:03]   METIS baseline: cut=5515.36, balance=0.9572, time=0.13s
[2025-12-02 16:12:03]   METIS weights: min=16455.16, max=17190.71, avg=16822.93, std=367.77
[2025-12-02 16:12:03]   → Quantum vs METIS: cut improvement = -102.52%
[2025-12-02 16:12:03] 
  → Aggregate: cut=11169.53±322.18, balance=0.9964, time=0.12±0.00s

================================================================================
[2025-12-02 16:12:03] [130/28800] Testing configuration:
  k_target: 4
  coarsen_limit: 50
  balance_weight: 0.1
  num_reads: 250
================================================================================
[2025-12-02 16:12:03]   Trial 1/3: ✓ cut=17301.35, balance=0.9821, time=0.17s
[2025-12-02 16:12:03]   Trial 2/3: ✓ cut=17680.10, balance=0.9927, time=0.18s
[2025-12-02 16:12:04]   Trial 3/3: ✓ cut=16529.19, balance=0.9865, time=0.18s
[2025-12-02 16:12:04] 
  Running METIS baseline...
[2025-12-02 16:12:04]   METIS baseline: cut=10474.31, balance=0.8900, time=0.05s
[2025-12-02 16:12:04]   METIS weights: min=8037.00, max=9030.07, avg=8411.47, std=382.71
[2025-12-02 16:12:04]   → Quantum vs METIS: cut improvement = -63.93%
[2025-12-02 16:12:04] 
  → Aggregate: cut=17170.21±478.92, balance=0.9871, time=0.17±0.01s

================================================================================
[2025-12-02 16:12:04] [131/28800] Testing configuration:
  k_target: 6
  coarsen_limit: 50
  balance_weight: 0.1
  num_reads: 250
================================================================================
[2025-12-02 16:12:04]   Trial 1/3: ✓ cut=20970.57, balance=0.4962, time=0.20s
[2025-12-02 16:12:04]   Trial 2/3: ✓ cut=20453.51, balance=0.4855, time=0.20s
[2025-12-02 16:12:04]   Trial 3/3: ✓ cut=20751.18, balance=0.4964, time=0.20s
[2025-12-02 16:12:04] 
  Running METIS baseline...
[2025-12-02 16:12:04]   METIS baseline: cut=14607.35, balance=0.6860, time=0.05s
[2025-12-02 16:12:04]   METIS weights: min=4941.39, max=7202.72, avg=5607.64, std=780.70
[2025-12-02 16:12:04]   → Quantum vs METIS: cut improvement = -41.88%
[2025-12-02 16:12:04] 
  → Aggregate: cut=20725.09±211.89, balance=0.4927, time=0.20±0.00s

================================================================================
[2025-12-02 16:12:04] [132/28800] Testing configuration:
  k_target: 8
  coarsen_limit: 50
  balance_weight: 0.1
  num_reads: 250
================================================================================
[2025-12-02 16:12:04]   Trial 1/3: ✓ cut=23832.50, balance=0.9783, time=0.22s
[2025-12-02 16:12:05]   Trial 2/3: ✓ cut=23293.41, balance=0.9690, time=0.22s
[2025-12-02 16:12:05]   Trial 3/3: ✓ cut=22971.34, balance=0.9624, time=0.23s
[2025-12-02 16:12:05] 
  Running METIS baseline...
[2025-12-02 16:12:05]   METIS baseline: cut=17547.68, balance=0.6854, time=0.05s
[2025-12-02 16:12:05]   METIS weights: min=3423.48, max=4994.68, avg=4205.73, std=479.19
[2025-12-02 16:12:05]   → Quantum vs METIS: cut improvement = -33.16%
[2025-12-02 16:12:05] 
  → Aggregate: cut=23365.75±355.27, balance=0.9699, time=0.22±0.00s

================================================================================
[2025-12-02 16:12:05] [133/28800] Testing configuration:
  k_target: 10
  coarsen_limit: 50
  balance_weight: 0.1
  num_reads: 250
================================================================================
[2025-12-02 16:12:05]   Trial 1/3: ✓ cut=27066.51, balance=0.4711, time=0.23s
[2025-12-02 16:12:05]   Trial 2/3: ✓ cut=26408.68, balance=0.4061, time=0.22s
[2025-12-02 16:12:06]   Trial 3/3: ✓ cut=24877.05, balance=0.4880, time=0.23s
[2025-12-02 16:12:06] 
  Running METIS baseline...
[2025-12-02 16:12:06]   METIS baseline: cut=19241.81, balance=0.7496, time=0.05s
[2025-12-02 16:12:06]   METIS weights: min=2923.86, max=3900.52, avg=3364.59, std=327.57
[2025-12-02 16:12:06]   → Quantum vs METIS: cut improvement = -35.73%
[2025-12-02 16:12:06] 
  → Aggregate: cut=26117.41±917.27, balance=0.4551, time=0.23±0.00s

================================================================================
[2025-12-02 16:12:06] [134/28800] Testing configuration:
  k_target: 12
  coarsen_limit: 50
  balance_weight: 0.1
  num_reads: 250
================================================================================
[2025-12-02 16:12:06]   Trial 1/3: ✓ cut=28010.39, balance=0.4881, time=0.23s
[2025-12-02 16:12:06]   Trial 2/3: ✓ cut=27770.57, balance=0.4223, time=0.22s
[2025-12-02 16:12:06]   Trial 3/3: ✓ cut=26451.24, balance=0.4237, time=0.22s
[2025-12-02 16:12:06] 
  Running METIS baseline...
[2025-12-02 16:12:07]   METIS baseline: cut=22395.73, balance=0.6314, time=0.05s
[2025-12-02 16:12:07]   METIS weights: min=2265.41, max=3588.09, avg=2803.82, std=333.78
[2025-12-02 16:12:07]   → Quantum vs METIS: cut improvement = -22.39%
[2025-12-02 16:12:07] 
  → Aggregate: cut=27410.74±685.49, balance=0.4447, time=0.23±0.00s

================================================================================
[2025-12-02 16:12:07] [135/28800] Testing configuration:
  k_target: 14
  coarsen_limit: 50
  balance_weight: 0.1
  num_reads: 250
================================================================================
[2025-12-02 16:12:07]   Trial 1/3: ✓ cut=28899.74, balance=0.4118, time=0.25s
[2025-12-02 16:12:07]   Trial 2/3: ✓ cut=28204.34, balance=0.4427, time=0.34s
[2025-12-02 16:12:07]   Trial 3/3: ✓ cut=26929.35, balance=0.4115, time=0.25s
[2025-12-02 16:12:07] 
  Running METIS baseline...
[2025-12-02 16:12:07]   METIS baseline: cut=24439.34, balance=0.0000, time=0.05s
[2025-12-02 16:12:07]   METIS weights: min=0.00, max=0.00, avg=0.00, std=0.00
[2025-12-02 16:12:07]   → Quantum vs METIS: cut improvement = -14.61%
[2025-12-02 16:12:07] 
  → Aggregate: cut=28011.14±815.93, balance=0.4220, time=0.28±0.05s

================================================================================
[2025-12-02 16:12:07] [136/28800] Testing configuration:
  k_target: 16
  coarsen_limit: 50
  balance_weight: 0.1
  num_reads: 250
================================================================================
[2025-12-02 16:12:08]   Trial 1/3: ✓ cut=29075.74, balance=0.7013, time=0.26s
[2025-12-02 16:12:08]   Trial 2/3: ✓ cut=30224.67, balance=0.7697, time=0.26s
[2025-12-02 16:12:08]   Trial 3/3: ✓ cut=29597.68, balance=0.5188, time=0.26s
[2025-12-02 16:12:08] 
  Running METIS baseline...
[2025-12-02 16:12:08]   METIS baseline: cut=25993.28, balance=0.0000, time=0.05s
[2025-12-02 16:12:08]   METIS weights: min=0.00, max=0.00, avg=0.00, std=0.00
[2025-12-02 16:12:08]   → Quantum vs METIS: cut improvement = -14.00%
[2025-12-02 16:12:08] 
  → Aggregate: cut=29632.70±469.70, balance=0.6633, time=0.26±0.00s

================================================================================
[2025-12-02 16:12:08] [137/28800] Testing configuration:
  k_target: 18
  coarsen_limit: 50
  balance_weight: 0.1
  num_reads: 250
================================================================================
[2025-12-02 16:12:09]   Trial 1/3: ✓ cut=29992.30, balance=0.2629, time=0.27s
[2025-12-02 16:12:09]   Trial 2/3: ✓ cut=29666.90, balance=0.2964, time=0.28s
[2025-12-02 16:12:09]   Trial 3/3: ✓ cut=31091.95, balance=0.3914, time=0.26s
[2025-12-02 16:12:09] 
  Running METIS baseline...
[2025-12-02 16:12:09]   METIS baseline: cut=27224.34, balance=0.0000, time=0.05s
[2025-12-02 16:12:09]   METIS weights: min=0.00, max=0.00, avg=0.00, std=0.00
[2025-12-02 16:12:09]   → Quantum vs METIS: cut improvement = -11.12%
[2025-12-02 16:12:09] 
  → Aggregate: cut=30250.38±609.72, balance=0.3169, time=0.27±0.01s

================================================================================
[2025-12-02 16:12:09] [138/28800] Testing configuration:
  k_target: 20
  coarsen_limit: 50
  balance_weight: 0.1
  num_reads: 250
================================================================================
[2025-12-02 16:12:09]   Trial 1/3: ✓ cut=30655.79, balance=0.2449, time=0.27s
[2025-12-02 16:12:10]   Trial 2/3: ✓ cut=31131.07, balance=0.3896, time=0.28s
[2025-12-02 16:12:10]   Trial 3/3: ✓ cut=32019.63, balance=0.2293, time=0.27s
[2025-12-02 16:12:10] 
  Running METIS baseline...
[2025-12-02 16:12:10]   METIS baseline: cut=26455.85, balance=0.0000, time=0.05s
[2025-12-02 16:12:10]   METIS weights: min=0.00, max=0.00, avg=0.00, std=0.00
[2025-12-02 16:12:10]   → Quantum vs METIS: cut improvement = -18.19%
[2025-12-02 16:12:10] 
  → Aggregate: cut=31268.83±565.24, balance=0.2880, time=0.28±0.00s

================================================================================
[2025-12-02 16:12:10] [139/28800] Testing configuration:
  k_target: 22
  coarsen_limit: 50
  balance_weight: 0.1
  num_reads: 250
================================================================================
[2025-12-02 16:12:10]   Trial 1/3: ✓ cut=30794.69, balance=0.3119, time=0.26s
[2025-12-02 16:12:11]   Trial 2/3: ✓ cut=30985.53, balance=0.2818, time=0.28s
[2025-12-02 16:12:11]   Trial 3/3: ✓ cut=31175.40, balance=0.2298, time=0.28s
[2025-12-02 16:12:11] 
  Running METIS baseline...
[2025-12-02 16:12:11]   METIS baseline: cut=25924.35, balance=0.0000, time=0.05s
[2025-12-02 16:12:11]   METIS weights: min=0.00, max=0.00, avg=0.00, std=0.00
[2025-12-02 16:12:11]   → Quantum vs METIS: cut improvement = -19.52%
[2025-12-02 16:12:11] 
  → Aggregate: cut=30985.21±155.42, balance=0.2745, time=0.27±0.01s

================================================================================
[2025-12-02 16:12:11] [140/28800] Testing configuration:
  k_target: 24
  coarsen_limit: 50
  balance_weight: 0.1
  num_reads: 250
================================================================================
[2025-12-02 16:12:11]   Trial 1/3: ✓ cut=32725.20, balance=0.3887, time=0.28s
[2025-12-02 16:12:12]   Trial 2/3: ✓ cut=31296.36, balance=0.2334, time=0.28s
[2025-12-02 16:12:12]   Trial 3/3: ✓ cut=32492.64, balance=0.2323, time=0.37s
[2025-12-02 16:12:12] 
  Running METIS baseline...
[2025-12-02 16:12:12]   METIS baseline: cut=25311.39, balance=0.0000, time=0.05s
[2025-12-02 16:12:12]   METIS weights: min=0.00, max=0.00, avg=0.00, std=0.00
[2025-12-02 16:12:12]   → Quantum vs METIS: cut improvement = -27.10%
[2025-12-02 16:12:12] 
  → Aggregate: cut=32171.40±625.99, balance=0.2848, time=0.31±0.04s

================================================================================
[2025-12-02 16:12:12] [141/28800] Testing configuration:
  k_target: 26
  coarsen_limit: 50
  balance_weight: 0.1
  num_reads: 250
================================================================================
[2025-12-02 16:12:12]   Trial 1/3: ✓ cut=31680.97, balance=0.3217, time=0.30s
[2025-12-02 16:12:13]   Trial 2/3: ✓ cut=32333.58, balance=0.2361, time=0.28s
[2025-12-02 16:12:13]   Trial 3/3: ✓ cut=31713.59, balance=0.3008, time=0.27s
[2025-12-02 16:12:13] 
  Running METIS baseline...
[2025-12-02 16:12:13]   METIS baseline: cut=21512.23, balance=0.0000, time=0.05s
[2025-12-02 16:12:13]   METIS weights: min=0.00, max=0.00, avg=0.00, std=0.00
[2025-12-02 16:12:13]   → Quantum vs METIS: cut improvement = -48.33%
[2025-12-02 16:12:13] 
  → Aggregate: cut=31909.38±300.25, balance=0.2862, time=0.28±0.01s

================================================================================
[2025-12-02 16:12:13] [142/28800] Testing configuration:
  k_target: 28
  coarsen_limit: 50
  balance_weight: 0.1
  num_reads: 250
================================================================================
[2025-12-02 16:12:13]   Trial 1/3: ✓ cut=32125.91, balance=0.1902, time=0.29s
[2025-12-02 16:12:14]   Trial 2/3: ✓ cut=32502.02, balance=0.1825, time=0.28s
[2025-12-02 16:12:14]   Trial 3/3: ✓ cut=32739.64, balance=0.2395, time=0.28s
[2025-12-02 16:12:14] 
  Running METIS baseline...
[2025-12-02 16:12:14]   METIS baseline: cut=21850.98, balance=0.0000, time=0.05s
[2025-12-02 16:12:14]   METIS weights: min=0.00, max=0.00, avg=0.00, std=0.00
[2025-12-02 16:12:14]   → Quantum vs METIS: cut improvement = -48.53%
[2025-12-02 16:12:14] 
  → Aggregate: cut=32455.86±252.67, balance=0.2041, time=0.28±0.00s

================================================================================
[2025-12-02 16:12:14] [143/28800] Testing configuration:
  k_target: 30
  coarsen_limit: 50
  balance_weight: 0.1
  num_reads: 250
================================================================================
[2025-12-02 16:12:14]   Trial 1/3: ✓ cut=32973.39, balance=0.2717, time=0.29s
[2025-12-02 16:12:14]   Trial 2/3: ✓ cut=32716.09, balance=0.2573, time=0.29s
[2025-12-02 16:12:15]   Trial 3/3: ✓ cut=32369.30, balance=0.2519, time=0.29s
[2025-12-02 16:12:15] 
  Running METIS baseline...
[2025-12-02 16:12:15]   METIS baseline: cut=19696.47, balance=0.0000, time=0.05s
[2025-12-02 16:12:15]   METIS weights: min=0.00, max=0.00, avg=0.00, std=0.00
[2025-12-02 16:12:15]   → Quantum vs METIS: cut improvement = -65.95%
[2025-12-02 16:12:15] 
  → Aggregate: cut=32686.26±247.52, balance=0.2603, time=0.29±0.00s

================================================================================
[2025-12-02 16:12:15] [144/28800] Testing configuration:
  k_target: 32
  coarsen_limit: 50
  balance_weight: 0.1
  num_reads: 250
================================================================================
[2025-12-02 16:12:15]   Trial 1/3: ✓ cut=32615.08, balance=0.0000, time=0.29s
[2025-12-02 16:12:15]   Trial 2/3: ✓ cut=32598.21, balance=0.0936, time=0.29s
[2025-12-02 16:12:16]   Trial 3/3: ✓ cut=32618.91, balance=0.2855, time=0.28s
[2025-12-02 16:12:16] 
  Running METIS baseline...
[2025-12-02 16:12:16]   METIS baseline: cut=15531.69, balance=0.0000, time=0.05s
[2025-12-02 16:12:16]   METIS weights: min=0.00, max=0.00, avg=0.00, std=0.00
[2025-12-02 16:12:16]   → Quantum vs METIS: cut improvement = -109.96%
[2025-12-02 16:12:16] 
  → Aggregate: cut=32610.73±8.99, balance=0.1264, time=0.29±0.00s

================================================================================
[2025-12-02 16:12:16] [145/28800] Testing configuration:
  k_target: 34
  coarsen_limit: 50
  balance_weight: 0.1
  num_reads: 250
================================================================================
[2025-12-02 16:12:16]   Trial 1/3: ✓ cut=33010.33, balance=0.0000, time=0.29s
[2025-12-02 16:12:16]   Trial 2/3: ✓ cut=32808.63, balance=0.0000, time=0.29s
[2025-12-02 16:12:17]   Trial 3/3: ✓ cut=32906.67, balance=0.0000, time=0.37s
[2025-12-02 16:12:17] 
  Running METIS baseline...
[2025-12-02 16:12:17]   METIS baseline: cut=15076.39, balance=0.0000, time=0.05s
[2025-12-02 16:12:17]   METIS weights: min=0.00, max=0.00, avg=0.00, std=0.00
[2025-12-02 16:12:17]   → Quantum vs METIS: cut improvement = -118.28%
[2025-12-02 16:12:17] 
  → Aggregate: cut=32908.54±82.35, balance=0.0000, time=0.32±0.04s

================================================================================
[2025-12-02 16:12:17] [146/28800] Testing configuration:
  k_target: 36
  coarsen_limit: 50
  balance_weight: 0.1
  num_reads: 250
================================================================================
[2025-12-02 16:12:17]   Trial 1/3: ✓ cut=32627.48, balance=0.0000, time=0.30s
[2025-12-02 16:12:17]   Trial 2/3: ✓ cut=32571.00, balance=0.0000, time=0.30s
[2025-12-02 16:12:18]   Trial 3/3: ✓ cut=32881.29, balance=0.0000, time=0.31s
[2025-12-02 16:12:18] 
  Running METIS baseline...
[2025-12-02 16:12:18]   METIS baseline: cut=17141.12, balance=0.0000, time=0.05s
[2025-12-02 16:12:18]   METIS weights: min=0.00, max=0.00, avg=0.00, std=0.00
[2025-12-02 16:12:18]   → Quantum vs METIS: cut improvement = -90.73%
[2025-12-02 16:12:18] 
  → Aggregate: cut=32693.25±134.94, balance=0.0000, time=0.30±0.01s

================================================================================
[2025-12-02 16:12:18] [147/28800] Testing configuration:
  k_target: 38
  coarsen_limit: 50
  balance_weight: 0.1
  num_reads: 250
================================================================================
[2025-12-02 16:12:18]   Trial 1/3: ✓ cut=32883.99, balance=0.0000, time=0.31s
[2025-12-02 16:12:18]   Trial 2/3: ✓ cut=32788.49, balance=0.0000, time=0.31s
[2025-12-02 16:12:19]   Trial 3/3: ✓ cut=32639.42, balance=0.0000, time=0.29s
[2025-12-02 16:12:19] 
  Running METIS baseline...
[2025-12-02 16:12:19]   METIS baseline: cut=17141.12, balance=0.0000, time=0.05s
[2025-12-02 16:12:19]   METIS weights: min=0.00, max=0.00, avg=0.00, std=0.00
[2025-12-02 16:12:19]   → Quantum vs METIS: cut improvement = -91.18%
[2025-12-02 16:12:19] 
  → Aggregate: cut=32770.64±100.64, balance=0.0000, time=0.30±0.01s

================================================================================
[2025-12-02 16:12:19] [148/28800] Testing configuration:
  k_target: 40
  coarsen_limit: 50
  balance_weight: 0.1
  num_reads: 250
================================================================================
[2025-12-02 16:12:19]   Trial 1/3: ✓ cut=32944.78, balance=0.0000, time=0.31s
[2025-12-02 16:12:19]   Trial 2/3: ✓ cut=32969.11, balance=0.0000, time=0.31s
[2025-12-02 16:12:20]   Trial 3/3: ✓ cut=32638.59, balance=0.0000, time=0.30s
[2025-12-02 16:12:20] 
  Running METIS baseline...
[2025-12-02 16:12:20]   METIS baseline: cut=6733.38, balance=0.0000, time=0.05s
[2025-12-02 16:12:20]   METIS weights: min=0.00, max=0.00, avg=0.00, std=0.00
[2025-12-02 16:12:20]   → Quantum vs METIS: cut improvement = -387.88%
[2025-12-02 16:12:20] 
  → Aggregate: cut=32850.83±150.40, balance=0.0000, time=0.31±0.00s

================================================================================
[2025-12-02 16:12:20] [149/28800] Testing configuration:
  k_target: 42
  coarsen_limit: 50
  balance_weight: 0.1
  num_reads: 250
================================================================================
[2025-12-02 16:12:20]   Trial 1/3: ✓ cut=32696.14, balance=0.0000, time=0.31s
[2025-12-02 16:12:20]   Trial 2/3: ✓ cut=32328.31, balance=0.0000, time=0.30s
[2025-12-02 16:12:21]   Trial 3/3: ✓ cut=32767.23, balance=0.0000, time=0.32s
[2025-12-02 16:12:21] 
  Running METIS baseline...
[2025-12-02 16:12:21]   METIS baseline: cut=6733.38, balance=0.0000, time=0.05s
[2025-12-02 16:12:21]   METIS weights: min=0.00, max=0.00, avg=0.00, std=0.00
[2025-12-02 16:12:21]   → Quantum vs METIS: cut improvement = -384.11%
[2025-12-02 16:12:21] 
  → Aggregate: cut=32597.22±192.36, balance=0.0000, time=0.31±0.01s

================================================================================
[2025-12-02 16:12:21] [150/28800] Testing configuration:
  k_target: 44
  coarsen_limit: 50
  balance_weight: 0.1
  num_reads: 250
================================================================================
[2025-12-02 16:12:21]   Trial 1/3: ✓ cut=32622.55, balance=0.0000, time=0.30s
[2025-12-02 16:12:22]   Trial 2/3: ✓ cut=32598.21, balance=0.0000, time=0.40s
[2025-12-02 16:12:22]   Trial 3/3: ✓ cut=32944.78, balance=0.0000, time=0.31s
[2025-12-02 16:12:22] 
  Running METIS baseline...
[2025-12-02 16:12:22]   METIS baseline: cut=6733.38, balance=0.0000, time=0.05s
[2025-12-02 16:12:22]   METIS weights: min=0.00, max=0.00, avg=0.00, std=0.00
[2025-12-02 16:12:22]   → Quantum vs METIS: cut improvement = -385.96%
[2025-12-02 16:12:22] 
  → Aggregate: cut=32721.85±157.95, balance=0.0000, time=0.34±0.05s

================================================================================
[2025-12-02 16:12:22] [151/28800] Testing configuration:
  k_target: 46
  coarsen_limit: 50
  balance_weight: 0.1
  num_reads: 250
================================================================================
[2025-12-02 16:12:22]   Trial 1/3: ✓ cut=32759.50, balance=0.0000, time=0.31s
[2025-12-02 16:12:23]   Trial 2/3: ✓ cut=32748.38, balance=0.0000, time=0.32s
[2025-12-02 16:12:23]   Trial 3/3: ✓ cut=32990.38, balance=0.0000, time=0.31s
[2025-12-02 16:12:23] 
  Running METIS baseline...
[2025-12-02 16:12:23]   METIS baseline: cut=6733.38, balance=0.0000, time=0.05s
[2025-12-02 16:12:23]   METIS weights: min=0.00, max=0.00, avg=0.00, std=0.00
[2025-12-02 16:12:23]   → Quantum vs METIS: cut improvement = -387.61%
[2025-12-02 16:12:23] 
  → Aggregate: cut=32832.75±111.55, balance=0.0000, time=0.32±0.00s

================================================================================
[2025-12-02 16:12:23] [152/28800] Testing configuration:
  k_target: 48
  coarsen_limit: 50
  balance_weight: 0.1
  num_reads: 250
================================================================================
[2025-12-02 16:12:23]   Trial 1/3: ✓ cut=32908.50, balance=0.0000, time=0.32s
[2025-12-02 16:12:24]   Trial 2/3: ✓ cut=32748.38, balance=0.0000, time=0.33s
[2025-12-02 16:12:24]   Trial 3/3: ✓ cut=33010.33, balance=0.0000, time=0.32s
[2025-12-02 16:12:24] 
  Running METIS baseline...
[2025-12-02 16:12:24]   METIS baseline: cut=6733.38, balance=0.0000, time=0.05s
[2025-12-02 16:12:24]   METIS weights: min=0.00, max=0.00, avg=0.00, std=0.00
[2025-12-02 16:12:24]   → Quantum vs METIS: cut improvement = -388.45%
[2025-12-02 16:12:24] 
  → Aggregate: cut=32889.07±107.82, balance=0.0000, time=0.32±0.01s

================================================================================
[2025-12-02 16:12:24] [153/28800] Testing configuration:
  k_target: 50
  coarsen_limit: 50
  balance_weight: 0.1
  num_reads: 250
================================================================================
[2025-12-02 16:12:24]   Trial 1/3: ✓ cut=32748.38, balance=0.0000, time=0.34s
[2025-12-02 16:12:25]   Trial 2/3: ✓ cut=33010.33, balance=0.0000, time=0.34s
[2025-12-02 16:12:25]   Trial 3/3: ✓ cut=32643.81, balance=0.0000, time=0.33s
[2025-12-02 16:12:25] 
  Running METIS baseline...
[2025-12-02 16:12:25]   METIS baseline: cut=6733.38, balance=0.0000, time=0.05s
[2025-12-02 16:12:25]   METIS weights: min=0.00, max=0.00, avg=0.00, std=0.00
[2025-12-02 16:12:25]   → Quantum vs METIS: cut improvement = -387.14%
[2025-12-02 16:12:25] 
  → Aggregate: cut=32800.84±154.16, balance=0.0000, time=0.33±0.01s

================================================================================
[2025-12-02 16:12:25] [154/28800] Testing configuration:
  k_target: 52
  coarsen_limit: 50
  balance_weight: 0.1
  num_reads: 250
================================================================================
[2025-12-02 16:12:25]   Trial 1/3: ✓ cut=32622.55, balance=0.0000, time=0.33s
[2025-12-02 16:12:26]   Trial 2/3: ✓ cut=32969.11, balance=0.0000, time=0.33s
[2025-12-02 16:12:26]   Trial 3/3: ✓ cut=32944.78, balance=0.0000, time=0.32s
[2025-12-02 16:12:26] 
  Running METIS baseline...
[2025-12-02 16:12:26]   METIS baseline: cut=0.00, balance=0.0000, time=0.05s
[2025-12-02 16:12:26]   METIS weights: min=0.00, max=0.00, avg=0.00, std=0.00
[2025-12-02 16:12:26]   → Quantum vs METIS: cut improvement = +0.00%
[2025-12-02 16:12:26] 
  → Aggregate: cut=32845.48±157.95, balance=0.0000, time=0.33±0.01s

================================================================================
[2025-12-02 16:12:26] [155/28800] Testing configuration:
  k_target: 54
  coarsen_limit: 50
  balance_weight: 0.1
  num_reads: 250
================================================================================
